Group,Year,Value,Stdev,Scale,Source,Type
AmLobster,1985,0.02203825,0.00492481,1,nefsc_trawl,index
AmLobster,1986,0.03875868,0.01083938,1,nefsc_trawl,index
AmLobster,1987,0.02990846,0.00801175,1,nefsc_trawl,index
AmLobster,1988,0.0419315,0.01044036,1,nefsc_trawl,index
AmLobster,1989,0.06152895,0.02622858,1,nefsc_trawl,index
AmLobster,1990,0.0321875,0.00681717,1,nefsc_trawl,index
AmLobster,1991,0.04660292,0.00995891,1,nefsc_trawl,index
AmLobster,1992,0.0333168,0.00859779,1,nefsc_trawl,index
AmLobster,1993,0.02666171,0.00554817,1,nefsc_trawl,index
AmLobster,1994,0.03698671,0.00813028,1,nefsc_trawl,index
AmLobster,1995,0.03629808,0.00892825,1,nefsc_trawl,index
AmLobster,1996,0.05324519,0.01463291,1,nefsc_trawl,index
AmLobster,1997,0.04423309,0.01010629,1,nefsc_trawl,index
AmLobster,1998,0.03945975,0.01062012,1,nefsc_trawl,index
AmLobster,1999,0.0607898,0.0121037,1,nefsc_trawl,index
AmLobster,2000,0.05652322,0.01345755,1,nefsc_trawl,index
AmLobster,2001,0.06471852,0.01313215,1,nefsc_trawl,index
AmLobster,2002,0.08995068,0.02022502,1,nefsc_trawl,index
AmLobster,2003,0.0328608,0.00660937,1,nefsc_trawl,index
AmLobster,2004,0.06479993,0.01461116,1,nefsc_trawl,index
AmLobster,2005,0.05375,0.01248739,1,nefsc_trawl,index
AmLobster,2006,0.06449846,0.01087954,1,nefsc_trawl,index
AmLobster,2007,0.07167844,0.01604673,1,nefsc_trawl,index
AmLobster,2008,0.09844384,0.02672616,1,nefsc_trawl,index
AmLobster,2009,0.10500863,0.0406283,1,nefsc_trawl,index
AmLobster,2010,0.07551693,0.01566918,1,nefsc_trawl,index
AmLobster,2011,0.13897914,0.03342685,1,nefsc_trawl,index
AmLobster,2012,0.08452053,0.01706697,1,nefsc_trawl,index
AmLobster,2013,0.0869863,0.01689251,1,nefsc_trawl,index
AmLobster,2014,0.10567818,0.02439585,1,nefsc_trawl,index
AmLobster,2015,0.13275288,0.04037034,1,nefsc_trawl,index
AmLobster,2016,0.08600902,0.01826459,1,nefsc_trawl,index
AmLobster,2017,0.18277567,0.07787641,1,nefsc_trawl,index
AmLobster,2018,0.10331666,0.02586966,1,nefsc_trawl,index
AmLobster,2019,0.10851287,0.02550698,1,nefsc_trawl,index
AmLobster,2021,0.09669163,0.02422677,1,nefsc_trawl,index
AmLobster,2022,0.12895486,0.03175405,1,nefsc_trawl,index
AmLobster,2023,0.24992298,0.09225211,1,nefsc_trawl,index
AmLobster,2024,0.23039461,0.066478110000000007,1,nefsc_trawl,index
AmLobster,2025,0.20708658,0.06601265,1,nefsc_trawl,index
AmPlaice,1985,0.00267724,0.00152762,1,nefsc_trawl,index
AmPlaice,1986,9.8828e-4,9.8828e-4,1,nefsc_trawl,index
AmPlaice,1987,0.00209122,0.00116492,1,nefsc_trawl,index
AmPlaice,1988,0.00578213,0.00376905,1,nefsc_trawl,index
AmPlaice,1989,0.00569518,0.00437738,1,nefsc_trawl,index
AmPlaice,1990,0.00536667,0.00346812,1,nefsc_trawl,index
AmPlaice,1991,0.00367421,0.00261073,1,nefsc_trawl,index
AmPlaice,1992,0.00276951,0.00225691,1,nefsc_trawl,index
AmPlaice,1993,0.00305184,0.00241632,1,nefsc_trawl,index
AmPlaice,1994,0.0044535,0.00331874,1,nefsc_trawl,index
AmPlaice,1995,0.01113782,0.00594623,1,nefsc_trawl,index
AmPlaice,1996,0.00512821,0.00353466,1,nefsc_trawl,index
AmPlaice,1997,0.00751057,0.00416208,1,nefsc_trawl,index
AmPlaice,1998,0.01778778,0.01086207,1,nefsc_trawl,index
AmPlaice,1999,0.01072761,0.00917993,1,nefsc_trawl,index
AmPlaice,2000,0.01105704,0.00605969,1,nefsc_trawl,index
AmPlaice,2001,0.00171186,0.00137788,1,nefsc_trawl,index
AmPlaice,2002,0.01185606,0.00701399,1,nefsc_trawl,index
AmPlaice,2003,0.0505599,0.04745894,1,nefsc_trawl,index
AmPlaice,2004,0.00209821,0.00154897,1,nefsc_trawl,index
AmPlaice,2005,0.00239421,0.00169682,1,nefsc_trawl,index
AmPlaice,2006,0.00734375,0.00425795,1,nefsc_trawl,index
AmPlaice,2007,0.00797053,0.00684539,1,nefsc_trawl,index
AmPlaice,2008,0.00855202,0.00566866,1,nefsc_trawl,index
AmPlaice,2009,0.01614205,0.00976781,1,nefsc_trawl,index
AmPlaice,2010,0.00295101,0.00132757,1,nefsc_trawl,index
AmPlaice,2011,0.01065843,0.00958302,1,nefsc_trawl,index
AmPlaice,2012,6.0471e-4,2.7149e-4,1,nefsc_trawl,index
AmPlaice,2013,0.00100105,8.7045e-4,1,nefsc_trawl,index
AmPlaice,2014,4.4456e-4,2.1897e-4,1,nefsc_trawl,index
AmPlaice,2015,0.00244414,0.00232468,1,nefsc_trawl,index
AmPlaice,2016,0.00104193,9.0629e-4,1,nefsc_trawl,index
AmPlaice,2017,1.6828e-4,1.6828e-4,1,nefsc_trawl,index
AmPlaice,2018,7.627e-5,5.916e-5,1,nefsc_trawl,index
AmPlaice,2019,0.00104343,5.8836e-4,1,nefsc_trawl,index
AmPlaice,2021,3.5e-6,3.5e-6,1,nefsc_trawl,index
AmPlaice,2023,1.6802e-4,1.6802e-4,1,nefsc_trawl,index
AmPlaice,2024,9.28e-6,6.58e-6,1,nefsc_trawl,index
AmPlaice,2025,8.36e-6,8.36e-6,1,nefsc_trawl,index
AtlHerring,1985,6.4443e-4,3.5046e-4,1,nefsc_trawl,index
AtlHerring,1986,0.0047309,0.00246625,1,nefsc_trawl,index
AtlHerring,1987,0.02395044,0.01865554,1,nefsc_trawl,index
AtlHerring,1988,0.04210805,0.03174818,1,nefsc_trawl,index
AtlHerring,1989,0.01043962,0.00862709,1,nefsc_trawl,index
AtlHerring,1990,0.0285375,0.02680643,1,nefsc_trawl,index
AtlHerring,1991,0.10907882,0.08855167,1,nefsc_trawl,index
AtlHerring,1992,0.3260582,0.15782083,1,nefsc_trawl,index
AtlHerring,1993,0.12203125,0.09999981,1,nefsc_trawl,index
AtlHerring,1994,0.10141153,0.04691066,1,nefsc_trawl,index
AtlHerring,1995,0.16229968,0.06855838,1,nefsc_trawl,index
AtlHerring,1996,0.20236378,0.12413613,1,nefsc_trawl,index
AtlHerring,1997,0.04498792,0.01761248,1,nefsc_trawl,index
AtlHerring,1998,0.06347105,0.02145465,1,nefsc_trawl,index
AtlHerring,1999,0.00668532,0.00310797,1,nefsc_trawl,index
AtlHerring,2000,0.04273395,0.02540748,1,nefsc_trawl,index
AtlHerring,2001,0.02006472,0.01417299,1,nefsc_trawl,index
AtlHerring,2002,0.13636048,0.12064569,1,nefsc_trawl,index
AtlHerring,2003,0.02182082,0.01327576,1,nefsc_trawl,index
AtlHerring,2004,0.02481812,0.01240267,1,nefsc_trawl,index
AtlHerring,2005,0.03250326,0.0215433,1,nefsc_trawl,index
AtlHerring,2006,0.02711259,0.02042258,1,nefsc_trawl,index
AtlHerring,2007,0.01234304,0.00693145,1,nefsc_trawl,index
AtlHerring,2008,0.01886786,0.01283294,1,nefsc_trawl,index
AtlHerring,2009,0.02291588,0.01249663,1,nefsc_trawl,index
AtlHerring,2010,0.06179338,0.02802181,1,nefsc_trawl,index
AtlHerring,2011,0.11389173,0.09917572,1,nefsc_trawl,index
AtlHerring,2012,0.08809358,0.04880152,1,nefsc_trawl,index
AtlHerring,2013,0.00346198,0.00213372,1,nefsc_trawl,index
AtlHerring,2014,0.00913479,0.00797595,1,nefsc_trawl,index
AtlHerring,2015,0.02050116,0.01354686,1,nefsc_trawl,index
AtlHerring,2016,0.87313948,0.74193561,1,nefsc_trawl,index
AtlHerring,2017,0.01093631,0.01059556,1,nefsc_trawl,index
AtlHerring,2018,0.04339341,0.04328704,1,nefsc_trawl,index
AtlHerring,2019,0.00817911,0.00547706,1,nefsc_trawl,index
AtlHerring,2021,0.00375692,0.00155176,1,nefsc_trawl,index
AtlHerring,2022,7.9038e-4,4.2891e-4,1,nefsc_trawl,index
AtlHerring,2023,0.00518608,0.00406421,1,nefsc_trawl,index
AtlHerring,2024,0.00517083,0.00351127,1,nefsc_trawl,index
AtlHerring,2025,5.0748e-4,2.446e-4,1,nefsc_trawl,index
AtlMackerel,1985,2.3321e-4,2.3321e-4,1,nefsc_trawl,index
AtlMackerel,1986,0.00112847,7.565e-4,1,nefsc_trawl,index
AtlMackerel,1987,3.5511e-4,2.2411e-4,1,nefsc_trawl,index
AtlMackerel,1988,3.9725e-4,1.9722e-4,1,nefsc_trawl,index
AtlMackerel,1989,8.828e-5,8.828e-5,1,nefsc_trawl,index
AtlMackerel,1990,7.2917e-4,2.4499e-4,1,nefsc_trawl,index
AtlMackerel,1991,0.04532027,0.02493374,1,nefsc_trawl,index
AtlMackerel,1992,0.02083333,0.01005538,1,nefsc_trawl,index
AtlMackerel,1993,0.00421627,0.00234708,1,nefsc_trawl,index
AtlMackerel,1994,0.00618961,0.00288091,1,nefsc_trawl,index
AtlMackerel,1995,0.01217949,0.0062166,1,nefsc_trawl,index
AtlMackerel,1996,0.0130609,0.00818277,1,nefsc_trawl,index
AtlMackerel,1997,0.16636473,0.14957662,1,nefsc_trawl,index
AtlMackerel,1998,0.02652719,0.01439079,1,nefsc_trawl,index
AtlMackerel,1999,0.04780784,0.04184138,1,nefsc_trawl,index
AtlMackerel,2000,0.00917862,0.00422575,1,nefsc_trawl,index
AtlMackerel,2001,0.00488779,0.00198464,1,nefsc_trawl,index
AtlMackerel,2002,6.8734e-4,4.9438e-4,1,nefsc_trawl,index
AtlMackerel,2003,0.0747127,0.06899795,1,nefsc_trawl,index
AtlMackerel,2004,0.01357019,0.00961172,1,nefsc_trawl,index
AtlMackerel,2005,1.8717e-4,1.0655e-4,1,nefsc_trawl,index
AtlMackerel,2006,5.305e-5,3.733e-5,1,nefsc_trawl,index
AtlMackerel,2007,0.00757456,0.00478194,1,nefsc_trawl,index
AtlMackerel,2008,0.00459736,0.00253804,1,nefsc_trawl,index
AtlMackerel,2009,0.02732822,0.0179069,1,nefsc_trawl,index
AtlMackerel,2010,0.00118419,0.00103918,1,nefsc_trawl,index
AtlMackerel,2011,0.00533985,0.00326738,1,nefsc_trawl,index
AtlMackerel,2012,0.02507489,0.02183067,1,nefsc_trawl,index
AtlMackerel,2013,6.5922e-4,3.2428e-4,1,nefsc_trawl,index
AtlMackerel,2014,0.07381434,0.06715,1,nefsc_trawl,index
AtlMackerel,2015,0.10831623,0.06982017,1,nefsc_trawl,index
AtlMackerel,2016,0.11119856,0.06790807,1,nefsc_trawl,index
AtlMackerel,2017,0.078147,0.05738514,1,nefsc_trawl,index
AtlMackerel,2018,0.01059381,0.01000211,1,nefsc_trawl,index
AtlMackerel,2019,0.00435685,0.00235636,1,nefsc_trawl,index
AtlMackerel,2021,0.04624705,0.02793897,1,nefsc_trawl,index
AtlMackerel,2022,0.19946677,0.17401586,1,nefsc_trawl,index
AtlMackerel,2023,2.92314408,1.97129948,1,nefsc_trawl,index
AtlMackerel,2024,0.31937743,0.19883136,1,nefsc_trawl,index
AtlMackerel,2025,0.12973259,0.11024545,1,nefsc_trawl,index
AtlScallop,1985,0,0,1,nefsc_scallop,index
AtlScallop,1986,0,0,1,nefsc_scallop,index
AtlScallop,1987,0,0,1,nefsc_scallop,index
AtlScallop,1988,0,0,1,nefsc_scallop,index
AtlScallop,1989,0,0,1,nefsc_scallop,index
AtlScallop,1990,0,0,1,nefsc_scallop,index
AtlScallop,1991,0,0,1,nefsc_scallop,index
AtlScallop,1992,0,0,1,nefsc_scallop,index
AtlScallop,1993,0,0,1,nefsc_scallop,index
AtlScallop,1994,0,0,1,nefsc_scallop,index
AtlScallop,1995,0,0,1,nefsc_scallop,index
AtlScallop,1996,0,0,1,nefsc_scallop,index
AtlScallop,1997,0,0,1,nefsc_scallop,index
AtlScallop,1998,0,0,1,nefsc_scallop,index
AtlScallop,1999,0,0,1,nefsc_scallop,index
AtlScallop,2000,0,0,1,nefsc_scallop,index
AtlScallop,2001,19.45863257,2.8891319,1,nefsc_scallop,index
AtlScallop,2002,16.14123703,2.3394755800000002,1,nefsc_scallop,index
AtlScallop,2003,15.3768416,2.53056738,1,nefsc_scallop,index
AtlScallop,2004,19.70094056,2.46908076,1,nefsc_scallop,index
AtlScallop,2005,18.89642262,2.54148408,1,nefsc_scallop,index
AtlScallop,2006,20.94355931,2.79656169,1,nefsc_scallop,index
AtlScallop,2007,18.13194943,2.57193,1,nefsc_scallop,index
AtlScallop,2008,19.21438944,4.04208446,1,nefsc_scallop,index
AtlScallop,2009,25.45778764,4.12868885,1,nefsc_scallop,index
AtlScallop,2010,36.10421215,4.86368115,1,nefsc_scallop,index
AtlScallop,2011,22.70354353,3.65749678,1,nefsc_scallop,index
AtlScallop,2012,16.85670674,3.31568369,1,nefsc_scallop,index
AtlScallop,2013,9.34737728,1.87361472,1,nefsc_scallop,index
AtlScallop,2014,17.20285898,3.54769859,1,nefsc_scallop,index
AtlScallop,2015,15.17415942,3.19414509,1,nefsc_scallop,index
AtlScallop,2016,17.80144183,4.08935436,1,nefsc_scallop,index
AtlScallop,2017,14.31691459,3.42710328,1,nefsc_scallop,index
AtlScallop,2018,9.37799167,2.35927015,1,nefsc_scallop,index
AtlScallop,2019,11.29607318,2.49622847,1,nefsc_scallop,index
AtlScallop,2021,6.80575874,2.36911847,1,nefsc_scallop,index
AtlScallop,2022,12.05378742,3.60728399,1,nefsc_scallop,index
AtlScallop,2024,12.9079527,3.37062321,1,nefsc_scallop,index
AtlScallop,2025,9.65962152,1.90974093,1,nefsc_scallop,index
Barndoor,1986,0.003125,0.00264707,1,nefsc_trawl,index
Barndoor,1987,3.9457e-4,3.9457e-4,1,nefsc_trawl,index
Barndoor,1988,8.828e-5,8.828e-5,1,nefsc_trawl,index
Barndoor,1989,9.2691e-4,9.2691e-4,1,nefsc_trawl,index
Barndoor,1990,0.00288194,0.00246611,1,nefsc_trawl,index
Barndoor,1993,0.00549769,0.00549769,1,nefsc_trawl,index
Barndoor,1994,0.00101902,7.0762e-4,1,nefsc_trawl,index
Barndoor,1995,0.01061699,0.00545487,1,nefsc_trawl,index
Barndoor,1996,9.2147e-4,6.6204e-4,1,nefsc_trawl,index
Barndoor,1997,0.00350996,0.00256718,1,nefsc_trawl,index
Barndoor,1998,0.00750353,0.00531011,1,nefsc_trawl,index
Barndoor,1999,0.01107743,0.00560854,1,nefsc_trawl,index
Barndoor,2000,0.01814378,0.01019334,1,nefsc_trawl,index
Barndoor,2001,0.04630476,0.0240929,1,nefsc_trawl,index
Barndoor,2002,0.0565992,0.01774614,1,nefsc_trawl,index
Barndoor,2003,0.04054856,0.01638024,1,nefsc_trawl,index
Barndoor,2004,0.08203538,0.02614552,1,nefsc_trawl,index
Barndoor,2005,0.04863281,0.01823093,1,nefsc_trawl,index
Barndoor,2006,0.073116,0.02057696,1,nefsc_trawl,index
Barndoor,2007,0.04517694,0.0146459,1,nefsc_trawl,index
Barndoor,2008,0.07785524,0.02313624,1,nefsc_trawl,index
Barndoor,2009,0.06540815,0.01106673,1,nefsc_trawl,index
Barndoor,2010,0.05960875,0.01053975,1,nefsc_trawl,index
Barndoor,2011,0.06624118,0.01460952,1,nefsc_trawl,index
Barndoor,2012,0.09186783,0.02482742,1,nefsc_trawl,index
Barndoor,2013,0.05604688,0.01716671,1,nefsc_trawl,index
Barndoor,2014,0.06914268,0.04353829,1,nefsc_trawl,index
Barndoor,2015,0.12582947,0.06222896,1,nefsc_trawl,index
Barndoor,2016,0.04092608,0.00794102,1,nefsc_trawl,index
Barndoor,2017,0.07179941,0.01605819,1,nefsc_trawl,index
Barndoor,2018,0.1047938,0.06458574,1,nefsc_trawl,index
Barndoor,2019,0.07380325,0.01879008,1,nefsc_trawl,index
Barndoor,2021,0.06505168,0.02697131,1,nefsc_trawl,index
Barndoor,2022,0.13591495,0.04118,1,nefsc_trawl,index
Barndoor,2023,0.08459191,0.01959339,1,nefsc_trawl,index
Barndoor,2024,0.08953137,0.02267467,1,nefsc_trawl,index
Barndoor,2025,0.13119504,0.07054556,1,nefsc_trawl,index
BlackSeaBass,1985,3.4981e-4,3.4981e-4,1,nefsc_trawl,index
BlackSeaBass,1986,4.34e-5,4.34e-5,1,nefsc_trawl,index
BlackSeaBass,1987,7.891e-5,5.537e-5,1,nefsc_trawl,index
BlackSeaBass,1989,2.2069e-4,1.8125e-4,1,nefsc_trawl,index
BlackSeaBass,1990,2.0833e-4,1.7659e-4,1,nefsc_trawl,index
BlackSeaBass,1991,0,0,1,nefsc_trawl,index
BlackSeaBass,1992,0,0,1,nefsc_trawl,index
BlackSeaBass,1995,0,0,1,nefsc_trawl,index
BlackSeaBass,1996,0,0,1,nefsc_trawl,index
BlackSeaBass,1998,0,0,1,nefsc_trawl,index
BlackSeaBass,1999,6.6076e-4,5.8701e-4,1,nefsc_trawl,index
BlackSeaBass,2000,2.1346e-4,2.1346e-4,1,nefsc_trawl,index
BlackSeaBass,2002,9.2685e-4,6.3701e-4,1,nefsc_trawl,index
BlackSeaBass,2003,0.00290407,0.00234972,1,nefsc_trawl,index
BlackSeaBass,2004,7.1098e-4,7.1098e-4,1,nefsc_trawl,index
BlackSeaBass,2005,8.7891e-4,7.844e-4,1,nefsc_trawl,index
BlackSeaBass,2006,3.22e-6,2.3e-6,1,nefsc_trawl,index
BlackSeaBass,2007,6.1965e-4,5.7959e-4,1,nefsc_trawl,index
BlackSeaBass,2008,0.00109776,8.7107e-4,1,nefsc_trawl,index
BlackSeaBass,2009,1.9561e-4,1.7568e-4,1,nefsc_trawl,index
BlackSeaBass,2010,5.8454e-4,4.1927e-4,1,nefsc_trawl,index
BlackSeaBass,2011,6.5071e-4,4.4514e-4,1,nefsc_trawl,index
BlackSeaBass,2012,7.3e-7,5.1e-7,1,nefsc_trawl,index
BlackSeaBass,2013,0.00163086,9.8177e-4,1,nefsc_trawl,index
BlackSeaBass,2014,0.00103526,4.9262e-4,1,nefsc_trawl,index
BlackSeaBass,2015,0.00166863,0.0012398,1,nefsc_trawl,index
BlackSeaBass,2016,0.00118977,7.113e-4,1,nefsc_trawl,index
BlackSeaBass,2018,6.4661e-4,5.1243e-4,1,nefsc_trawl,index
BlackSeaBass,2019,6.9946e-4,4.7554e-4,1,nefsc_trawl,index
BlackSeaBass,2021,0.00115398,7.0109e-4,1,nefsc_trawl,index
BlackSeaBass,2022,9.7292e-4,5.3238e-4,1,nefsc_trawl,index
BlackSeaBass,2023,0.00196886,8.6376e-4,1,nefsc_trawl,index
BlackSeaBass,2024,0.0019269,0.00124901,1,nefsc_trawl,index
BlackSeaBass,2025,0.00633243,0.0032121,1,nefsc_trawl,index
Bluefish,1985,0.02324316,0.00790816,1,nefsc_trawl,index
Bluefish,1986,0.04717882,0.02108116,1,nefsc_trawl,index
Bluefish,1987,0.0552399,0.01965721,1,nefsc_trawl,index
Bluefish,1988,0.03407486,0.01085479,1,nefsc_trawl,index
Bluefish,1989,0.02396716,0.00804983,1,nefsc_trawl,index
Bluefish,1990,0.05013889,0.0153334,1,nefsc_trawl,index
Bluefish,1991,0.01729633,0.00656857,1,nefsc_trawl,index
Bluefish,1992,0.03323413,0.011136,1,nefsc_trawl,index
Bluefish,1993,0.04253472,0.01200733,1,nefsc_trawl,index
Bluefish,1994,0.0629529,0.01338494,1,nefsc_trawl,index
Bluefish,1995,0.04555288,0.01203217,1,nefsc_trawl,index
Bluefish,1996,0.02612179,0.01614137,1,nefsc_trawl,index
Bluefish,1997,0.03713768,0.01170556,1,nefsc_trawl,index
Bluefish,1998,0.05826271,0.01976958,1,nefsc_trawl,index
Bluefish,1999,0.10008551,0.06044155,1,nefsc_trawl,index
Bluefish,2000,0.03423839,0.01308115,1,nefsc_trawl,index
Bluefish,2001,0.02265625,0.01026144,1,nefsc_trawl,index
Bluefish,2002,0.03743292,0.01296581,1,nefsc_trawl,index
Bluefish,2003,0.00907258,0.00438144,1,nefsc_trawl,index
Bluefish,2004,0.03011739,0.01149779,1,nefsc_trawl,index
Bluefish,2005,0.05410156,0.017945,1,nefsc_trawl,index
Bluefish,2006,0.02934992,0.01056135,1,nefsc_trawl,index
Bluefish,2007,0.03784247,0.0118711,1,nefsc_trawl,index
Bluefish,2008,0.05877871,0.03109327,1,nefsc_trawl,index
Bluefish,2009,0.04024537,0.01788215,1,nefsc_trawl,index
Bluefish,2010,0.07658162,0.02886715,1,nefsc_trawl,index
Bluefish,2011,0.0213437,0.00730471,1,nefsc_trawl,index
Bluefish,2012,0.07344173,0.03500378,1,nefsc_trawl,index
Bluefish,2013,0.01470983,0.00822108,1,nefsc_trawl,index
Bluefish,2014,0.01117929,0.00417757,1,nefsc_trawl,index
Bluefish,2015,0.03250424,0.01770078,1,nefsc_trawl,index
Bluefish,2016,8.8626e-4,8.8626e-4,1,nefsc_trawl,index
Bluefish,2018,0.00836104,0.00504094,1,nefsc_trawl,index
Bluefish,2019,0.02113267,0.00947357,1,nefsc_trawl,index
Bluefish,2022,2.089e-5,1.536e-5,1,nefsc_trawl,index
Bluefish,2023,0.0044806,0.00361986,1,nefsc_trawl,index
Bluefish,2024,0.00549319,0.00480279,1,nefsc_trawl,index
Butterfish,1985,0.11419465,0.07091465,1,nefsc_trawl,index
Butterfish,1986,0.06462674,0.02776859,1,nefsc_trawl,index
Butterfish,1987,0.02817235,0.01362477,1,nefsc_trawl,index
Butterfish,1988,0.02273129,0.00761358,1,nefsc_trawl,index
Butterfish,1989,0.02493821,0.00943771,1,nefsc_trawl,index
Butterfish,1990,0.08201389,0.02872559,1,nefsc_trawl,index
Butterfish,1991,0.05278296,0.025687,1,nefsc_trawl,index
Butterfish,1992,0.04675099,0.01206926,1,nefsc_trawl,index
Butterfish,1993,0.14823082,0.0794837,1,nefsc_trawl,index
Butterfish,1994,0.09382548,0.05148988,1,nefsc_trawl,index
Butterfish,1995,0.11274038,0.05149909,1,nefsc_trawl,index
Butterfish,1996,0.01887019,0.0068544,1,nefsc_trawl,index
Butterfish,1997,0.0674064,0.02901036,1,nefsc_trawl,index
Butterfish,1998,0.28451624,0.22008014,1,nefsc_trawl,index
Butterfish,1999,0.07866915,0.03727729,1,nefsc_trawl,index
Butterfish,2000,0.0766735,0.03936602,1,nefsc_trawl,index
Butterfish,2001,0.1032127,0.07141526,1,nefsc_trawl,index
Butterfish,2002,0.01286892,0.00691314,1,nefsc_trawl,index
Butterfish,2003,0.09294775,0.04436967,1,nefsc_trawl,index
Butterfish,2004,0.01741898,0.00506856,1,nefsc_trawl,index
Butterfish,2005,0.00499349,0.00168317,1,nefsc_trawl,index
Butterfish,2006,0.1648759,0.09612776,1,nefsc_trawl,index
Butterfish,2007,0.02250178,0.00882392,1,nefsc_trawl,index
Butterfish,2008,0.01636518,0.00839696,1,nefsc_trawl,index
Butterfish,2009,0.06313172,0.02735621,1,nefsc_trawl,index
Butterfish,2010,0.03267706,0.01541051,1,nefsc_trawl,index
Butterfish,2011,0.03193273,0.0143227,1,nefsc_trawl,index
Butterfish,2012,0.13113111,0.10166311,1,nefsc_trawl,index
Butterfish,2013,0.04260795,0.0133944,1,nefsc_trawl,index
Butterfish,2014,0.02585701,0.00778119,1,nefsc_trawl,index
Butterfish,2015,0.06469052,0.02288191,1,nefsc_trawl,index
Butterfish,2016,0.05747956,0.02740311,1,nefsc_trawl,index
Butterfish,2017,0.00320592,9.2157e-4,1,nefsc_trawl,index
Butterfish,2018,0.0559695,0.03530974,1,nefsc_trawl,index
Butterfish,2019,0.01960208,0.00553757,1,nefsc_trawl,index
Butterfish,2021,0.54054157,0.32370367,1,nefsc_trawl,index
Butterfish,2022,0.89543988,0.74931512,1,nefsc_trawl,index
Butterfish,2023,0.12070581,0.03615582,1,nefsc_trawl,index
Butterfish,2024,0.17674116,0.07180472,1,nefsc_trawl,index
Butterfish,2025,0.35605806,0.29109612,1,nefsc_trawl,index
Cod,1985,0.04689132,0.02658471,1,nefsc_trawl,index
Cod,1986,0.03973611,0.01366897,1,nefsc_trawl,index
Cod,1987,0.09982639,0.0355215,1,nefsc_trawl,index
Cod,1988,0.08673199,0.03325548,1,nefsc_trawl,index
Cod,1989,0.09282883,0.03673032,1,nefsc_trawl,index
Cod,1990,0.29654479,0.13543147,1,nefsc_trawl,index
Cod,1991,0.04158854,0.01604361,1,nefsc_trawl,index
Cod,1992,0.06994048,0.02800715,1,nefsc_trawl,index
Cod,1993,0.0378869,0.01787659,1,nefsc_trawl,index
Cod,1994,0.11669686,0.05890582,1,nefsc_trawl,index
Cod,1995,0.10328526,0.04541095,1,nefsc_trawl,index
Cod,1996,0.04595353,0.01642216,1,nefsc_trawl,index
Cod,1997,0.08831522,0.0474491,1,nefsc_trawl,index
Cod,1998,0.11842338,0.03639274,1,nefsc_trawl,index
Cod,1999,0.04819652,0.02215291,1,nefsc_trawl,index
Cod,2000,0.0224556,0.01045168,1,nefsc_trawl,index
Cod,2001,0.05760187,0.023084,1,nefsc_trawl,index
Cod,2002,0.35963068,0.26841149,1,nefsc_trawl,index
Cod,2003,0.0881187,0.04696025,1,nefsc_trawl,index
Cod,2004,0.05316303,0.02738832,1,nefsc_trawl,index
Cod,2005,0.04460612,0.02066945,1,nefsc_trawl,index
Cod,2006,0.06044239,0.03517918,1,nefsc_trawl,index
Cod,2007,0.02045412,0.00817218,1,nefsc_trawl,index
Cod,2008,0.07452624,0.03410175,1,nefsc_trawl,index
Cod,2009,0.08645669,0.04806225,1,nefsc_trawl,index
Cod,2010,0.07073085,0.04119694,1,nefsc_trawl,index
Cod,2011,0.06849947,0.03368263,1,nefsc_trawl,index
Cod,2012,0.03303809,0.0175332,1,nefsc_trawl,index
Cod,2013,0.04516538,0.02707901,1,nefsc_trawl,index
Cod,2014,0.02922461,0.01624822,1,nefsc_trawl,index
Cod,2015,0.0843991,0.03143294,1,nefsc_trawl,index
Cod,2016,0.11963661,0.06857199,1,nefsc_trawl,index
Cod,2017,0.01522027,0.00896556,1,nefsc_trawl,index
Cod,2018,0.01888599,0.00840399,1,nefsc_trawl,index
Cod,2019,0.04453951,0.03184473,1,nefsc_trawl,index
Cod,2021,0.04294577,0.03206762,1,nefsc_trawl,index
Cod,2022,0.07593838,0.0628732,1,nefsc_trawl,index
Cod,2023,0.02181154,0.01528839,1,nefsc_trawl,index
Cod,2024,0.02016163,0.01092915,1,nefsc_trawl,index
Cod,2025,0.00129973,0.00129973,1,nefsc_trawl,index
Fourspot,1985,0.02474658,0.00803038,1,nefsc_trawl,index
Fourspot,1986,0.01542882,0.003789,1,nefsc_trawl,index
Fourspot,1987,0.02750158,0.0077236,1,nefsc_trawl,index
Fourspot,1988,0.018494,0.00620779,1,nefsc_trawl,index
Fourspot,1989,0.02287606,0.00625447,1,nefsc_trawl,index
Fourspot,1990,0.02709583,0.00674851,1,nefsc_trawl,index
Fourspot,1991,0.01661847,0.00439451,1,nefsc_trawl,index
Fourspot,1992,0.01967593,0.00945189,1,nefsc_trawl,index
Fourspot,1993,0.02125,0.00869458,1,nefsc_trawl,index
Fourspot,1994,0.02324879,0.00676215,1,nefsc_trawl,index
Fourspot,1995,0.01991186,0.00701436,1,nefsc_trawl,index
Fourspot,1996,0.0125,0.00296272,1,nefsc_trawl,index
Fourspot,1997,0.01875755,0.00506099,1,nefsc_trawl,index
Fourspot,1998,0.03200035,0.0082392,1,nefsc_trawl,index
Fourspot,1999,0.04151119,0.00845759,1,nefsc_trawl,index
Fourspot,2000,0.02113217,0.00488073,1,nefsc_trawl,index
Fourspot,2001,0.03579197,0.00899555,1,nefsc_trawl,index
Fourspot,2002,0.03206518,0.00811962,1,nefsc_trawl,index
Fourspot,2003,0.02958795,0.00779095,1,nefsc_trawl,index
Fourspot,2004,0.01286541,0.00293906,1,nefsc_trawl,index
Fourspot,2005,0.03728963,0.0087875,1,nefsc_trawl,index
Fourspot,2006,0.02414223,0.00492236,1,nefsc_trawl,index
Fourspot,2007,0.02295305,0.00496285,1,nefsc_trawl,index
Fourspot,2008,0.03601496,0.01441034,1,nefsc_trawl,index
Fourspot,2009,0.02992117,0.00657083,1,nefsc_trawl,index
Fourspot,2010,0.05489032,0.01778803,1,nefsc_trawl,index
Fourspot,2011,0.02977115,0.00444989,1,nefsc_trawl,index
Fourspot,2012,0.02589113,0.00461203,1,nefsc_trawl,index
Fourspot,2013,0.02014086,0.00378034,1,nefsc_trawl,index
Fourspot,2014,0.02455114,0.00358431,1,nefsc_trawl,index
Fourspot,2015,0.02877234,0.00663542,1,nefsc_trawl,index
Fourspot,2016,0.02539714,0.00659413,1,nefsc_trawl,index
Fourspot,2017,0.03123655,0.00834792,1,nefsc_trawl,index
Fourspot,2018,0.02196313,0.00342195,1,nefsc_trawl,index
Fourspot,2019,0.02288213,0.00428131,1,nefsc_trawl,index
Fourspot,2021,0.01793068,0.00369498,1,nefsc_trawl,index
Fourspot,2022,0.02692708,0.00529604,1,nefsc_trawl,index
Fourspot,2023,0.01632699,0.00388913,1,nefsc_trawl,index
Fourspot,2024,0.03319793,0.00975058,1,nefsc_trawl,index
Fourspot,2025,0.01829506,0.00515903,1,nefsc_trawl,index
Goosefish,1985,0.02281561,0.00970607,1,nefsc_trawl,index
Goosefish,1986,0.01766493,0.00831476,1,nefsc_trawl,index
Goosefish,1987,0.00363005,0.0021856000000000002,1,nefsc_trawl,index
Goosefish,1988,0.01213806,0.00652193,1,nefsc_trawl,index
Goosefish,1989,0.01465395,0.00682086,1,nefsc_trawl,index
Goosefish,1990,0.01725694,0.00775107,1,nefsc_trawl,index
Goosefish,1991,0.00318719,0.00228404,1,nefsc_trawl,index
Goosefish,1992,0.00318287,0.00184796,1,nefsc_trawl,index
Goosefish,1993,0.00243882,0.00114245,1,nefsc_trawl,index
Goosefish,1994,0.01441727,0.00550345,1,nefsc_trawl,index
Goosefish,1995,0.00612981,0.0038378,1,nefsc_trawl,index
Goosefish,1996,0.00737179,0.0032585,1,nefsc_trawl,index
Goosefish,1997,0.00686896,0.00391308,1,nefsc_trawl,index
Goosefish,1998,0.02180438,0.00780892,1,nefsc_trawl,index
Goosefish,1999,0.00703514,0.0044178,1,nefsc_trawl,index
Goosefish,2000,0.0175888,0.00682205,1,nefsc_trawl,index
Goosefish,2001,0.01500383,0.00480249,1,nefsc_trawl,index
Goosefish,2002,0.03044192,0.00971259,1,nefsc_trawl,index
Goosefish,2003,0.02101058,0.00793233,1,nefsc_trawl,index
Goosefish,2004,0.01432374,0.00501858,1,nefsc_trawl,index
Goosefish,2005,0.0217041,0.00820926,1,nefsc_trawl,index
Goosefish,2006,0.02777135,0.01252374,1,nefsc_trawl,index
Goosefish,2007,0.01608162,0.00625267,1,nefsc_trawl,index
Goosefish,2008,0.01189236,0.00611416,1,nefsc_trawl,index
Goosefish,2009,0.0035911,0.00107764,1,nefsc_trawl,index
Goosefish,2010,0.0047267,0.00123043,1,nefsc_trawl,index
Goosefish,2011,0.00807178,0.00162948,1,nefsc_trawl,index
Goosefish,2012,0.00735307,0.00201591,1,nefsc_trawl,index
Goosefish,2013,0.00418007,0.00118091,1,nefsc_trawl,index
Goosefish,2014,0.00450092,0.00113062,1,nefsc_trawl,index
Goosefish,2015,0.00723573,0.00201118,1,nefsc_trawl,index
Goosefish,2016,0.009136,0.00296324,1,nefsc_trawl,index
Goosefish,2017,0.04741695,0.01787595,1,nefsc_trawl,index
Goosefish,2018,0.01077948,0.00293422,1,nefsc_trawl,index
Goosefish,2019,0.01861408,0.00468098,1,nefsc_trawl,index
Goosefish,2021,0.00697845,0.00205404,1,nefsc_trawl,index
Goosefish,2022,0.00838031,0.00220625,1,nefsc_trawl,index
Goosefish,2023,0.00708436,0.0016148,1,nefsc_trawl,index
Goosefish,2024,0.00484062,0.00124849,1,nefsc_trawl,index
Goosefish,2025,0.00630936,0.0015743,1,nefsc_trawl,index
Haddock,1985,0.02881102,0.00919972,1,nefsc_trawl,index
Haddock,1986,0.0044592,0.00344097,1,nefsc_trawl,index
Haddock,1987,0.03089489,0.01569716,1,nefsc_trawl,index
Haddock,1988,0.04541843,0.01588554,1,nefsc_trawl,index
Haddock,1989,0.08368644,0.05138185,1,nefsc_trawl,index
Haddock,1990,0.01245347,0.00822044,1,nefsc_trawl,index
Haddock,1991,0.0120981,0.00784907,1,nefsc_trawl,index
Haddock,1992,0.03133267,0.02280873,1,nefsc_trawl,index
Haddock,1993,0.11527364,0.09753203,1,nefsc_trawl,index
Haddock,1994,0.01245471,0.00930128,1,nefsc_trawl,index
Haddock,1995,0.09703526,0.06806629,1,nefsc_trawl,index
Haddock,1996,0.01213942,0.00709106,1,nefsc_trawl,index
Haddock,1997,0.22056159,0.18177571,1,nefsc_trawl,index
Haddock,1998,0.10712394,0.05470755,1,nefsc_trawl,index
Haddock,1999,0.331662,0.23715511,1,nefsc_trawl,index
Haddock,2000,0.43639003,0.30842336,1,nefsc_trawl,index
Haddock,2001,0.5283521,0.40097103,1,nefsc_trawl,index
Haddock,2002,1.13588581,0.64530801,1,nefsc_trawl,index
Haddock,2003,0.52522093,0.29867932,1,nefsc_trawl,index
Haddock,2004,1.09281911,0.4182231,1,nefsc_trawl,index
Haddock,2005,0.44730591,0.18245142,1,nefsc_trawl,index
Haddock,2006,0.44368216,0.17605385,1,nefsc_trawl,index
Haddock,2007,0.10648652,0.06836277,1,nefsc_trawl,index
Haddock,2008,0.29919738,0.25545293,1,nefsc_trawl,index
Haddock,2009,0.68211127,0.25808562,1,nefsc_trawl,index
Haddock,2010,0.29138596,0.10093389999999999,1,nefsc_trawl,index
Haddock,2011,1.07776615,0.31925707,1,nefsc_trawl,index
Haddock,2012,0.88041655,0.59460581,1,nefsc_trawl,index
Haddock,2013,1.70400838,0.47118475,1,nefsc_trawl,index
Haddock,2014,2.21501257,0.44006785,1,nefsc_trawl,index
Haddock,2015,3.45284236,1.43725261,1,nefsc_trawl,index
Haddock,2016,3.22933466,1.22715871,1,nefsc_trawl,index
Haddock,2017,1.96568586,1.3134681,1,nefsc_trawl,index
Haddock,2018,0.20342691,0.08243367,1,nefsc_trawl,index
Haddock,2019,0.09533334,0.0360283,1,nefsc_trawl,index
Haddock,2021,0.10458668,0.05114533,1,nefsc_trawl,index
Haddock,2022,0.21747124,0.20644107,1,nefsc_trawl,index
Haddock,2023,0.03755812,0.03457724,1,nefsc_trawl,index
Haddock,2024,0.07191029,0.04093028,1,nefsc_trawl,index
Haddock,2025,0.09673668,0.03848165,1,nefsc_trawl,index
Illex,1985,0.00442475,9.7873e-4,1,nefsc_trawl,index
Illex,1986,0.00639714,0.00166675,1,nefsc_trawl,index
Illex,1987,0.01807134,0.00467165,1,nefsc_trawl,index
Illex,1988,0.13418079,0.04071307,1,nefsc_trawl,index
Illex,1989,0.05766243,0.02566447,1,nefsc_trawl,index
Illex,1990,0.05859965,0.01331699,1,nefsc_trawl,index
Illex,1991,0.02660292,0.00587672,1,nefsc_trawl,index
Illex,1992,0.01806382,0.00652843,1,nefsc_trawl,index
Illex,1993,0.08241071,0.03958407,1,nefsc_trawl,index
Illex,1994,0.03151419,0.01253306,1,nefsc_trawl,index
Illex,1995,0.01294071,0.00824558,1,nefsc_trawl,index
Illex,1996,0.02255609,0.00507205,1,nefsc_trawl,index
Illex,1997,0.01083182,0.00162335,1,nefsc_trawl,index
Illex,1998,0.01099047,0.00242696,1,nefsc_trawl,index
Illex,1999,7.7736e-4,2.8248e-4,1,nefsc_trawl,index
Illex,2000,0.01340505,0.00396806,1,nefsc_trawl,index
Illex,2001,0.00527267,0.00182599,1,nefsc_trawl,index
Illex,2002,0.01931424,0.00995671,1,nefsc_trawl,index
Illex,2003,0.03009115,0.01168074,1,nefsc_trawl,index
Illex,2004,0.00878844,0.00257471,1,nefsc_trawl,index
Illex,2005,0.00903971,0.00191208,1,nefsc_trawl,index
Illex,2006,0.03549318,0.00898326,1,nefsc_trawl,index
Illex,2007,0.01480059,0.00342904,1,nefsc_trawl,index
Illex,2008,0.01426349,0.00336344,1,nefsc_trawl,index
Illex,2009,0.04533944,0.03515902,1,nefsc_trawl,index
Illex,2010,0.01402758,0.00369913,1,nefsc_trawl,index
Illex,2011,0.0127386,0.00471279,1,nefsc_trawl,index
Illex,2012,0.01154857,0.00317113,1,nefsc_trawl,index
Illex,2013,0.00602677,0.00124364,1,nefsc_trawl,index
Illex,2014,0.01653414,0.00207002,1,nefsc_trawl,index
Illex,2015,0.00984902,0.00375328,1,nefsc_trawl,index
Illex,2016,0.00769134,0.00198592,1,nefsc_trawl,index
Illex,2017,0.04527566,0.02171576,1,nefsc_trawl,index
Illex,2018,0.02800769,0.00637114,1,nefsc_trawl,index
Illex,2019,0.01394786,0.00447693,1,nefsc_trawl,index
Illex,2021,0.01500405,0.00398719,1,nefsc_trawl,index
Illex,2022,0.01109589,0.00343553,1,nefsc_trawl,index
Illex,2023,0.00317989,7.6934e-4,1,nefsc_trawl,index
Illex,2024,0.00237359,5.7224e-4,1,nefsc_trawl,index
Illex,2025,0.01987278,0.00714474,1,nefsc_trawl,index
LittleSkate,1985,0.13850163,0.02939722,1,nefsc_trawl,index
LittleSkate,1986,0.13214974,0.02154438,1,nefsc_trawl,index
LittleSkate,1987,0.13735006,0.03447366,1,nefsc_trawl,index
LittleSkate,1988,0.11211158,0.03347904,1,nefsc_trawl,index
LittleSkate,1989,0.14876457,0.04363231,1,nefsc_trawl,index
LittleSkate,1990,0.09151875,0.02146877,1,nefsc_trawl,index
LittleSkate,1991,0.11658232,0.048724,1,nefsc_trawl,index
LittleSkate,1992,0.09598214,0.02430076,1,nefsc_trawl,index
LittleSkate,1993,0.08839286,0.0205062,1,nefsc_trawl,index
LittleSkate,1994,0.11111111,0.02357577,1,nefsc_trawl,index
LittleSkate,1995,0.2125,0.06686071,1,nefsc_trawl,index
LittleSkate,1996,0.12960737,0.03667384,1,nefsc_trawl,index
LittleSkate,1997,0.12658514,0.02889197,1,nefsc_trawl,index
LittleSkate,1998,0.23834746,0.04300317,1,nefsc_trawl,index
LittleSkate,1999,0.18450715,0.03763306,1,nefsc_trawl,index
LittleSkate,2000,0.20372268,0.05922449,1,nefsc_trawl,index
LittleSkate,2001,0.15453508,0.03522723,1,nefsc_trawl,index
LittleSkate,2002,0.20966935,0.03585702,1,nefsc_trawl,index
LittleSkate,2003,0.15737861,0.03488276,1,nefsc_trawl,index
LittleSkate,2004,0.20040427,0.07594474,1,nefsc_trawl,index
LittleSkate,2005,0.11151123,0.02231718,1,nefsc_trawl,index
LittleSkate,2006,0.17138503,0.03933545,1,nefsc_trawl,index
LittleSkate,2007,0.15030679,0.03210892,1,nefsc_trawl,index
LittleSkate,2008,0.09366486,0.01725199,1,nefsc_trawl,index
LittleSkate,2009,0.12656173,0.01945814,1,nefsc_trawl,index
LittleSkate,2010,0.10397375,0.01963488,1,nefsc_trawl,index
LittleSkate,2011,0.10854124,0.02285959,1,nefsc_trawl,index
LittleSkate,2012,0.1210996,0.02238895,1,nefsc_trawl,index
LittleSkate,2013,0.10563821,0.02100078,1,nefsc_trawl,index
LittleSkate,2014,0.09459531,0.01748624,1,nefsc_trawl,index
LittleSkate,2015,0.12345421,0.0387089,1,nefsc_trawl,index
LittleSkate,2016,0.09066956,0.01802215,1,nefsc_trawl,index
LittleSkate,2017,0.05925561,0.00911518,1,nefsc_trawl,index
LittleSkate,2018,0.05137106,0.00891573,1,nefsc_trawl,index
LittleSkate,2019,0.0652013,0.00971297,1,nefsc_trawl,index
LittleSkate,2021,0.09570305,0.01617931,1,nefsc_trawl,index
LittleSkate,2022,0.15122263,0.02451707,1,nefsc_trawl,index
LittleSkate,2023,0.13170197,0.02019799,1,nefsc_trawl,index
LittleSkate,2024,0.0905777,0.01046676,1,nefsc_trawl,index
LittleSkate,2025,0.08763537,0.0198766,1,nefsc_trawl,index
Loligo,1985,0.12594838,0.02554514,1,nefsc_trawl,index
Loligo,1986,0.13522352,0.03462216,1,nefsc_trawl,index
Loligo,1987,0.02675189,0.00830097,1,nefsc_trawl,index
Loligo,1988,0.13616702,0.02807726,1,nefsc_trawl,index
Loligo,1989,0.25808395,0.08774034,1,nefsc_trawl,index
Loligo,1990,0.08098611,0.01853259,1,nefsc_trawl,index
Loligo,1991,0.22089164,0.0532601,1,nefsc_trawl,index
Loligo,1992,0.08668155,0.01966919,1,nefsc_trawl,index
Loligo,1993,0.10242022,0.01570644,1,nefsc_trawl,index
Loligo,1994,0.18346165,0.03359395,1,nefsc_trawl,index
Loligo,1995,0.07604167,0.01260131,1,nefsc_trawl,index
Loligo,1996,0.02544071,0.0079233,1,nefsc_trawl,index
Loligo,1997,0.09963768,0.02775607,1,nefsc_trawl,index
Loligo,1998,0.07402013,0.0149094,1,nefsc_trawl,index
Loligo,1999,0.28292133,0.04519682,1,nefsc_trawl,index
Loligo,2000,0.20969945,0.0554021,1,nefsc_trawl,index
Loligo,2001,0.10174173,0.02254933,1,nefsc_trawl,index
Loligo,2002,0.19593592,0.04477493,1,nefsc_trawl,index
Loligo,2003,0.10624412,0.03458059,1,nefsc_trawl,index
Loligo,2004,0.07190518,0.02814082,1,nefsc_trawl,index
Loligo,2005,0.11392456,0.02816876,1,nefsc_trawl,index
Loligo,2006,0.11433385,0.03061905,1,nefsc_trawl,index
Loligo,2007,0.12330051,0.04965793,1,nefsc_trawl,index
Loligo,2008,0.12840812,0.03179436,1,nefsc_trawl,index
Loligo,2009,0.07185127,0.01538011,1,nefsc_trawl,index
Loligo,2010,0.28346758,0.0786079,1,nefsc_trawl,index
Loligo,2011,0.13676069,0.03286015,1,nefsc_trawl,index
Loligo,2012,0.6405812,0.09882071,1,nefsc_trawl,index
Loligo,2013,0.26744248,0.05451797,1,nefsc_trawl,index
Loligo,2014,0.21262604,0.04270838,1,nefsc_trawl,index
Loligo,2015,0.17412284,0.03139705,1,nefsc_trawl,index
Loligo,2016,0.12400734,0.01979471,1,nefsc_trawl,index
Loligo,2017,0.05841687,0.02376251,1,nefsc_trawl,index
Loligo,2018,0.13035188,0.02332921,1,nefsc_trawl,index
Loligo,2019,0.11335154,0.02543194,1,nefsc_trawl,index
Loligo,2021,0.32799871,0.06431694,1,nefsc_trawl,index
Loligo,2022,0.25355273,0.06305434,1,nefsc_trawl,index
Loligo,2023,0.09728187,0.02048285,1,nefsc_trawl,index
Loligo,2024,0.08436065,0.01750207,1,nefsc_trawl,index
Loligo,2025,0.08674742,0.02677722,1,nefsc_trawl,index
Mesopelagics,1985,9.3284e-4,8.5628e-4,1,nefsc_trawl,index
Mesopelagics,1986,0,0,1,nefsc_trawl,index
Mesopelagics,1987,0,0,1,nefsc_trawl,index
Mesopelagics,1988,0,0,1,nefsc_trawl,index
Mesopelagics,1989,4.414e-5,4.414e-5,1,nefsc_trawl,index
Mesopelagics,1990,0,0,1,nefsc_trawl,index
Mesopelagics,1991,0,0,1,nefsc_trawl,index
Mesopelagics,1992,0,0,1,nefsc_trawl,index
Mesopelagics,1993,8.267e-5,5.846e-5,1,nefsc_trawl,index
Mesopelagics,1994,0,0,1,nefsc_trawl,index
Mesopelagics,1995,0,0,1,nefsc_trawl,index
Mesopelagics,1996,0,0,1,nefsc_trawl,index
Mesopelagics,1997,0,0,1,nefsc_trawl,index
Mesopelagics,1998,0.00048552000000000003,4.4359e-4,1,nefsc_trawl,index
Mesopelagics,1999,0,0,1,nefsc_trawl,index
Mesopelagics,2000,8.538e-5,8.538e-5,1,nefsc_trawl,index
Mesopelagics,2001,4.3888e-4,3.5516e-4,1,nefsc_trawl,index
Mesopelagics,2002,4.419e-5,3.381e-5,1,nefsc_trawl,index
Mesopelagics,2003,2.478e-5,1.417e-5,1,nefsc_trawl,index
Mesopelagics,2004,2.439e-5,1.313e-5,1,nefsc_trawl,index
Mesopelagics,2005,2.563e-5,1.133e-5,1,nefsc_trawl,index
Mesopelagics,2006,2.926e-5,1.022e-5,1,nefsc_trawl,index
Mesopelagics,2007,2.354e-5,1.835e-5,1,nefsc_trawl,index
Mesopelagics,2008,1.5658e-4,9.945e-5,1,nefsc_trawl,index
Mesopelagics,2009,4.339e-4,2.6241e-4,1,nefsc_trawl,index
Mesopelagics,2010,0.00100107,2.8342e-4,1,nefsc_trawl,index
Mesopelagics,2011,3.2403e-4,1.2968e-4,1,nefsc_trawl,index
Mesopelagics,2012,6.4899e-4,3.6545e-4,1,nefsc_trawl,index
Mesopelagics,2013,1.3092e-4,4.221e-5,1,nefsc_trawl,index
Mesopelagics,2014,2.7778e-4,1.0779e-4,1,nefsc_trawl,index
Mesopelagics,2015,0.00112749,5.3569e-4,1,nefsc_trawl,index
Mesopelagics,2016,3.1113e-4,1.0297e-4,1,nefsc_trawl,index
Mesopelagics,2017,0.00394213,0.0017212,1,nefsc_trawl,index
Mesopelagics,2018,0.00155473,8.3805e-4,1,nefsc_trawl,index
Mesopelagics,2019,5.351e-4,2.6998e-4,1,nefsc_trawl,index
Mesopelagics,2021,0.00148438,8.4533e-4,1,nefsc_trawl,index
Mesopelagics,2022,3.6589e-4,1.2825e-4,1,nefsc_trawl,index
Mesopelagics,2023,0.0010408,4.5215e-4,1,nefsc_trawl,index
Mesopelagics,2024,3.0929e-4,1.2946e-4,1,nefsc_trawl,index
Mesopelagics,2025,9.6205e-4,4.0053e-4,1,nefsc_trawl,index
OceanPout,1985,0.00235191,0.00104515,1,nefsc_trawl,index
OceanPout,1986,0.00336024,0.00159915,1,nefsc_trawl,index
OceanPout,1987,0.00576073,0.00357637,1,nefsc_trawl,index
OceanPout,1988,0.01346222,0.00747179,1,nefsc_trawl,index
OceanPout,1989,0.0066393,0.00221173,1,nefsc_trawl,index
OceanPout,1990,0.00934375,0.00390351,1,nefsc_trawl,index
OceanPout,1991,0.01914879,0.00910479,1,nefsc_trawl,index
OceanPout,1992,0.01566634,0.01082221,1,nefsc_trawl,index
OceanPout,1993,0.00812872,0.0046695,1,nefsc_trawl,index
OceanPout,1994,0.00124547,7.4618e-4,1,nefsc_trawl,index
OceanPout,1995,0.01053686,0.00883641,1,nefsc_trawl,index
OceanPout,1996,0.00957532,0.00457411,1,nefsc_trawl,index
OceanPout,1997,0.01377566,0.00538653,1,nefsc_trawl,index
OceanPout,1998,0.02935205,0.01842455,1,nefsc_trawl,index
OceanPout,1999,0.00186567,8.3407e-4,1,nefsc_trawl,index
OceanPout,2000,0.01408811,0.00795106,1,nefsc_trawl,index
OceanPout,2001,0.00600337,0.0028981,1,nefsc_trawl,index
OceanPout,2002,0.00725655,0.00287311,1,nefsc_trawl,index
OceanPout,2003,0.00415029,0.00227565,1,nefsc_trawl,index
OceanPout,2004,0.00188657,0.0014334,1,nefsc_trawl,index
OceanPout,2005,0.00555501,0.00282998,1,nefsc_trawl,index
OceanPout,2006,0.00131944,5.6303e-4,1,nefsc_trawl,index
OceanPout,2007,0.0065097,0.00207771,1,nefsc_trawl,index
OceanPout,2008,0.01986445,0.01102118,1,nefsc_trawl,index
OceanPout,2009,0.00922113,0.00281915,1,nefsc_trawl,index
OceanPout,2010,0.02006057,0.01499042,1,nefsc_trawl,index
OceanPout,2011,0.00784692,0.00303803,1,nefsc_trawl,index
OceanPout,2012,0.00423718,0.00328363,1,nefsc_trawl,index
OceanPout,2013,0.0021685,8.7342e-4,1,nefsc_trawl,index
OceanPout,2014,0.00162436,5.8722e-4,1,nefsc_trawl,index
OceanPout,2015,0.00344732,0.00147978,1,nefsc_trawl,index
OceanPout,2016,0.00154711,6.2853e-4,1,nefsc_trawl,index
OceanPout,2017,4.4527e-4,1.8606e-4,1,nefsc_trawl,index
OceanPout,2018,0.00139556,4.3726e-4,1,nefsc_trawl,index
OceanPout,2019,0.00198739,7.4479e-4,1,nefsc_trawl,index
OceanPout,2021,0.00228371,8.2173e-4,1,nefsc_trawl,index
OceanPout,2022,0.0061586,0.00261804,1,nefsc_trawl,index
OceanPout,2023,0.00174554,7.161e-4,1,nefsc_trawl,index
OceanPout,2024,0.00499201,0.00222755,1,nefsc_trawl,index
OceanPout,2025,0.00472619,0.00213244,1,nefsc_trawl,index
OceanQuahog,1986,5.8442602,0.32681556,1,nefsc_clam,index
OceanQuahog,1989,2.03554731,0.09996358,1,nefsc_clam,index
OceanQuahog,1992,10.59722308,0.32776603,1,nefsc_clam,index
OceanQuahog,1994,16.23031252,0.58781677,1,nefsc_clam,index
OceanQuahog,1997,9.33247298,0.22656398,1,nefsc_clam,index
OceanQuahog,1999,8.10203235,0.21119528,1,nefsc_clam,index
OceanQuahog,2002,10.12076425,0.23730433,1,nefsc_clam,index
OceanQuahog,2008,10.19161271,0.36756948,1,nefsc_clam,index
OceanQuahog,2011,10.8389598,0.19289526,1,nefsc_clam,index
OceanQuahog,2013,67.61361988,1.72307578,1,nefsc_clam,index
OceanQuahog,2014,3.98271283,0.24615025,1,nefsc_clam,index
OceanQuahog,2016,83.33149525,1.96558857,1,nefsc_clam,index
OtherDemersals,1985,0.08281405,0.02210693,1,nefsc_trawl,index
OtherDemersals,1986,0.08828559,0.02410119,1,nefsc_trawl,index
OtherDemersals,1987,0.13229956,0.02642652,1,nefsc_trawl,index
OtherDemersals,1988,0.08757062,0.02189722,1,nefsc_trawl,index
OtherDemersals,1989,0.14113965,0.04469383,1,nefsc_trawl,index
OtherDemersals,1990,0.27336285,0.13896938,1,nefsc_trawl,index
OtherDemersals,1991,0.12822683000000001,0.02713855,1,nefsc_trawl,index
OtherDemersals,1992,0.14504795,0.04427453,1,nefsc_trawl,index
OtherDemersals,1993,0.09847512,0.02731439,1,nefsc_trawl,index
OtherDemersals,1994,0.16613829,0.05214306,1,nefsc_trawl,index
OtherDemersals,1995,0.34887821,0.1638928,1,nefsc_trawl,index
OtherDemersals,1996,0.22568109,0.06836249,1,nefsc_trawl,index
OtherDemersals,1997,0.26354921,0.08433732,1,nefsc_trawl,index
OtherDemersals,1998,0.44637182,0.11640626,1,nefsc_trawl,index
OtherDemersals,1999,0.12224036,0.02497153,1,nefsc_trawl,index
OtherDemersals,2000,0.22686134,0.06523298,1,nefsc_trawl,index
OtherDemersals,2001,0.16983073,0.03954927,1,nefsc_trawl,index
OtherDemersals,2002,0.28189433,0.07136682,1,nefsc_trawl,index
OtherDemersals,2003,0.14523522,0.03288728,1,nefsc_trawl,index
OtherDemersals,2004,0.17811467,0.05008054,1,nefsc_trawl,index
OtherDemersals,2005,0.16861938,0.04624586,1,nefsc_trawl,index
OtherDemersals,2006,0.13894033,0.03591705,1,nefsc_trawl,index
OtherDemersals,2007,0.18577519,0.04713287,1,nefsc_trawl,index
OtherDemersals,2008,0.12438001,0.02339476,1,nefsc_trawl,index
OtherDemersals,2009,0.06914381,0.01249357,1,nefsc_trawl,index
OtherDemersals,2010,0.066439,0.0142888,1,nefsc_trawl,index
OtherDemersals,2011,0.15368523,0.06136916,1,nefsc_trawl,index
OtherDemersals,2012,0.06743078,0.01606928,1,nefsc_trawl,index
OtherDemersals,2013,0.09040582,0.02581233,1,nefsc_trawl,index
OtherDemersals,2014,0.10026447,0.02989847,1,nefsc_trawl,index
OtherDemersals,2015,0.12515891,0.03394262,1,nefsc_trawl,index
OtherDemersals,2016,0.08924645,0.01786785,1,nefsc_trawl,index
OtherDemersals,2017,0.16871755,0.07902316,1,nefsc_trawl,index
OtherDemersals,2018,0.06215041,0.01140832,1,nefsc_trawl,index
OtherDemersals,2019,0.09779692,0.02769504,1,nefsc_trawl,index
OtherDemersals,2021,0.11551987,0.02501909,1,nefsc_trawl,index
OtherDemersals,2022,0.25036257,0.11575084,1,nefsc_trawl,index
OtherDemersals,2023,0.26273646,0.06866504,1,nefsc_trawl,index
OtherDemersals,2024,0.20011441,0.04060314,1,nefsc_trawl,index
OtherDemersals,2025,0.1790134,0.06062144,1,nefsc_trawl,index
OtherPelagics,1985,1.5547e-4,1.5547e-4,1,nefsc_trawl,index
OtherPelagics,1986,3.0382e-4,2.3236e-4,1,nefsc_trawl,index
OtherPelagics,1987,7.891e-5,7.891e-5,1,nefsc_trawl,index
OtherPelagics,1989,8.828e-5,6.242e-5,1,nefsc_trawl,index
OtherPelagics,1990,6.944e-5,6.944e-5,1,nefsc_trawl,index
OtherPelagics,1992,8.267e-5,5.846e-5,1,nefsc_trawl,index
OtherPelagics,1993,0.00272817,0.00260579,1,nefsc_trawl,index
OtherPelagics,1995,1.2019e-4,1.2019e-4,1,nefsc_trawl,index
OtherPelagics,1997,1.1322e-4,8.389e-5,1,nefsc_trawl,index
OtherPelagics,1998,1.3242e-4,1.3242e-4,1,nefsc_trawl,index
OtherPelagics,1999,1.5547e-4,1.5547e-4,1,nefsc_trawl,index
OtherPelagics,2001,7.927e-5,6.848e-5,1,nefsc_trawl,index
OtherPelagics,2002,5.129e-5,5.129e-5,1,nefsc_trawl,index
OtherPelagics,2003,2.772e-5,2.488e-5,1,nefsc_trawl,index
OtherPelagics,2006,2.1187e-4,1.5873e-4,1,nefsc_trawl,index
OtherPelagics,2007,7.2881e-4,6.789e-4,1,nefsc_trawl,index
OtherPelagics,2008,8.013e-5,7.082e-5,1,nefsc_trawl,index
OtherPelagics,2009,6.993e-4,3.692e-4,1,nefsc_trawl,index
OtherPelagics,2010,0.00280446,0.00222621,1,nefsc_trawl,index
OtherPelagics,2011,0.0125333,0.01117428,1,nefsc_trawl,index
OtherPelagics,2012,0.00129386,8.2385e-4,1,nefsc_trawl,index
OtherPelagics,2013,0.00401363,0.00206826,1,nefsc_trawl,index
OtherPelagics,2014,1.335e-5,7.83e-6,1,nefsc_trawl,index
OtherPelagics,2015,0.00100462,5.653e-4,1,nefsc_trawl,index
OtherPelagics,2016,0.05935992,0.05926879,1,nefsc_trawl,index
OtherPelagics,2017,0.00035706000000000003,2.573e-4,1,nefsc_trawl,index
OtherPelagics,2018,0.00181631,0.00131492,1,nefsc_trawl,index
OtherPelagics,2019,0.00133597,5.8156e-4,1,nefsc_trawl,index
OtherPelagics,2021,8.5661e-4,4.6687e-4,1,nefsc_trawl,index
OtherPelagics,2022,0.00200391,0.00129586,1,nefsc_trawl,index
OtherPelagics,2023,5.7465e-4,3.1302e-4,1,nefsc_trawl,index
OtherPelagics,2024,2.7219e-4,1.1415e-4,1,nefsc_trawl,index
OtherPelagics,2025,0.17913988,0.17562855,1,nefsc_trawl,index
OtherShrimps,1985,0.00206001,0.00100385,1,nefsc_trawl,index
OtherShrimps,1986,0.01840278,0.01042216,1,nefsc_trawl,index
OtherShrimps,1987,0.00311711,0.0025559,1,nefsc_trawl,index
OtherShrimps,1988,0.00110346,0.00110346,1,nefsc_trawl,index
OtherShrimps,1989,0.0032221,0.0016385,1,nefsc_trawl,index
OtherShrimps,1990,0.00402778,0.00329786,1,nefsc_trawl,index
OtherShrimps,1991,9.3284e-4,3.5803e-4,1,nefsc_trawl,index
OtherShrimps,1992,8.6806e-4,4.6429e-4,1,nefsc_trawl,index
OtherShrimps,1993,7.4405e-4,6.3035e-4,1,nefsc_trawl,index
OtherShrimps,1994,0.00317029,0.00135107,1,nefsc_trawl,index
OtherShrimps,1995,0.00260417,0.00151826,1,nefsc_trawl,index
OtherShrimps,1996,8.8141e-4,6.2582e-4,1,nefsc_trawl,index
OtherShrimps,1997,0.00128321,5.5585e-4,1,nefsc_trawl,index
OtherShrimps,1998,1.7655e-4,1.2484e-4,1,nefsc_trawl,index
OtherShrimps,1999,2.7208e-4,1.4947e-4,1,nefsc_trawl,index
OtherShrimps,2000,6.4037e-4,4.8794e-4,1,nefsc_trawl,index
OtherShrimps,2001,3.9867e-4,3.3884e-4,1,nefsc_trawl,index
OtherShrimps,2002,5.879e-5,5.172e-5,1,nefsc_trawl,index
OtherShrimps,2003,0.00117188,7.3219e-4,1,nefsc_trawl,index
OtherShrimps,2004,0.00139468,6.9136e-4,1,nefsc_trawl,index
OtherShrimps,2005,0.00234212,0.00154049,1,nefsc_trawl,index
OtherShrimps,2006,0.00216146,0.00107519,1,nefsc_trawl,index
OtherShrimps,2007,0.00557006,0.00286882,1,nefsc_trawl,index
OtherShrimps,2008,3.155e-4,1.8803e-4,1,nefsc_trawl,index
OtherShrimps,2009,5.216e-4,2.9228e-4,1,nefsc_trawl,index
OtherShrimps,2010,4.7564e-4,2.8354e-4,1,nefsc_trawl,index
OtherShrimps,2011,0.00120347,9.9411e-4,1,nefsc_trawl,index
OtherShrimps,2012,0.00106976,5.2965e-4,1,nefsc_trawl,index
OtherShrimps,2013,0.01840111,0.00777819,1,nefsc_trawl,index
OtherShrimps,2014,0.00229935,0.00135304,1,nefsc_trawl,index
OtherShrimps,2015,3.3341e-4,1.8514e-4,1,nefsc_trawl,index
OtherShrimps,2016,9.5532e-4,4.5151e-4,1,nefsc_trawl,index
OtherShrimps,2017,1.3368e-4,7.025e-5,1,nefsc_trawl,index
OtherShrimps,2018,2.1844e-4,7.081e-5,1,nefsc_trawl,index
OtherShrimps,2019,0.00716146,0.00284041,1,nefsc_trawl,index
OtherShrimps,2021,0.00275016,0.0011979,1,nefsc_trawl,index
OtherShrimps,2022,4.158e-4,9.446e-5,1,nefsc_trawl,index
OtherShrimps,2023,0.00152995,4.8731e-4,1,nefsc_trawl,index
OtherShrimps,2024,0.00133704,5.8016e-4,1,nefsc_trawl,index
OtherShrimps,2025,0.00128274,5.2719e-4,1,nefsc_trawl,index
OtherSkates,1985,0.01080535,0.00682874,1,nefsc_trawl,index
OtherSkates,1986,0.01050347,0.00542762,1,nefsc_trawl,index
OtherSkates,1987,0.00544508,0.00242189,1,nefsc_trawl,index
OtherSkates,1988,0.02061264,0.0147203,1,nefsc_trawl,index
OtherSkates,1989,0.01138771,0.00847772,1,nefsc_trawl,index
OtherSkates,1990,0.03618056,0.02139421,1,nefsc_trawl,index
OtherSkates,1991,0.03327114,0.02664569,1,nefsc_trawl,index
OtherSkates,1992,0.00235615,0.00176558,1,nefsc_trawl,index
OtherSkates,1993,0.05497685,0.04575827,1,nefsc_trawl,index
OtherSkates,1994,0.02796649,0.02622662,1,nefsc_trawl,index
OtherSkates,1995,0.01610577,0.0095523,1,nefsc_trawl,index
OtherSkates,1996,0.00560897,0.00390327,1,nefsc_trawl,index
OtherSkates,1997,0.02456975,0.01722803,1,nefsc_trawl,index
OtherSkates,1998,0.00176554,0.00172196,1,nefsc_trawl,index
OtherSkates,1999,0.01239894,0.00846572,1,nefsc_trawl,index
OtherSkates,2000,0.00900786,0.00435904,1,nefsc_trawl,index
OtherSkates,2001,0.00848269,0.00561742,1,nefsc_trawl,index
OtherSkates,2002,0.00241951,0.00109337,1,nefsc_trawl,index
OtherSkates,2003,0.01090432,0.00604321,1,nefsc_trawl,index
OtherSkates,2004,3.4722e-4,3.4722e-4,1,nefsc_trawl,index
OtherSkates,2005,0.00378418,0.0023963500000000002,1,nefsc_trawl,index
OtherSkates,2006,0.00387731,0.00273892,1,nefsc_trawl,index
OtherSkates,2007,0.00128425,9.4281e-4,1,nefsc_trawl,index
OtherSkates,2008,0.00155916,0.00105334,1,nefsc_trawl,index
OtherSkates,2009,0.00607668,0.00311891,1,nefsc_trawl,index
OtherSkates,2010,0.00584476,0.00247353,1,nefsc_trawl,index
OtherSkates,2011,0.00782262,0.00305252,1,nefsc_trawl,index
OtherSkates,2012,0.00257635,9.0163e-4,1,nefsc_trawl,index
OtherSkates,2013,0.0044893,0.0017657,1,nefsc_trawl,index
OtherSkates,2014,0.00897765,0.00401772,1,nefsc_trawl,index
OtherSkates,2015,0.00112309,5.0391e-4,1,nefsc_trawl,index
OtherSkates,2016,0.00484345,0.00157236,1,nefsc_trawl,index
OtherSkates,2017,0.0019153,8.932e-4,1,nefsc_trawl,index
OtherSkates,2018,0.005666,0.00222121,1,nefsc_trawl,index
OtherSkates,2019,0.0045438,0.00169325,1,nefsc_trawl,index
OtherSkates,2021,0.00407435,0.00169514,1,nefsc_trawl,index
OtherSkates,2022,0.00372888,0.00169497,1,nefsc_trawl,index
OtherSkates,2023,0.00536333,0.00218953,1,nefsc_trawl,index
OtherSkates,2024,0.0052906,0.00162127,1,nefsc_trawl,index
OtherSkates,2025,0.00357938,0.00184564,1,nefsc_trawl,index
Pollock,1985,0.00641325,0.00585051,1,nefsc_trawl,index
Pollock,1986,3.0382e-4,3.0382e-4,1,nefsc_trawl,index
Pollock,1987,2.762e-4,2.762e-4,1,nefsc_trawl,index
Pollock,1988,0.00158898,8.6326e-4,1,nefsc_trawl,index
Pollock,1989,0.00291314,0.00256899,1,nefsc_trawl,index
Pollock,1990,0.01423611,0.01003894,1,nefsc_trawl,index
Pollock,1991,1.166e-4,1.166e-4,1,nefsc_trawl,index
Pollock,1992,4.1336e-4,2.8992e-4,1,nefsc_trawl,index
Pollock,1993,0.00508433,0.00278112,1,nefsc_trawl,index
Pollock,1994,0.03317482,0.03283076,1,nefsc_trawl,index
Pollock,1995,0.00777244,0.00395992,1,nefsc_trawl,index
Pollock,1996,0.00460737,0.00323147,1,nefsc_trawl,index
Pollock,1997,0.01860658,0.01515526,1,nefsc_trawl,index
Pollock,1998,0.02604167,0.02052783,1,nefsc_trawl,index
Pollock,1999,0.00136039,0.00121256,1,nefsc_trawl,index
Pollock,2000,6.4037e-4,5.6011e-4,1,nefsc_trawl,index
Pollock,2001,0.00457644,0.00324789,1,nefsc_trawl,index
Pollock,2002,0.42138021,0.41583597,1,nefsc_trawl,index
Pollock,2003,0.00324093,0.00226581,1,nefsc_trawl,index
Pollock,2004,0.00465443,0.00326942,1,nefsc_trawl,index
Pollock,2005,0.00171712,0.00171712,1,nefsc_trawl,index
Pollock,2008,0.00409989,0.00409989,1,nefsc_trawl,index
Pollock,2009,0.00242417,0.0017875,1,nefsc_trawl,index
Pollock,2010,0.00292203,0.00175376,1,nefsc_trawl,index
Pollock,2011,0.02344604,0.02263736,1,nefsc_trawl,index
Pollock,2012,0.0010821,7.3188e-4,1,nefsc_trawl,index
Pollock,2013,0.00106378,7.6287e-4,1,nefsc_trawl,index
Pollock,2014,0.00386852,0.0033536,1,nefsc_trawl,index
Pollock,2015,9.0376e-4,5.5839e-4,1,nefsc_trawl,index
Pollock,2016,0.00398198,0.00359475,1,nefsc_trawl,index
Pollock,2018,0.00244092,0.00176924,1,nefsc_trawl,index
Pollock,2019,4.3486e-4,4.3486e-4,1,nefsc_trawl,index
Pollock,2021,0.00151121,0.00151121,1,nefsc_trawl,index
Pollock,2022,1.046e-4,1.046e-4,1,nefsc_trawl,index
RedHake,1985,0.07509678,0.03073067,1,nefsc_trawl,index
RedHake,1986,0.08579514,0.05130683,1,nefsc_trawl,index
RedHake,1987,0.02690972,0.00943369,1,nefsc_trawl,index
RedHake,1988,0.03751766,0.0169921,1,nefsc_trawl,index
RedHake,1989,0.13459569,0.0683455,1,nefsc_trawl,index
RedHake,1990,0.05881111,0.02868136,1,nefsc_trawl,index
RedHake,1991,0.04965135,0.01955378,1,nefsc_trawl,index
RedHake,1992,0.06601356,0.02199953,1,nefsc_trawl,index
RedHake,1993,0.07471561,0.04006796,1,nefsc_trawl,index
RedHake,1994,0.0966561,0.0533897,1,nefsc_trawl,index
RedHake,1995,0.02063301,0.00609858,1,nefsc_trawl,index
RedHake,1996,0.02924679,0.01025035,1,nefsc_trawl,index
RedHake,1997,0.01815368,0.00717504,1,nefsc_trawl,index
RedHake,1998,0.11091984,0.05527296,1,nefsc_trawl,index
RedHake,1999,0.02421486,0.00994194,1,nefsc_trawl,index
RedHake,2000,0.05434597,0.02346338,1,nefsc_trawl,index
RedHake,2001,0.04089346,0.02018164,1,nefsc_trawl,index
RedHake,2002,0.05417732,0.01742212,1,nefsc_trawl,index
RedHake,2003,0.02702033,0.01332742,1,nefsc_trawl,index
RedHake,2004,0.03382234,0.01797752,1,nefsc_trawl,index
RedHake,2005,0.03047974,0.01248145,1,nefsc_trawl,index
RedHake,2006,0.05648855,0.02266517,1,nefsc_trawl,index
RedHake,2007,0.04141731,0.01434558,1,nefsc_trawl,index
RedHake,2008,0.02195246,0.00716248,1,nefsc_trawl,index
RedHake,2009,0.0733821,0.01810615,1,nefsc_trawl,index
RedHake,2010,0.08069713,0.02516367,1,nefsc_trawl,index
RedHake,2011,0.11439336,0.03675494,1,nefsc_trawl,index
RedHake,2012,0.0588416,0.01261776,1,nefsc_trawl,index
RedHake,2013,0.08421506,0.0348593,1,nefsc_trawl,index
RedHake,2014,0.04144832,0.0082635,1,nefsc_trawl,index
RedHake,2015,0.05064481,0.01333814,1,nefsc_trawl,index
RedHake,2016,0.05230983,0.01148264,1,nefsc_trawl,index
RedHake,2017,0.04305999,0.00883682,1,nefsc_trawl,index
RedHake,2018,0.03235891,0.00760547,1,nefsc_trawl,index
RedHake,2019,0.05944766,0.01723593,1,nefsc_trawl,index
RedHake,2021,0.02958031,0.00583335,1,nefsc_trawl,index
RedHake,2022,0.13955556,0.05054131,1,nefsc_trawl,index
RedHake,2023,0.04048857,0.0135271,1,nefsc_trawl,index
RedHake,2024,0.04618281,0.01014177,1,nefsc_trawl,index
RedHake,2025,0.07721999,0.02954684,1,nefsc_trawl,index
Redfish,1985,7.7736e-4,6.1176e-4,1,nefsc_trawl,index
Redfish,1986,0.00820313,0.00776869,1,nefsc_trawl,index
Redfish,1987,1.5783e-4,1.5783e-4,1,nefsc_trawl,index
Redfish,1988,4.414e-5,4.414e-5,1,nefsc_trawl,index
Redfish,1989,4.414e-5,4.414e-5,1,nefsc_trawl,index
Redfish,1990,6.944e-5,6.944e-5,1,nefsc_trawl,index
Redfish,1991,0.00365361,0.00269337,1,nefsc_trawl,index
Redfish,1992,0.00276951,0.00276951,1,nefsc_trawl,index
Redfish,1993,2.4802e-4,2.1012e-4,1,nefsc_trawl,index
Redfish,1994,0.00128321,0.00128321,1,nefsc_trawl,index
Redfish,1995,0,0,1,nefsc_trawl,index
Redfish,1996,2.8045e-4,1.8167e-4,1,nefsc_trawl,index
Redfish,1997,0.00418931,0.0036735,1,nefsc_trawl,index
Redfish,1998,2.2069e-4,1.3037e-4,1,nefsc_trawl,index
Redfish,1999,0.06327736,0.0624541,1,nefsc_trawl,index
Redfish,2000,0.00448258,0.00435426,1,nefsc_trawl,index
Redfish,2001,0.00544616,0.00544577,1,nefsc_trawl,index
Redfish,2002,2.7225e-4,2.7225e-4,1,nefsc_trawl,index
Redfish,2003,0.00182292,0.00182292,1,nefsc_trawl,index
Redfish,2004,0.00917659,0.00917659,1,nefsc_trawl,index
Redfish,2005,5.9611e-4,4.3101e-4,1,nefsc_trawl,index
Redfish,2006,0.02125129,0.02125129,1,nefsc_trawl,index
Redfish,2007,3.9954e-4,3.9954e-4,1,nefsc_trawl,index
Redfish,2008,0.00105235,0.00102827,1,nefsc_trawl,index
Redfish,2009,7.138e-5,7.138e-5,1,nefsc_trawl,index
Redfish,2010,0.00378142,0.00359389,1,nefsc_trawl,index
Redfish,2011,2.9787e-4,1.7575e-4,1,nefsc_trawl,index
Redfish,2012,0.01279527,0.01173867,1,nefsc_trawl,index
Redfish,2013,3.6542e-4,2.0874e-4,1,nefsc_trawl,index
Redfish,2014,3.0612e-4,1.762e-4,1,nefsc_trawl,index
Redfish,2015,2.4729e-4,1.8173e-4,1,nefsc_trawl,index
Redfish,2016,0.07773488,0.05813388,1,nefsc_trawl,index
Redfish,2017,2.8668e-4,2.8668e-4,1,nefsc_trawl,index
Redfish,2018,0.00369655,0.00369655,1,nefsc_trawl,index
Redfish,2019,0.00969984,0.00714241,1,nefsc_trawl,index
Redfish,2021,3.3e-7,3.3e-7,1,nefsc_trawl,index
Redfish,2022,5.4408e-4,3.9982e-4,1,nefsc_trawl,index
Redfish,2023,0.01236451,0.01206067,1,nefsc_trawl,index
Redfish,2024,8.9259e-4,8.9259e-4,1,nefsc_trawl,index
Redfish,2025,0.00998623,0.00842199,1,nefsc_trawl,index
RiverHerring,1985,1.4537e-4,1.0226e-4,1,nefsc_trawl,index
RiverHerring,1986,3.776e-4,3.776e-4,1,nefsc_trawl,index
RiverHerring,1987,0.00153883,7.6405e-4,1,nefsc_trawl,index
RiverHerring,1989,1.7655e-4,1.2376e-4,1,nefsc_trawl,index
RiverHerring,1990,1.0417e-4,1.0417e-4,1,nefsc_trawl,index
RiverHerring,1991,6.763e-5,6.763e-5,1,nefsc_trawl,index
RiverHerring,1993,5.3323e-4,2.809e-4,1,nefsc_trawl,index
RiverHerring,1994,4.529e-4,2.8626e-4,1,nefsc_trawl,index
RiverHerring,1995,2.4038e-4,1.3752e-4,1,nefsc_trawl,index
RiverHerring,1996,0.00344551,0.00156939,1,nefsc_trawl,index
RiverHerring,1997,7.9257e-4,3.4482e-4,1,nefsc_trawl,index
RiverHerring,1998,0.01235876,0.01133581,1,nefsc_trawl,index
RiverHerring,1999,1.9434e-4,1.6026e-4,1,nefsc_trawl,index
RiverHerring,2000,0.00234802,0.0011814,1,nefsc_trawl,index
RiverHerring,2001,0.00413067,0.0037373800000000002,1,nefsc_trawl,index
RiverHerring,2002,8.681e-5,8.681e-5,1,nefsc_trawl,index
RiverHerring,2004,0.00112599,0.00105839,1,nefsc_trawl,index
RiverHerring,2005,1.2207e-4,8.803e-5,1,nefsc_trawl,index
RiverHerring,2006,1.286e-4,1.11e-4,1,nefsc_trawl,index
RiverHerring,2007,2.283e-5,2.283e-5,1,nefsc_trawl,index
RiverHerring,2009,0.00162814,0.00130068,1,nefsc_trawl,index
RiverHerring,2010,0.00147563,9.8468e-4,1,nefsc_trawl,index
RiverHerring,2011,9.1344e-4,4.433e-4,1,nefsc_trawl,index
RiverHerring,2012,4.0804e-4,1.7144e-4,1,nefsc_trawl,index
RiverHerring,2013,0.00335545,0.00209109,1,nefsc_trawl,index
RiverHerring,2014,5.943e-5,5.943e-5,1,nefsc_trawl,index
RiverHerring,2015,8.003e-5,6.365e-5,1,nefsc_trawl,index
RiverHerring,2017,8.47e-5,8.47e-5,1,nefsc_trawl,index
RiverHerring,2018,4.5723e-4,2.4187e-4,1,nefsc_trawl,index
RiverHerring,2019,0.00138361,0.00110345,1,nefsc_trawl,index
RiverHerring,2021,2.9306e-4,2.1054e-4,1,nefsc_trawl,index
RiverHerring,2022,3.686e-4,2.3415e-4,1,nefsc_trawl,index
RiverHerring,2023,5.5354e-4,2.1637e-4,1,nefsc_trawl,index
RiverHerring,2024,8.0635e-4,3.9963e-4,1,nefsc_trawl,index
RiverHerring,2025,9.6733e-4,6.3147e-4,1,nefsc_trawl,index
Scup,1985,0.02180504,0.01235964,1,nefsc_trawl,index
Scup,1986,0.00698785,0.00454756,1,nefsc_trawl,index
Scup,1987,0.00402462,0.00303955,1,nefsc_trawl,index
Scup,1988,0.00260417,0.00214146,1,nefsc_trawl,index
Scup,1989,0.00556144,0.002681,1,nefsc_trawl,index
Scup,1990,0.00524306,0.00252773,1,nefsc_trawl,index
Scup,1991,0.0087842,0.00521682,1,nefsc_trawl,index
Scup,1992,0.00628307,0.00300682,1,nefsc_trawl,index
Scup,1993,7.0271e-4,5.5029e-4,1,nefsc_trawl,index
Scup,1994,2.2645e-4,1.6779e-4,1,nefsc_trawl,index
Scup,1995,0.00625,0.00475504,1,nefsc_trawl,index
Scup,1996,0.0021234,0.00122851,1,nefsc_trawl,index
Scup,1997,1.5097e-4,1.5097e-4,1,nefsc_trawl,index
Scup,1998,0.00154484,9.5296e-4,1,nefsc_trawl,index
Scup,1999,0.01877332,0.01338024,1,nefsc_trawl,index
Scup,2000,0.02271175,0.02019585,1,nefsc_trawl,index
Scup,2001,0.00987898,0.009834,1,nefsc_trawl,index
Scup,2002,1.7164e-4,9.789e-5,1,nefsc_trawl,index
Scup,2003,0.08977319,0.05695169,1,nefsc_trawl,index
Scup,2004,0.00400959,0.00400959,1,nefsc_trawl,index
Scup,2005,0.0020634,0.00154387,1,nefsc_trawl,index
Scup,2006,0.00738876,0.00606434,1,nefsc_trawl,index
Scup,2007,0.01159282,0.00966919,1,nefsc_trawl,index
Scup,2008,0.01252638,0.00790284,1,nefsc_trawl,index
Scup,2009,0.00979903,0.00764298,1,nefsc_trawl,index
Scup,2010,0.04062194,0.03643489,1,nefsc_trawl,index
Scup,2011,0.01198398,0.00756069,1,nefsc_trawl,index
Scup,2012,0.0157931,0.01193496,1,nefsc_trawl,index
Scup,2013,0.0436075,0.03176687,1,nefsc_trawl,index
Scup,2014,0.03794316,0.02079083,1,nefsc_trawl,index
Scup,2015,0.11447937,0.0635442,1,nefsc_trawl,index
Scup,2016,0.05547018,0.02404066,1,nefsc_trawl,index
Scup,2018,0.01598788,0.00957833,1,nefsc_trawl,index
Scup,2019,0.01623238,0.01061271,1,nefsc_trawl,index
Scup,2021,0.06366414,0.03763605,1,nefsc_trawl,index
Scup,2022,0.21941151,0.07878033,1,nefsc_trawl,index
Scup,2023,0.09100696,0.04774601,1,nefsc_trawl,index
Scup,2024,0.12463246,0.08207638,1,nefsc_trawl,index
Scup,2025,0.0678061,0.05383094,1,nefsc_trawl,index
Sharks,1994,1.1322e-4,1.1322e-4,1,nefsc_trawl,index
Sharks,1996,4.006e-5,4.006e-5,1,nefsc_trawl,index
Sharks,2008,0.02329728,0.02320398,1,nefsc_trawl,index
Sharks,2010,0.00128638,8.0387e-4,1,nefsc_trawl,index
Sharks,2011,4.7345e-4,3.4052e-4,1,nefsc_trawl,index
Sharks,2012,2.775e-5,2.775e-5,1,nefsc_trawl,index
Sharks,2013,0.00112051,9.1062e-4,1,nefsc_trawl,index
Sharks,2014,9.4151e-4,4.0984e-4,1,nefsc_trawl,index
Sharks,2015,2.4464e-4,1.4927e-4,1,nefsc_trawl,index
Sharks,2016,0.00257573,0.00176728,1,nefsc_trawl,index
Sharks,2017,7.5e-4,4.2471e-4,1,nefsc_trawl,index
Sharks,2018,0.00559663,0.00330527,1,nefsc_trawl,index
Sharks,2019,0.00231485,0.00111517,1,nefsc_trawl,index
Sharks,2021,0.00202257,0.00134116,1,nefsc_trawl,index
Sharks,2022,0.00369054,0.00225014,1,nefsc_trawl,index
Sharks,2023,0.00114497,7.1087e-4,1,nefsc_trawl,index
Sharks,2024,0.01317102,0.00859054,1,nefsc_trawl,index
Sharks,2025,0.02074777,0.01310598,1,nefsc_trawl,index
SilverHake,1985,0.06537624,0.01606626,1,nefsc_trawl,index
SilverHake,1986,0.08841146,0.02744242,1,nefsc_trawl,index
SilverHake,1987,0.07378472,0.01848528,1,nefsc_trawl,index
SilverHake,1988,0.08315678,0.01740528,1,nefsc_trawl,index
SilverHake,1989,0.07066561,0.01694404,1,nefsc_trawl,index
SilverHake,1990,0.09913194,0.02142303,1,nefsc_trawl,index
SilverHake,1991,0.04244403,0.00898638,1,nefsc_trawl,index
SilverHake,1992,0.08618552,0.0389001,1,nefsc_trawl,index
SilverHake,1993,0.03769841,0.01590228,1,nefsc_trawl,index
SilverHake,1994,0.05427234,0.01480271,1,nefsc_trawl,index
SilverHake,1995,0.02191506,0.00543709,1,nefsc_trawl,index
SilverHake,1996,0.03754006,0.00941754,1,nefsc_trawl,index
SilverHake,1997,0.03226902,0.00929962,1,nefsc_trawl,index
SilverHake,1998,0.04210805,0.01490966,1,nefsc_trawl,index
SilverHake,1999,0.02266014,0.00657773,1,nefsc_trawl,index
SilverHake,2000,0.06181694,0.02083458,1,nefsc_trawl,index
SilverHake,2001,0.06535041,0.0126871,1,nefsc_trawl,index
SilverHake,2002,0.09859651,0.03923052,1,nefsc_trawl,index
SilverHake,2003,0.04140373,0.01383728,1,nefsc_trawl,index
SilverHake,2004,0.05666377,0.01950709,1,nefsc_trawl,index
SilverHake,2005,0.0383256,0.01289828,1,nefsc_trawl,index
SilverHake,2006,0.03543081,0.01088283,1,nefsc_trawl,index
SilverHake,2007,0.05174729,0.01974648,1,nefsc_trawl,index
SilverHake,2008,0.06159288,0.01330004,1,nefsc_trawl,index
SilverHake,2009,0.10210304,0.02663832,1,nefsc_trawl,index
SilverHake,2010,0.06325029,0.01142689,1,nefsc_trawl,index
SilverHake,2011,0.13546034,0.03339513,1,nefsc_trawl,index
SilverHake,2012,0.07902952,0.01956993,1,nefsc_trawl,index
SilverHake,2013,0.08840634,0.02171793,1,nefsc_trawl,index
SilverHake,2014,0.0918113,0.02684534,1,nefsc_trawl,index
SilverHake,2015,0.04760527,0.01247049,1,nefsc_trawl,index
SilverHake,2016,0.04572295,0.01143039,1,nefsc_trawl,index
SilverHake,2017,0.05425486,0.01414654,1,nefsc_trawl,index
SilverHake,2018,0.03457798,0.00821197,1,nefsc_trawl,index
SilverHake,2019,0.04767859,0.00916466,1,nefsc_trawl,index
SilverHake,2021,0.08845101,0.02482489,1,nefsc_trawl,index
SilverHake,2022,0.09799244,0.02235477,1,nefsc_trawl,index
SilverHake,2023,0.09854275,0.02049663,1,nefsc_trawl,index
SilverHake,2024,0.08388701,0.01585439,1,nefsc_trawl,index
SilverHake,2025,0.13134564,0.05260517,1,nefsc_trawl,index
SmFlatfishes,1985,2.7985e-4,1.3621e-4,1,nefsc_trawl,index
SmFlatfishes,1986,2.6042e-4,1.6022e-4,1,nefsc_trawl,index
SmFlatfishes,1987,3.5511e-4,1.8552e-4,1,nefsc_trawl,index
SmFlatfishes,1988,4.4138e-4,1.9046e-4,1,nefsc_trawl,index
SmFlatfishes,1989,5.2966e-4,2.7658e-4,1,nefsc_trawl,index
SmFlatfishes,1990,0.0021875,9.6296e-4,1,nefsc_trawl,index
SmFlatfishes,1991,7.2295e-4,2.9221e-4,1,nefsc_trawl,index
SmFlatfishes,1992,0.00107474,5.6716e-4,1,nefsc_trawl,index
SmFlatfishes,1993,2.4802e-4,1.2849e-4,1,nefsc_trawl,index
SmFlatfishes,1994,3.0193e-4,1.3746e-4,1,nefsc_trawl,index
SmFlatfishes,1995,1.6026e-4,9.685e-5,1,nefsc_trawl,index
SmFlatfishes,1996,0,0,1,nefsc_trawl,index
SmFlatfishes,1997,3.3967e-4,1.6052e-4,1,nefsc_trawl,index
SmFlatfishes,1998,6.1794e-4,3.231e-4,1,nefsc_trawl,index
SmFlatfishes,1999,1.5547e-4,9.473e-5,1,nefsc_trawl,index
SmFlatfishes,2000,4.696e-4,2.153e-4,1,nefsc_trawl,index
SmFlatfishes,2001,2.7765e-4,1.3088e-4,1,nefsc_trawl,index
SmFlatfishes,2002,0.00120818,4.4533e-4,1,nefsc_trawl,index
SmFlatfishes,2003,6.4894e-4,2.4671e-4,1,nefsc_trawl,index
SmFlatfishes,2004,2.5628e-4,7.916e-5,1,nefsc_trawl,index
SmFlatfishes,2005,0.00118368,4.8586e-4,1,nefsc_trawl,index
SmFlatfishes,2006,9.2368e-4,2.7303e-4,1,nefsc_trawl,index
SmFlatfishes,2007,9.4963e-4,3.0482e-4,1,nefsc_trawl,index
SmFlatfishes,2008,7.5821e-4,3.1639e-4,1,nefsc_trawl,index
SmFlatfishes,2009,0.00121106,5.6247e-4,1,nefsc_trawl,index
SmFlatfishes,2010,0.00169348,5.1434e-4,1,nefsc_trawl,index
SmFlatfishes,2011,6.0676e-4,2.5464e-4,1,nefsc_trawl,index
SmFlatfishes,2012,3.3502e-4,1.2119e-4,1,nefsc_trawl,index
SmFlatfishes,2013,5.9161e-4,1.7933e-4,1,nefsc_trawl,index
SmFlatfishes,2014,8.7672e-4,4.2884e-4,1,nefsc_trawl,index
SmFlatfishes,2015,3.0701e-4,8.079e-5,1,nefsc_trawl,index
SmFlatfishes,2016,1.8965e-4,1.0687e-4,1,nefsc_trawl,index
SmFlatfishes,2017,6.2121e-4,1.8294e-4,1,nefsc_trawl,index
SmFlatfishes,2018,0.00107508,3.6442e-4,1,nefsc_trawl,index
SmFlatfishes,2019,4.1923e-4,1.1237e-4,1,nefsc_trawl,index
SmFlatfishes,2021,5.5723e-4,2.0186e-4,1,nefsc_trawl,index
SmFlatfishes,2022,0.00139765,5.6215e-4,1,nefsc_trawl,index
SmFlatfishes,2023,6.5373e-4,2.9642e-4,1,nefsc_trawl,index
SmFlatfishes,2024,8.1942e-4,1.9799e-4,1,nefsc_trawl,index
SmFlatfishes,2025,6.0017e-4,3.11e-4,1,nefsc_trawl,index
SmoothDogfish,1985,0.00858986,0.00595899,1,nefsc_trawl,index
SmoothDogfish,1986,0.00577257,0.00369432,1,nefsc_trawl,index
SmoothDogfish,1987,0.00339331,0.00202576,1,nefsc_trawl,index
SmoothDogfish,1988,0.04546257,0.04018762,1,nefsc_trawl,index
SmoothDogfish,1989,0.00582627,0.00461107,1,nefsc_trawl,index
SmoothDogfish,1990,0.05628472,0.0519168,1,nefsc_trawl,index
SmoothDogfish,1991,0.01772388,0.01072714,1,nefsc_trawl,index
SmoothDogfish,1992,0.03335813,0.02021674,1,nefsc_trawl,index
SmoothDogfish,1993,0.06378142,0.03643046,1,nefsc_trawl,index
SmoothDogfish,1994,0.04495018,0.03498452,1,nefsc_trawl,index
SmoothDogfish,1995,0.09799679,0.06953813,1,nefsc_trawl,index
SmoothDogfish,1996,0.00989583,0.00507074,1,nefsc_trawl,index
SmoothDogfish,1997,0.00494414,0.00360997,1,nefsc_trawl,index
SmoothDogfish,1998,0.05949859,0.03062582,1,nefsc_trawl,index
SmoothDogfish,1999,0.00847326,0.00474043,1,nefsc_trawl,index
SmoothDogfish,2000,0.06254269,0.03203465,1,nefsc_trawl,index
SmoothDogfish,2001,0.02038526,0.00972036,1,nefsc_trawl,index
SmoothDogfish,2002,0.04989347,0.01631385,1,nefsc_trawl,index
SmoothDogfish,2003,0.03583249,0.01255201,1,nefsc_trawl,index
SmoothDogfish,2004,0.10912202,0.03843489,1,nefsc_trawl,index
SmoothDogfish,2005,0.10736491,0.04324759,1,nefsc_trawl,index
SmoothDogfish,2006,0.03220808,0.01900879,1,nefsc_trawl,index
SmoothDogfish,2007,0.09770976,0.043769,1,nefsc_trawl,index
SmoothDogfish,2008,0.04288128,0.02332474,1,nefsc_trawl,index
SmoothDogfish,2009,0.01047028,0.00686851,1,nefsc_trawl,index
SmoothDogfish,2010,0.01382123,0.00662808,1,nefsc_trawl,index
SmoothDogfish,2011,0.02034964,0.01023833,1,nefsc_trawl,index
SmoothDogfish,2012,0.01483827,0.00904708,1,nefsc_trawl,index
SmoothDogfish,2013,0.01024472,0.00588935,1,nefsc_trawl,index
SmoothDogfish,2014,0.03420072,0.00939434,1,nefsc_trawl,index
SmoothDogfish,2015,0.04120819,0.01456976,1,nefsc_trawl,index
SmoothDogfish,2016,0.14743387,0.0805405,1,nefsc_trawl,index
SmoothDogfish,2017,0.00379977,0.00214388,1,nefsc_trawl,index
SmoothDogfish,2018,0.02163091,0.00738779,1,nefsc_trawl,index
SmoothDogfish,2019,0.07619685,0.03079358,1,nefsc_trawl,index
SmoothDogfish,2021,0.15251499,0.05357851,1,nefsc_trawl,index
SmoothDogfish,2022,0.11945399,0.04222731,1,nefsc_trawl,index
SmoothDogfish,2023,0.06581684,0.01950777,1,nefsc_trawl,index
SmoothDogfish,2024,0.18702162,0.05331689,1,nefsc_trawl,index
SmoothDogfish,2025,0.08764509,0.034351,1,nefsc_trawl,index
SouthernDemersals,1985,7.774e-5,7.774e-5,1,nefsc_trawl,index
SouthernDemersals,1986,0,0,1,nefsc_trawl,index
SouthernDemersals,1989,0,0,1,nefsc_trawl,index
SouthernDemersals,1991,1.9434e-4,1.9434e-4,1,nefsc_trawl,index
SouthernDemersals,1995,0,0,1,nefsc_trawl,index
SouthernDemersals,1996,4.006e-5,4.006e-5,1,nefsc_trawl,index
SouthernDemersals,1998,0,0,1,nefsc_trawl,index
SouthernDemersals,1999,0.00186567,0.00182722,1,nefsc_trawl,index
SouthernDemersals,2000,0.00153689,0.00153689,1,nefsc_trawl,index
SouthernDemersals,2001,4.634e-5,3.499e-5,1,nefsc_trawl,index
SouthernDemersals,2003,8.4e-7,5.9e-7,1,nefsc_trawl,index
SouthernDemersals,2004,1.7072e-4,1.5742e-4,1,nefsc_trawl,index
SouthernDemersals,2005,1.63e-6,1.63e-6,1,nefsc_trawl,index
SouthernDemersals,2007,6.42e-6,6.42e-6,1,nefsc_trawl,index
SouthernDemersals,2008,6.7e-7,4.7e-7,1,nefsc_trawl,index
SouthernDemersals,2009,3.791e-5,3.083e-5,1,nefsc_trawl,index
SouthernDemersals,2010,1.034e-5,9.23e-6,1,nefsc_trawl,index
SouthernDemersals,2011,6.788e-5,4.599e-5,1,nefsc_trawl,index
SouthernDemersals,2012,1.816e-5,1.215e-5,1,nefsc_trawl,index
SouthernDemersals,2013,3.104e-5,1.447e-5,1,nefsc_trawl,index
SouthernDemersals,2014,1.2921e-4,1.0388e-4,1,nefsc_trawl,index
SouthernDemersals,2015,3.558e-5,2.179e-5,1,nefsc_trawl,index
SouthernDemersals,2016,3.598e-5,2.269e-5,1,nefsc_trawl,index
SouthernDemersals,2018,6.4832e-4,6.0934e-4,1,nefsc_trawl,index
SouthernDemersals,2019,8.4311e-4,5.6551e-4,1,nefsc_trawl,index
SouthernDemersals,2021,6.313e-5,4.506e-5,1,nefsc_trawl,index
SouthernDemersals,2022,4.246e-4,2.5275e-4,1,nefsc_trawl,index
SouthernDemersals,2023,0.00102244,7.1857e-4,1,nefsc_trawl,index
SouthernDemersals,2024,0.03598827,0.03511683,1,nefsc_trawl,index
SouthernDemersals,2025,0.00199267,0.00142586,1,nefsc_trawl,index
SpinyDogfish,1985,3.38122279,1.29659602,1,nefsc_trawl,index
SpinyDogfish,1986,2.91821267,1.57813318,1,nefsc_trawl,index
SpinyDogfish,1987,2.59008049,0.98770874,1,nefsc_trawl,index
SpinyDogfish,1988,2.55592338,1.44433606,1,nefsc_trawl,index
SpinyDogfish,1989,1.47302304,0.55870489,1,nefsc_trawl,index
SpinyDogfish,1990,4.29145313,2.08798438,1,nefsc_trawl,index
SpinyDogfish,1991,2.75610308,1.36598983,1,nefsc_trawl,index
SpinyDogfish,1992,6.66972553,2.80875844,1,nefsc_trawl,index
SpinyDogfish,1993,2.62623884,1.35233031,1,nefsc_trawl,index
SpinyDogfish,1994,0.68391455,0.46864281,1,nefsc_trawl,index
SpinyDogfish,1995,1.79579327,0.86001747,1,nefsc_trawl,index
SpinyDogfish,1996,4.1541266,2.28795695,1,nefsc_trawl,index
SpinyDogfish,1997,2.56216033,1.11995321,1,nefsc_trawl,index
SpinyDogfish,1998,6.19032486,2.86204694,1,nefsc_trawl,index
SpinyDogfish,1999,2.56059546,0.79697349,1,nefsc_trawl,index
SpinyDogfish,2000,1.51494194,0.75432153,1,nefsc_trawl,index
SpinyDogfish,2001,4.48998813,1.73605814,1,nefsc_trawl,index
SpinyDogfish,2002,2.14842685,0.77425891,1,nefsc_trawl,index
SpinyDogfish,2003,3.19821111,2.19205373,1,nefsc_trawl,index
SpinyDogfish,2004,2.30782283,0.66145432,1,nefsc_trawl,index
SpinyDogfish,2005,9.4589327,3.5319253,1,nefsc_trawl,index
SpinyDogfish,2006,4.66339313,2.7134841,1,nefsc_trawl,index
SpinyDogfish,2007,4.33832798,1.51446602,1,nefsc_trawl,index
SpinyDogfish,2008,4.03228265,1.28786101,1,nefsc_trawl,index
SpinyDogfish,2009,2.52932473,0.56843796,1,nefsc_trawl,index
SpinyDogfish,2010,2.97882326,0.8358595,1,nefsc_trawl,index
SpinyDogfish,2011,2.44895678,0.87812164,1,nefsc_trawl,index
SpinyDogfish,2012,13.22118001,4.66701793,1,nefsc_trawl,index
SpinyDogfish,2013,6.30046977,1.65904768,1,nefsc_trawl,index
SpinyDogfish,2014,2.90439331,1.23427669,1,nefsc_trawl,index
SpinyDogfish,2015,2.78379536,1.26801755,1,nefsc_trawl,index
SpinyDogfish,2016,3.37000094,1.66483027,1,nefsc_trawl,index
SpinyDogfish,2017,2.20225838,0.52730233,1,nefsc_trawl,index
SpinyDogfish,2018,3.24427578,1.02615998,1,nefsc_trawl,index
SpinyDogfish,2019,4.29462609,1.22266836,1,nefsc_trawl,index
SpinyDogfish,2021,2.20159367,1.01937508,1,nefsc_trawl,index
SpinyDogfish,2022,1.34151601,0.36901476,1,nefsc_trawl,index
SpinyDogfish,2023,4.81714625,1.35475457,1,nefsc_trawl,index
SpinyDogfish,2024,1.95963262,0.80155355,1,nefsc_trawl,index
SpinyDogfish,2025,3.11328832,1.41880186,1,nefsc_trawl,index
SummerFlounder,1985,0.00443097,0.00238082,1,nefsc_trawl,index
SummerFlounder,1986,0.0077691,0.00301244,1,nefsc_trawl,index
SummerFlounder,1987,0.00473485,0.00214399,1,nefsc_trawl,index
SummerFlounder,1988,0.0043697,0.00207514,1,nefsc_trawl,index
SummerFlounder,1989,0.00489936,0.00233373,1,nefsc_trawl,index
SummerFlounder,1990,0.00326389,0.00198979,1,nefsc_trawl,index
SummerFlounder,1991,0.0017102,0.00132173,1,nefsc_trawl,index
SummerFlounder,1992,0.00454696,0.00258675,1,nefsc_trawl,index
SummerFlounder,1993,0.00136409,8.3306e-4,1,nefsc_trawl,index
SummerFlounder,1994,0.00249094,0.00157436,1,nefsc_trawl,index
SummerFlounder,1995,0.00905449,0.00376389,1,nefsc_trawl,index
SummerFlounder,1996,0.00272436,0.00272436,1,nefsc_trawl,index
SummerFlounder,1997,0.00894475,0.0034475,1,nefsc_trawl,index
SummerFlounder,1998,0.02065678,0.00844137,1,nefsc_trawl,index
SummerFlounder,1999,0.01492537,0.00593748,1,nefsc_trawl,index
SummerFlounder,2000,0.02015027,0.00687137,1,nefsc_trawl,index
SummerFlounder,2001,0.02443321,0.01015133,1,nefsc_trawl,index
SummerFlounder,2002,0.02041903,0.00621591,1,nefsc_trawl,index
SummerFlounder,2003,0.01926243,0.00863972,1,nefsc_trawl,index
SummerFlounder,2004,0.03577794,0.01673534,1,nefsc_trawl,index
SummerFlounder,2005,0.04570313,0.01681753,1,nefsc_trawl,index
SummerFlounder,2006,0.03822016,0.0093148,1,nefsc_trawl,index
SummerFlounder,2007,0.05841182,0.03258191,1,nefsc_trawl,index
SummerFlounder,2008,0.01492321,0.00432699,1,nefsc_trawl,index
SummerFlounder,2009,0.0150378,0.00444249,1,nefsc_trawl,index
SummerFlounder,2010,0.01082446,0.00375806,1,nefsc_trawl,index
SummerFlounder,2011,0.01951754,0.00601135,1,nefsc_trawl,index
SummerFlounder,2012,0.02429463,0.00795801,1,nefsc_trawl,index
SummerFlounder,2013,0.01312389,0.00557944,1,nefsc_trawl,index
SummerFlounder,2014,0.01955924,0.00644826,1,nefsc_trawl,index
SummerFlounder,2015,0.02762667,0.01293814,1,nefsc_trawl,index
SummerFlounder,2016,0.02052272,0.00664801,1,nefsc_trawl,index
SummerFlounder,2017,0.01270851,0.00525088,1,nefsc_trawl,index
SummerFlounder,2018,0.02149023,0.00638311,1,nefsc_trawl,index
SummerFlounder,2019,0.01119392,0.00588332,1,nefsc_trawl,index
SummerFlounder,2021,0.01305732,0.00469075,1,nefsc_trawl,index
SummerFlounder,2022,0.02081468,0.00576681,1,nefsc_trawl,index
SummerFlounder,2023,0.02626993,0.00943853,1,nefsc_trawl,index
SummerFlounder,2024,0.01600576,0.00406715,1,nefsc_trawl,index
SummerFlounder,2025,0.01064742,0.00430934,1,nefsc_trawl,index
SurfClam,1986,10.21524906,0.51748857,1,nefsc_clam,index
SurfClam,1989,15.02095054,1.00468297,1,nefsc_clam,index
SurfClam,1992,9.6187538,0.47330778,1,nefsc_clam,index
SurfClam,1994,25.44649052,0.97768546,1,nefsc_clam,index
SurfClam,1997,14.95190868,0.40497965,1,nefsc_clam,index
SurfClam,1999,18.30484034,0.99117303,1,nefsc_clam,index
SurfClam,2002,9.3674636,0.55620245,1,nefsc_clam,index
SurfClam,2008,10.1019452,0.31232928,1,nefsc_clam,index
SurfClam,2011,7.36215348,0.25922609,1,nefsc_clam,index
SurfClam,2013,31.93849779,1.83012134,1,nefsc_clam,index
SurfClam,2014,32.8474808,2.10302474,1,nefsc_clam,index
SurfClam,2016,30.53651141,1.03817351,1,nefsc_clam,index
WhiteHake,1985,0.03533116,0.01523793,1,nefsc_trawl,index
WhiteHake,1986,0.034375,0.02269304,1,nefsc_trawl,index
WhiteHake,1987,0.01550663,0.00780429,1,nefsc_trawl,index
WhiteHake,1988,0.01028425,0.00593882,1,nefsc_trawl,index
WhiteHake,1989,0.01765537,0.00736921,1,nefsc_trawl,index
WhiteHake,1990,0.02552083,0.00567344,1,nefsc_trawl,index
WhiteHake,1991,0.03140547,0.01096185,1,nefsc_trawl,index
WhiteHake,1992,0.01558366,0.00955706,1,nefsc_trawl,index
WhiteHake,1993,0.00243882,0.00120603,1,nefsc_trawl,index
WhiteHake,1994,0.00392512,0.0017227,1,nefsc_trawl,index
WhiteHake,1995,5.609e-4,5.2175e-4,1,nefsc_trawl,index
WhiteHake,1996,4.0064e-4,2.154e-4,1,nefsc_trawl,index
WhiteHake,1997,0.00607639,0.0035484,1,nefsc_trawl,index
WhiteHake,1998,0.00423729,0.00172288,1,nefsc_trawl,index
WhiteHake,1999,0.00229322,8.5892e-4,1,nefsc_trawl,index
WhiteHake,2000,0.00140881,0.00101056,1,nefsc_trawl,index
WhiteHake,2001,0.00102635,8.4508e-4,1,nefsc_trawl,index
WhiteHake,2002,0.0016643,0.00121797,1,nefsc_trawl,index
WhiteHake,2003,0.00227739,9.5317e-4,1,nefsc_trawl,index
WhiteHake,2004,0.00621776,0.00281787,1,nefsc_trawl,index
WhiteHake,2005,0.00337484,0.00168966,1,nefsc_trawl,index
WhiteHake,2006,0.00394162,0.00190573,1,nefsc_trawl,index
WhiteHake,2007,0.00359946,0.00143369,1,nefsc_trawl,index
WhiteHake,2008,0.00849993,0.00413568,1,nefsc_trawl,index
WhiteHake,2009,0.00830731,0.00234637,1,nefsc_trawl,index
WhiteHake,2010,0.00541911,0.00173019,1,nefsc_trawl,index
WhiteHake,2011,0.00863251,0.00372174,1,nefsc_trawl,index
WhiteHake,2012,0.00414007,0.00223144,1,nefsc_trawl,index
WhiteHake,2013,0.00495448,0.00196637,1,nefsc_trawl,index
WhiteHake,2014,0.00438873,0.00162671,1,nefsc_trawl,index
WhiteHake,2015,0.00204191,6.662e-4,1,nefsc_trawl,index
WhiteHake,2016,0.00254709,0.00103458,1,nefsc_trawl,index
WhiteHake,2017,0.00512408,0.00123761,1,nefsc_trawl,index
WhiteHake,2018,0.00568838,0.00371979,1,nefsc_trawl,index
WhiteHake,2019,0.00984336,0.00201648,1,nefsc_trawl,index
WhiteHake,2021,0.00181506,0.00123948,1,nefsc_trawl,index
WhiteHake,2022,9.35e-6,7.03e-6,1,nefsc_trawl,index
WhiteHake,2023,0.00657402,0.00458194,1,nefsc_trawl,index
WhiteHake,2024,6.6427e-4,3.318e-4,1,nefsc_trawl,index
WhiteHake,2025,0.00189504,0.00113652,1,nefsc_trawl,index
Windowpane,1985,0.05811567,0.01487482,1,nefsc_trawl,index
Windowpane,1986,0.07323785,0.02561209,1,nefsc_trawl,index
Windowpane,1987,0.04194287,0.01817925,1,nefsc_trawl,index
Windowpane,1988,0.049744,0.01421402,1,nefsc_trawl,index
Windowpane,1989,0.02934322,0.00868076,1,nefsc_trawl,index
Windowpane,1990,0.05305556,0.02279082,1,nefsc_trawl,index
Windowpane,1991,0.01843905,0.00595226,1,nefsc_trawl,index
Windowpane,1992,0.03050595,0.00742028,1,nefsc_trawl,index
Windowpane,1993,0.03429233,0.00927629,1,nefsc_trawl,index
Windowpane,1994,0.01792723,0.00626768,1,nefsc_trawl,index
Windowpane,1995,0.05272436,0.01305173,1,nefsc_trawl,index
Windowpane,1996,0.02780449,0.00685775,1,nefsc_trawl,index
Windowpane,1997,0.02215429,0.0064199,1,nefsc_trawl,index
Windowpane,1998,0.08893891,0.02178655,1,nefsc_trawl,index
Windowpane,1999,0.04221082,0.01095886,1,nefsc_trawl,index
Windowpane,2000,0.03790984,0.01874776,1,nefsc_trawl,index
Windowpane,2001,0.05550781,0.01286038,1,nefsc_trawl,index
Windowpane,2002,0.06731613,0.02160672,1,nefsc_trawl,index
Windowpane,2003,0.03906166,0.01214598,1,nefsc_trawl,index
Windowpane,2004,0.0364356,0.01345769,1,nefsc_trawl,index
Windowpane,2005,0.03157104,0.00898224,1,nefsc_trawl,index
Windowpane,2006,0.02977656,0.0088969,1,nefsc_trawl,index
Windowpane,2007,0.01185074,0.00337427,1,nefsc_trawl,index
Windowpane,2008,0.02059996,0.00690948,1,nefsc_trawl,index
Windowpane,2009,0.03340867,0.00771231,1,nefsc_trawl,index
Windowpane,2010,0.01911988,0.00524754,1,nefsc_trawl,index
Windowpane,2011,0.01704461,0.00505013,1,nefsc_trawl,index
Windowpane,2012,0.01573448,0.00450414,1,nefsc_trawl,index
Windowpane,2013,0.04089187,0.0123097,1,nefsc_trawl,index
Windowpane,2014,0.01600597,0.00488847,1,nefsc_trawl,index
Windowpane,2015,0.02062441,0.0049901,1,nefsc_trawl,index
Windowpane,2016,0.01858026,0.00541437,1,nefsc_trawl,index
Windowpane,2017,0.00720625,0.00234493,1,nefsc_trawl,index
Windowpane,2018,0.01046864,0.00307952,1,nefsc_trawl,index
Windowpane,2019,0.02104362,0.00571036,1,nefsc_trawl,index
Windowpane,2021,0.01169079,0.00400694,1,nefsc_trawl,index
Windowpane,2022,0.00943925,0.00378433,1,nefsc_trawl,index
Windowpane,2023,0.03588503,0.00989534,1,nefsc_trawl,index
Windowpane,2024,0.02207292,0.00745276,1,nefsc_trawl,index
Windowpane,2025,0.02800335,0.01012963,1,nefsc_trawl,index
WinterFlounder,1985,0.04936256,0.01507107,1,nefsc_trawl,index
WinterFlounder,1986,0.04457465,0.02012073,1,nefsc_trawl,index
WinterFlounder,1987,0.03803662,0.01363961,1,nefsc_trawl,index
WinterFlounder,1988,0.04886123,0.01564659,1,nefsc_trawl,index
WinterFlounder,1989,0.02626236,0.0077836,1,nefsc_trawl,index
WinterFlounder,1990,0.02159722,0.00564835,1,nefsc_trawl,index
WinterFlounder,1991,0.03933458,0.01770006,1,nefsc_trawl,index
WinterFlounder,1992,0.02128803,0.00591173,1,nefsc_trawl,index
WinterFlounder,1993,0.02533896,0.00721259,1,nefsc_trawl,index
WinterFlounder,1994,0.05517814,0.01908281,1,nefsc_trawl,index
WinterFlounder,1995,0.05264423,0.01259294,1,nefsc_trawl,index
WinterFlounder,1996,0.08112981,0.03902857,1,nefsc_trawl,index
WinterFlounder,1997,0.11239432,0.03984279,1,nefsc_trawl,index
WinterFlounder,1998,0.19420904,0.05831838,1,nefsc_trawl,index
WinterFlounder,1999,0.12165734,0.04094664,1,nefsc_trawl,index
WinterFlounder,2000,0.19377561,0.0747396,1,nefsc_trawl,index
WinterFlounder,2001,0.16808632,0.05382537,1,nefsc_trawl,index
WinterFlounder,2002,0.18358389,0.06960059,1,nefsc_trawl,index
WinterFlounder,2003,0.16755838,0.06231937,1,nefsc_trawl,index
WinterFlounder,2004,0.11286913,0.04800216,1,nefsc_trawl,index
WinterFlounder,2005,0.09040039,0.03137275,1,nefsc_trawl,index
WinterFlounder,2006,0.0643017,0.02488245,1,nefsc_trawl,index
WinterFlounder,2007,0.06217216,0.02490999,1,nefsc_trawl,index
WinterFlounder,2008,0.14146434,0.06952526,1,nefsc_trawl,index
WinterFlounder,2009,0.12461127,0.0370048,1,nefsc_trawl,index
WinterFlounder,2010,0.06279848,0.01987987,1,nefsc_trawl,index
WinterFlounder,2011,0.12812023,0.0503023,1,nefsc_trawl,index
WinterFlounder,2012,0.14810878,0.05793967,1,nefsc_trawl,index
WinterFlounder,2013,0.05003732,0.01742633,1,nefsc_trawl,index
WinterFlounder,2014,0.0206953,0.00689534,1,nefsc_trawl,index
WinterFlounder,2015,0.08735491,0.0372787,1,nefsc_trawl,index
WinterFlounder,2016,0.02957826,0.00801304,1,nefsc_trawl,index
WinterFlounder,2017,0.01198605,0.00399309,1,nefsc_trawl,index
WinterFlounder,2018,0.02512735,0.00853647,1,nefsc_trawl,index
WinterFlounder,2019,0.03415696,0.01723244,1,nefsc_trawl,index
WinterFlounder,2021,0.05624657,0.02373164,1,nefsc_trawl,index
WinterFlounder,2022,0.08447396,0.02809823,1,nefsc_trawl,index
WinterFlounder,2023,0.03524593,0.01114717,1,nefsc_trawl,index
WinterFlounder,2024,0.0636367,0.032542,1,nefsc_trawl,index
WinterFlounder,2025,0.04286299,0.02382419,1,nefsc_trawl,index
WinterSkate,1985,1.1170227,0.27307349,1,nefsc_trawl,index
WinterSkate,1986,1.53707812,0.51035866,1,nefsc_trawl,index
WinterSkate,1987,1.30030777,0.20932374,1,nefsc_trawl,index
WinterSkate,1988,0.88254767,0.18558491,1,nefsc_trawl,index
WinterSkate,1989,0.78487818,0.16043935,1,nefsc_trawl,index
WinterSkate,1990,1.23610833,0.30039389,1,nefsc_trawl,index
WinterSkate,1991,0.6187088,0.10799667,1,nefsc_trawl,index
WinterSkate,1992,0.47011409,0.08839398,1,nefsc_trawl,index
WinterSkate,1993,0.24642196,0.05383661,1,nefsc_trawl,index
WinterSkate,1994,0.24777325,0.04063762,1,nefsc_trawl,index
WinterSkate,1995,0.27395833000000003,0.05433506,1,nefsc_trawl,index
WinterSkate,1996,0.25829327,0.04827977,1,nefsc_trawl,index
WinterSkate,1997,0.28645833,0.07104064,1,nefsc_trawl,index
WinterSkate,1998,0.52842514,0.0986614,1,nefsc_trawl,index
WinterSkate,1999,0.80017879,0.26199867,1,nefsc_trawl,index
WinterSkate,2000,0.81245731,0.2175806,1,nefsc_trawl,index
WinterSkate,2001,0.53779795,0.12843589,1,nefsc_trawl,index
WinterSkate,2002,1.26720368,0.33229527,1,nefsc_trawl,index
WinterSkate,2003,0.4672337,0.0868605,1,nefsc_trawl,index
WinterSkate,2004,0.77560185,0.15831093,1,nefsc_trawl,index
WinterSkate,2005,0.36523315,0.0715193,1,nefsc_trawl,index
WinterSkate,2006,0.37899756,0.08762051,1,nefsc_trawl,index
WinterSkate,2007,0.45107698,0.11926791,1,nefsc_trawl,index
WinterSkate,2008,1.11618056,0.2944667,1,nefsc_trawl,index
WinterSkate,2009,1.03940956,0.24369488,1,nefsc_trawl,index
WinterSkate,2010,0.7597812,0.13461091,1,nefsc_trawl,index
WinterSkate,2011,0.71215124,0.18274275,1,nefsc_trawl,index
WinterSkate,2012,0.41634955,0.08015234,1,nefsc_trawl,index
WinterSkate,2013,0.28890756,0.04674041,1,nefsc_trawl,index
WinterSkate,2014,0.64369336,0.38780547,1,nefsc_trawl,index
WinterSkate,2015,0.63130653,0.11995944,1,nefsc_trawl,index
WinterSkate,2016,0.79552733,0.15570545,1,nefsc_trawl,index
WinterSkate,2017,0.81550505,0.14963811,1,nefsc_trawl,index
WinterSkate,2018,0.64867239,0.13723698,1,nefsc_trawl,index
WinterSkate,2019,1.02323097,0.26459919,1,nefsc_trawl,index
WinterSkate,2021,1.21603734,0.42607408,1,nefsc_trawl,index
WinterSkate,2022,0.83876986,0.16669118,1,nefsc_trawl,index
WinterSkate,2023,1.92762217,1.04098305,1,nefsc_trawl,index
WinterSkate,2024,0.90418153,0.13056046,1,nefsc_trawl,index
WinterSkate,2025,0.9121969,0.25195251,1,nefsc_trawl,index
WitchFlounder,1985,0,0,1,nefsc_trawl,index
WitchFlounder,1986,6.9444e-4,6.9444e-4,1,nefsc_trawl,index
WitchFlounder,1987,7.8914e-4,7.8914e-4,1,nefsc_trawl,index
WitchFlounder,1988,3.5311e-4,3.5311e-4,1,nefsc_trawl,index
WitchFlounder,1989,9.2691e-4,7.6788e-4,1,nefsc_trawl,index
WitchFlounder,1990,0.00131944,9.1872e-4,1,nefsc_trawl,index
WitchFlounder,1991,3.8868e-4,3.8868e-4,1,nefsc_trawl,index
WitchFlounder,1992,0,0,1,nefsc_trawl,index
WitchFlounder,1993,1.6534e-4,1.1597e-4,1,nefsc_trawl,index
WitchFlounder,1995,8.013e-5,8.013e-5,1,nefsc_trawl,index
WitchFlounder,1996,6.0096e-4,6.0096e-4,1,nefsc_trawl,index
WitchFlounder,1997,0.00147192,6.8744e-4,1,nefsc_trawl,index
WitchFlounder,1998,0.00198623,9.324e-4,1,nefsc_trawl,index
WitchFlounder,1999,0.00174907,0.0015302,1,nefsc_trawl,index
WitchFlounder,2000,0.00251878,0.0017293,1,nefsc_trawl,index
WitchFlounder,2001,6.51e-5,6.51e-5,1,nefsc_trawl,index
WitchFlounder,2002,0.00151121,0.0010623,1,nefsc_trawl,index
WitchFlounder,2003,0.00180192,0.00125047,1,nefsc_trawl,index
WitchFlounder,2004,5.2083e-4,2.9745e-4,1,nefsc_trawl,index
WitchFlounder,2005,0.00128581,0.00111901,1,nefsc_trawl,index
WitchFlounder,2007,3.3533e-4,2.2128e-4,1,nefsc_trawl,index
WitchFlounder,2008,0.00111779,0.00111779,1,nefsc_trawl,index
WitchFlounder,2009,2.5986e-4,1.4775e-4,1,nefsc_trawl,index
WitchFlounder,2010,0.00192906,0.00147829,1,nefsc_trawl,index
WitchFlounder,2011,1.7682e-4,1.458e-4,1,nefsc_trawl,index
WitchFlounder,2012,0.00113096,8.2821e-4,1,nefsc_trawl,index
WitchFlounder,2013,3.5268e-4,3.5268e-4,1,nefsc_trawl,index
WitchFlounder,2014,1.2034e-4,1.2034e-4,1,nefsc_trawl,index
WitchFlounder,2015,3.9167e-4,3.3207e-4,1,nefsc_trawl,index
WitchFlounder,2016,1.6822e-4,1.2064e-4,1,nefsc_trawl,index
WitchFlounder,2017,2.0149e-4,1.4395e-4,1,nefsc_trawl,index
WitchFlounder,2019,5.235e-5,5.235e-5,1,nefsc_trawl,index
WitchFlounder,2021,3.15e-6,3.15e-6,1,nefsc_trawl,index
WitchFlounder,2022,1.3e-7,1.3e-7,1,nefsc_trawl,index
WitchFlounder,2023,1.0128e-4,7.141e-5,1,nefsc_trawl,index
WitchFlounder,2024,3.373e-5,3.373e-5,1,nefsc_trawl,index
WitchFlounder,2025,9.0464e-4,6.5826e-4,1,nefsc_trawl,index
YTFlounder,1985,0.01893074,0.00463001,1,nefsc_trawl,index
YTFlounder,1986,0.01986762,0.00633277,1,nefsc_trawl,index
YTFlounder,1987,0.01657197,0.00473075,1,nefsc_trawl,index
YTFlounder,1988,0.00820975,0.00290273,1,nefsc_trawl,index
YTFlounder,1989,0.03245277,0.01368099,1,nefsc_trawl,index
YTFlounder,1990,0.01880035,0.00506047,1,nefsc_trawl,index
YTFlounder,1991,0.01942631,0.0050335,1,nefsc_trawl,index
YTFlounder,1992,0.01198743,0.0035555,1,nefsc_trawl,index
YTFlounder,1993,0.00657035,0.00231653,1,nefsc_trawl,index
YTFlounder,1994,0.02230525,0.00638714,1,nefsc_trawl,index
YTFlounder,1995,0.01939103,0.01092838,1,nefsc_trawl,index
YTFlounder,1996,0.02848558,0.01257563,1,nefsc_trawl,index
YTFlounder,1997,0.05899004,0.02267309,1,nefsc_trawl,index
YTFlounder,1998,0.11864407,0.04708071,1,nefsc_trawl,index
YTFlounder,1999,0.13308458,0.0366594,1,nefsc_trawl,index
YTFlounder,2000,0.10783811,0.05118242,1,nefsc_trawl,index
YTFlounder,2001,0.17743336,0.07628791,1,nefsc_trawl,index
YTFlounder,2002,0.06555319,0.03108289,1,nefsc_trawl,index
YTFlounder,2003,0.088511,0.0302246,1,nefsc_trawl,index
YTFlounder,2004,0.08811425,0.0398022,1,nefsc_trawl,index
YTFlounder,2005,0.04202555,0.02096976,1,nefsc_trawl,index
YTFlounder,2006,0.10202707,0.02923821,1,nefsc_trawl,index
YTFlounder,2007,0.23699201,0.07676466,1,nefsc_trawl,index
YTFlounder,2008,0.17258247,0.0566985,1,nefsc_trawl,index
YTFlounder,2009,0.13142244,0.04002322,1,nefsc_trawl,index
YTFlounder,2010,0.04038773,0.01313332,1,nefsc_trawl,index
YTFlounder,2011,0.05531646,0.01801916,1,nefsc_trawl,index
YTFlounder,2012,0.03949488,0.02040675,1,nefsc_trawl,index
YTFlounder,2013,0.01778775,0.00644097,1,nefsc_trawl,index
YTFlounder,2014,0.01892064,0.00675724,1,nefsc_trawl,index
YTFlounder,2015,0.00964938,0.00594641,1,nefsc_trawl,index
YTFlounder,2016,0.01428175,0.00536512,1,nefsc_trawl,index
YTFlounder,2017,0.00366689,0.00154004,1,nefsc_trawl,index
YTFlounder,2018,0.00979698,0.00552181,1,nefsc_trawl,index
YTFlounder,2019,0.00950442,0.00337519,1,nefsc_trawl,index
YTFlounder,2021,0.00513123,0.00191121,1,nefsc_trawl,index
YTFlounder,2022,0.00430414,0.00194731,1,nefsc_trawl,index
YTFlounder,2023,0.00769631,0.00295664,1,nefsc_trawl,index
YTFlounder,2024,0.00406711,0.0015925,1,nefsc_trawl,index
YTFlounder,2025,0.00343805,0.00175049,1,nefsc_trawl,index
