SVSPP,ITISSPP,NESPP3,COMNAME,SCINAME,MANAGE,EBFM.PDT,EMAX,Fall.q,Spring.q,RPATH,Feeding.guild
NA,168688,3,AMBERJACK,SERIOLA,NA,Other,NA,NA,NA,OtherPelagics,Other
NA,170424,18,BARRACUDA,SPHYRAENIDAE,NA,Other,NA,NA,NA,OtherPelagics,Other
NA,615855,25,BIG ROUGHY,GEPHYROBERYX DARWINI,NA,Other,NA,NA,NA,OtherPelagics,Other
NA,163996,45,BULLHEADS,ICTALURUS,NA,Other,NA,NA,NA,Freshwater,Other
NA,172568,52,"BUTTERFISH,GULF",PEPRILUS BURTI,NA,Other,NA,NA,NA,OtherPelagics,Other
NA,163344,63,CARP,CYPRINUS CARPIO,NA,Other,NA,NA,NA,Freshwater,Other
NA,164029,64,"CATFISH,FLATHEAD",PYLODICTIS OLIVARIS,NA,Other,NA,NA,NA,Freshwater,Other
NA,164037,65,"CATFISH,WHITE",ICTALURIDAE ,NA,Other,NA,NA,NA,Freshwater,Other
NA,163995,66,CATFISHES (FRESHWATER),ICTALURIDAE ,NA,Other,NA,NA,NA,Freshwater,Other
NA,163997,67,"CATFISH,BLUE",ICTALURUS FURCATUS,NA,Other,NA,NA,NA,Freshwater,Other
NA,163998,68,"CATFISH,CHANNEL",ICTALURUS PUNCTATUS ,NA,Other,NA,NA,NA,Freshwater,Other
NA,163992,69,CATFISHES (SEA),ARIIDAE  ,NA,Other,NA,NA,NA,Freshwater,Other
NA,168165,84,CRAPPIE,POMOXIS,NA,Other,NA,NA,NA,Freshwater,Other
NA,166339,98,RIBBONFISHES,TRACHIPTERIDAE,NA,Other,NA,NA,NA,Mesopelagics,Other
NA,169364,104,"DRUM,FRESHWATER",APLODINOTUS,NA,Other,NA,NA,NA,Freshwater,Other
NA,168790,105,DOLPHINFISH,CORYPHAENA,NA,Other,NA,NA,NA,OtherPelagics,Other
NA,635305,118,"EEL,CUTTHROAT",SYNAPHOBRANCHINAE,NA,Other,NA,NA,NA,OtherDemersals,Other
NA,161092,133,GARFISHES,LEPISOSTEIDAE,NA,Other,NA,NA,NA,Freshwater,Other
NA,167740,141,"GROUPER,CONEY",CEPHALOPHOLIS FULVA,NA,Other,NA,NA,NA,SouthernDemersals,Other
NA,613026,144,"GRUNT,WHITE",HAEMULON PLUMIERI,NA,Other,NA,NA,NA,SouthernDemersals,Other
NA,159753,150,HAGFISH,MYXINIDAE,NA,Other,NA,NA,NA,OtherDemersals,Other
NA,553172,164,HALFBEAKS,HEMIRAMPHIDAE,NA,Other,NA,NA,NA,OtherDemersals,Other
NA,172564,165,HARVESTFISHES,PEPRILUS ,NA,Other,NA,NA,NA,OtherPelagics,Other
NA,161701,170,"HERRING,RIVER",ALOSA,NA,Other,NA,NA,NA,OtherPelagics,Other
NA,162057,171,HERRING SMELT,ARGENTINIDAE,NA,Other,NA,NA,NA,SmallPelagics,Other
NA,166271,189,"DORY,NK",ZEIFORMES,NA,Other,NA,NA,NA,OtherDemersals,Other
NA,169273,197,KING WHITING,MENTICIRRHUS,NA,Other,NA,NA,NA,SouthernDemersals,Other
NA,171671,206,LAUNCES,AMMODYTES,NA,Other,NA,NA,NA,OtherDemersals,Other
NA,168615,214,"JACK,BAR",CARANGOIDES RUBER,NA,Other,NA,NA,NA,OtherPelagics,Other
NA,172413,215,"MACKEREL,CHUB",SCOMBER COLIAS,NA,Other,NA,NA,NA,OtherPelagics,Other
NA,172486,218,"MARLIN,UNC",ISTIOPHORIDAE,NA,Other,NA,NA,NA,HMS,Other
NA,163342,223,MINNOWS,CYPRINIDAE ,NA,Other,NA,NA,NA,Freshwater,Other
NA,170333,234,MULLETS,MUGILIDAE,NA,Other,NA,NA,NA,SouthernDemersals,Other
NA,169406,236,"MULLET,RED (GOATFISH)",MULLIDAE,NA,Other,NA,NA,NA,SouthernDemersals,Other
NA,166781,243,"REDFISH,GOLDEN",SEBASTES NORVEGICUS,NA,Other,NA,NA,NA,OtherDemersals,Other
NA,166326,249,OPAH,LAMPRIS GUTTATUS,NA,Other,NA,NA,NA,SouthernDemersals,Other
NA,170287,271,POMFRETS,BRAMIDAE,NA,Other,NA,NA,NA,SouthernDemersals,Other
NA,160946,286,STINGRAYS,DASYATIDAE ,NA,Other,NA,NA,NA,Rays,Other
NA,564407,287,"RAY,SICKLEFIN (CHILEAN) DEVIL",MOBULA TARAPACANA,NA,Other,NA,NA,NA,Rays,Other
NA,160998,288,"RAY,SPINETAIL DEVIL",MOBULA JAPANICA,NA,Other,NA,NA,NA,Rays,Other
NA,161975,306,"SALMON,PACIFIC,PINK",ONCORHYNCHUS GORBUSCHA,NA,Other,NA,NA,NA,OtherPelagics,Other
NA,161977,307,"SALMON,COHO,AQUACULTURE",ONCORHYNCHUS KISUTCH,NA,Other,NA,NA,NA,OtherPelagics,Other
NA,161980,308,"SALMON,KING,AQUACULTURE",ONCORHYNCHUS TSHAWYTSCHA,NA,Other,NA,NA,NA,OtherPelagics,Other
NA,161974,309,"SALMON,UNCLASSIFIED",ONCORHYNCHUS,NA,Other,NA,NA,NA,OtherPelagics,Other
NA,169207,330,"PORGY,RED",PAGRUS PAGRUS,NA,Other,NA,NA,NA,SouthernDemersals,Other
NA,167686,333,"SEA BASS,NK",CENTROPRISTIS,NA,Other,NA,NA,NA,OtherDemersals,Other
NA,169238,334,"SEA TROUT,UNC",CYNOSCION SPP,NA,Other,NA,NA,NA,SouthernDemersals,Other
NA,168847,336,"SNAPPER,CUBERA",LUTJANUS CYANOPTERUS,NA,Other,NA,NA,NA,SouthernDemersals,Other
NA,166973,341,"SEAROBINS,NORTH AMERICAN",PRIONOTUW,NA,Other,NA,NA,NA,OtherDemersals,Other
NA,159923,357,"SHARK,MAKO UNC",ISURUS,NA,Other,NA,NA,NA,Sharks,Other
NA,159785,359,"SHARK,UNC",CHONDRICHTHYES,NA,Other,NA,NA,NA,Sharks,Other
NA,159915,360,"SHARK,THRESHER UNC",ALOPIAS,NA,Other,NA,NA,NA,Sharks,Other
NA,630579,363,SILVERSIDES,ATHERINOPSIDAE,NA,Other,NA,NA,NA,OtherDemersals,Other
NA,160845,365,SKATES,RAJIDAE,NA,Other,NA,NA,NA,OtherSkates,Other
NA,162028,371,SMELTS,OSMERIDAE,NA,Other,NA,NA,NA,SmallPelagics,Other
NA,564037,373,"SKATES,LITTLE/WINTER MIXED",LEUCORAJA,NA,Other,NA,NA,NA,OtherSkates,Other
NA,564207,378,"SKATE,SHORTTAIL",AMBLYRAJA JENSENI,NA,Other,NA,NA,NA,OtherSkates,Other
NA,169537,381,SPADEFISH,EPHIPPIDAE,NA,Other,NA,NA,NA,SouthernDemersals,Other
NA,166680,392,"SNAKEHEAD,NORTHERN  ",CHANNA ARGUS,NA,Other,NA,NA,NA,SouthernDemersals,Other
NA,646756,400,"SPEARFISH,ROUNDSCALE",TETRAPTURUS GEORGII,NA,Other,NA,NA,NA,SouthernDemersals,Other
NA,172498,401,SPEARFISHES,TETRAPTURUS,NA,Other,NA,NA,NA,SouthernDemersals,Other
NA,553269,420,"STURGEON,ATLANTIC",ACIPENSER OXYRINCHUS,NA,Other,NA,NA,NA,Sturgeon,Other
NA,161064,421,"STURGEONS,UNC",ACIPENSERIDAE,NA,Other,NA,NA,NA,Sturgeon,Other
NA,163892,423,SUCKERS,CATOSTOMIDAE,NA,Other,NA,NA,NA,Freshwater,Other
NA,168093,426,SUNFISHES,CENTRARCHIDAE,NA,Other,NA,NA,NA,Freshwater,Other
NA,173289,430,"PUFFERS,(SEA CHICKEN)",SPHOEROIDES,NA,Other,NA,NA,NA,OtherDemersals,Other
NA,168537,447,"TILEFISH,UNC",MALACANTHIDAE,NA,Other,NA,NA,NA,Tilefish,Other
NA,164412,451,TOADFISHES,BATRACHOIDIDAE,NA,Other,NA,NA,NA,OtherDemersals,Other
NA,172418,465,"TUNA,UNC",THUNNUS,NA,Other,NA,NA,NA,HMS,Other
NA,160611,475,"SHARK,GREENLAND",SOMNIOSUS MICROCEPHALUS,NA,Other,NA,NA,NA,Sharks,Other
NA,160497,495,"SHARK,HAMMERHEAD",SPHYRNIDAE,NA,Other,NA,NA,NA,Sharks,Other
NA,160267,497,"SHARK,CARCHARHIN,NK",CARCHARHINUS,NA,Other,NA,NA,NA,Sharks,Other
NA,159851,498,"SHARK,PELAGIC,NK",LAMINIFORMES,NA,Other,NA,NA,NA,Sharks,Other
NA,159786,501,"SHARK,SMALL COASTAL SPECIES",CHONDIRCHTHYES,NA,Other,NA,NA,NA,Sharks,Other
NA,160206,504,"SHARK,CARIBBEAN SHARPNOSE",Rhizoprionodon porosus,NA,Other,NA,NA,NA,Sharks,Other
NA,171342,510,"WOLFFISH,SPOTTED",ANARHICHAS MINOR,NA,Other,NA,NA,NA,OtherDemersals,Other
NA,167914,513,WRECKFISH,POLYPRION AMERICANUS,NA,Other,NA,NA,NA,SouthernDemersals,Other
NA,168356,517,"PERCH,TRUE",PERCA FLAVESCENS,NA,Other,NA,NA,NA,SouthernDemersals,Other
NA,650173,518,WALLEYE,SANDER VITREUS,NA,Other,NA,NA,NA,OtherDemersals,Other
NA,161030,526,"FISH,OTHER",OSTEICHTHYES,NA,Other,NA,NA,NA,Freshwater,Other
NA,161030,529,"FISH,OTHER-INDUSTRIAL",OSTEICHTHYES,NA,Other,NA,NA,NA,OtherDemersals,Other
NA,164734,663,"HAKE,LONGFIN",PHYCIS CHESTERI,NA,Other,NA,NA,NA,OtherDemersals,Other
NA,550561,668,"WOLFFISH,NORTHERN",ANARHICHAS DENTICULATUS,NA,Other,NA,NA,NA,OtherDemersals,Other
NA,160976,670,"RAY,EAGLE",MYLIOBATIDAE,NA,Other,NA,NA,NA,Rays,Other
NA,564391,673,"RAY,BULLNOSE",MYLIOBATIS FREMINVILLII,NA,Other,NA,NA,NA,Rays,Other
NA,162523,677,"LANCETFISHES,UNC",ALEPISAURIDAE,NA,Other,NA,NA,NA,OtherDemersals,Other
NA,52016,688,"CORALS,SOFT,NK",ALCYONACEA,NA,Other,NA,NA,NA,Macrobenthos,Other
NA,97775,702,"CRAB,HERMIT",PAGURUS,NA,Other,NA,NA,NA,Macrobenthos,Other
NA,98276,713,"CRAB,UNC",BRACHYURA,NA,Other,NA,NA,NA,Megabenthos,Other
NA,99034,716,"CRAB,JAPANESE SHORE",HEMIGRAPSUS,NA,Other,NA,NA,NA,Macrobenthos,Other
NA,96027,730,"SHRIMP,ROCK",SICYONIA,NA,Other,NA,NA,NA,OtherShrimp,Other
NA,551570,731,"SHRIMP,NORTHERN BROWN",FARFANTEPENAEUS AZTECUS,NA,Other,NA,NA,NA,OtherShrimp,Other
NA,96074,734,"SHRIMP,SCARLET",ARISTAEOPSIS EDWARDSIANA,NA,Other,NA,NA,NA,OtherShrimp,Other
NA,96106,735,"SHRIMP,UNC (CARIDEA)",CARIDEA,NA,Other,NA,NA,NA,OtherShrimp,Other
NA,99143,737,MANTIS SHRIMPS,STOMATOPODA,NA,Other,NA,NA,NA,OtherShrimp,Other
NA,95602,738,"SHRIMP,ATLANTIC & GULF,BROWN",PANAEIDAE,NA,Other,NA,NA,NA,OtherShrimp,Other
NA,97106,739,"SHRIMP,CRANGON",CRANGONIDAE,NA,Other,NA,NA,NA,OtherShrimp,Other
NA,79342,743,"CLAM,BLOOD ARC",ANADARA OVALIS,NA,Other,NA,NA,NA,Macrobenthos,Other
NA,81495,748,"CLAMS,HARD",MERCENARIA ,NA,Other,NA,NA,NA,Macrobenthos,Other
NA,81022,760,"CLAM,RAZOR,ATLANTIC",ENSIS DIRECTUS,NA,Other,NA,NA,NA,Macrobenthos,Other
NA,81272,761,"CLAM,STOUT TAGELUS (BAMBOO)",TAGELUS PLEBEIUS,NA,Other,NA,NA,NA,Macrobenthos,Other
NA,81692,763,"CLAM,SOFT",MYA ARENARIA,NA,Other,NA,NA,NA,Macrobenthos,Other
NA,72623,764,"SNAIL,SLIPPER LIMPET",Crepidula fornicata,NA,Other,NA,NA,NA,Macrobenthos,Other
NA,73726,774,"WHELK,TRUE,UNC",BUCCINIDAE,NA,Other,NA,NA,NA,Macrobenthos,Other
NA,72554,775,SNAILS(CONCHS),STROMBIDAE,NA,Benthos,NA,NA,NA,Macrobenthos,Benthos
NA,74075,778,"WHELK,LIGHTNING",BUSYCON SINISTRUM,NA,Other,NA,NA,NA,Macrobenthos,Other
NA,82590,786,OCTOPUS,OCTOPODIDAE,NA,Other,NA,NA,NA,OtherCephalopods,Other
NA,79872,789,"OYSTER,EASTERN",CRASSOSTREA VIRGINICA,NA,Other,NA,NA,NA,Macrobenthos,Other
NA,79885,792,"OYSTER,EUROPEAN FLAT",OSTREA EDULIS,NA,Other,NA,NA,NA,Macrobenthos,Other
NA,79611,796,"SCALLOP,UNC",PECTINIDAE,NA,Other,NA,NA,NA,AtlScallop,Other
NA,70394,798,"PERIWINKLES,ATLANTIC (COCKLES)",LITTORINIDAE,NA,Other,NA,NA,NA,Macrobenthos,Other
NA,82369,803,"SQUIDS,LOLIGINIDAE",LOLIGINIDAE,NA,Other,NA,NA,NA,OtherCephalopods,Other
NA,69458,804,"MOLLUSKS,UNC",MOLLUSCA,NA,Other,NA,NA,NA,Macrobenthos,Other
NA,157968,805,SEA URCHINS,STRONGYLOCENTROTUS,NA,Benthos,NA,NA,NA,Macrobenthos,Benthos
NA,158140,806,SEA CUCUMBER,HOLOTHUROIDEA,NA,Benthos,NA,NA,NA,Macrobenthos,Benthos
NA,82367,807,SQUIDS,TEUTHIDA,NA,Other,NA,NA,NA,OtherCephalopods,Other
NA,173780,808,TERRAPIN,MALACLEMYS TERRAPIN,NA,Other,NA,NA,NA,Turtles,Other
NA,551770,810,"TURTLE,KEMPS RIDLEY",LEPIDOCHELYS KEMPI,NA,Other,NA,NA,NA,Turtles,Other
NA,173803,811,"TURTLES,SLIDERS",PSEUDEMYS,NA,Other,NA,NA,NA,Turtles,Other
NA,173752,815,"TURTLES,SNAPPING",CHELYDRA SERPENTINA,NA,Other,NA,NA,NA,Turtles,Other
NA,173749,816,"TURTLES,UNC",TESTUDINES,NA,Other,NA,NA,NA,Turtles,Other
NA,10685,817,"SEAWEED,UNC",PHAEOPHYTA,NA,Other,NA,NA,NA,Fauna,Other
NA,173840,818,"TURTLE,OLIVE RIDLEY",LEPIDOCHELYS OLIVACEA,NA,Other,NA,NA,NA,Turtles,Other
NA,11335,819,BLADDER WRACK,FUCUS VESICLOSUS,NA,Other,NA,NA,NA,Fauna,Other
NA,11228,820,FINGERED KELP,LAMINARIA DIGITATA,NA,Other,NA,NA,NA,Fauna,Other
NA,11217,821,OARWEED KELP,LAMINARIA LONGICRURIS,NA,Other,NA,NA,NA,Fauna,Other
NA,11300,822,WINGED KELP,ALARIA ESCULENTA,NA,Other,NA,NA,NA,Fauna,Other
NA,66107,823,BLOODWORMS,GLYCERA DIBRANCHIATA,NA,Other,NA,NA,NA,Macrobenthos,Other
NA,11332,824,WORMWEED,ASCOPHYLLUM NODOSUM SCORPIOIDES,NA,Other,NA,NA,NA,Fauna,Other
NA,65902,825,SANDWORMS,NEREIS,NA,Other,NA,NA,NA,Fauna,Other
NA,6562,826,SEA LETTUCE,ULVA LACTUCA,NA,Other,NA,NA,NA,Fauna,Other
NA,11540,827,NORI/LAVER,PORPHYRA,NA,Other,NA,NA,NA,Fauna,Other
NA,156862,828,STARFISH,ASTEROIDEA,NA,Other,NA,NA,NA,Macrobenthos,Other
NA,12092,829,IRISH MOSS,CHONDRUS CRISPUS,NA,Other,NA,NA,NA,Fauna,Other
NA,12104,830,FALSE IRISH MOSS,GIGARTINA STELLATA,NA,Other,NA,NA,NA,Fauna,Other
NA,12842,831,DULSE,PALMARIA PALMATA,NA,Other,NA,NA,NA,Fauna,Other
NA,11329,832,ROCKWEED,FUCACEAE,NA,Other,NA,NA,NA,Fauna,Other
NA,11222,833,SUGAR KELP,LAMINARIA SACCHARINA,NA,Other,NA,NA,NA,Fauna,Other
NA,83677,834,"CRUSTACEANS,UNC",CRUSTACEA,NA,Other,NA,NA,NA,OtherDemersals,Other
NA,51483,899,"JELLYFISH,UNC",SCYPHOZOA,NA,Other,NA,NA,NA,Macrobenthos,Other
0,NA,NA,UNCLASSIFIED FISH,UNIDENTIFIED FISH,NA,Other,NA,0.175,0.175,NA,Other
1,159772,150,ATLANTIC HAGFISH,MYXINE GLUTINOSA,NA,Other,BO,0.145,0.145,OtherDemersals,Other
2,159722,526,SEA LAMPREY,PETROMYZON MARINUS,NA,Other,NA,0.175,0.175,Freshwater,Other
3,160268,484,DUSKY SHARK,CARCHARHINUS OBSCURUS,NA,Other,PE,0.199,0.199,Sharks,Other
4,160952,NA,ROUGHTAIL STINGRAY,DASYATIS CENTROURA,NA,Other,BE,0.144,0.144,Rays,Other
5,160806,289,RAY AND SKATE UNCL,RAJIFORMES,NA,Other,NA,0.175,0.175,Rays,Other
6,159907,496,BASKING SHARK,CETORHINUS MAXIMUS,NA,Other,NA,0.175,0.175,Sharks,Other
7,160703,339,BLACK DOGFISH,CENTROSCYLLIUM FABRICII,NA,Other,PE,0.199,0.199,Sharks,Other
8,160659,NA,ROUGH SAGRE,ETMOPTERUS PRINCEPS,NA,Other,BE,0.144,0.144,Sharks,Other
9,160289,482,SANDBAR SHARK,CARCHARHINUS PLUMBEUS,NA,Other,PE,0.199,0.199,Sharks,Other
11,NA,NA,SHARK UNCL,SELACHIMORPHA,NA,Apex Predator,NA,0.175,0.175,Sharks,Apex Predator
12,159888,349,SAND TIGER,CARCHARIAS TAURUS,NA,Other,PE,0.199,0.199,Sharks,Other
13,160230,351,SMOOTH DOGFISH,MUSTELUS CANIS,NA,Macrozoo-piscivore,PE,0.199,0.199,SmoothDogfish,Benthivore
14,160060,346,CHAIN DOGFISH,SCYLIORHINUS RETIFER,NA,Benthivore,PE,0.199,0.199,Sharks,Benthivore
15,160617,352,SPINY DOGFISH,SQUALUS ACANTHIAS,JOINT,Piscivore,PE,0.199,0.199,SpinyDogfish,Piscivore
16,160787,477,ATLANTIC ANGEL SHARK,SQUATINA DUMERIL,NA,Other,PE,0.199,0.199,Sharks,Other
17,160424,493,BLUE SHARK,PRIONACE GLAUCA,NA,Other,NA,0.175,0.175,Sharks,Other
18,160954,NA,BLUNTNOSE STINGRAY,DASYATIS SAY,NA,Other,BE,0.144,0.144,Rays,Other
19,160980,NA,BULLNOSE RAY,MYLIOBATIS FREMINVILLEI,NA,Other,BE,0.144,0.144,Rays,Other
20,160846,365,OCELLATE SKATES,RAJA ,NA,Other,NA,0.175,0.175,OtherSkates,Other
21,160834,526,ATLANTIC TORPEDO,TORPEDO NOBILIANA,NA,Other,BE,0.144,0.144,Freshwater,Other
22,564139,368,BARNDOOR SKATE,DIPTURUS LAEVIS,NEFMC,Benthivore,OE,0.144,0.144,Barndoor,Benthivore
23,564145,367,WINTER SKATE,LEUCORAJA OCELLATA,NEFMC,Piscivore,OE,0.144,0.144,WinterSkate,Piscivore
24,160855,372,CLEARNOSE SKATE,RAJA EGLANTERIA,NEFMC,Macrozoo-piscivore,BE,0.144,0.144,OtherSkates,Piscivore
25,564136,364,ROSETTE SKATE,LEUCORAJA GARMANI,NEFMC,Benthivore,BE,0.144,0.144,OtherSkates,Benthivore
26,564130,366,LITTLE SKATE,LEUCORAJA ERINACEA,NEFMC,Macrozoo-piscivore,OE,0.144,0.144,LittleSkate,Piscivore
27,564151,369,SMOOTH SKATE,MALACORAJA SENTA,NEFMC,Macrozoo-piscivore,BE,0.144,0.144,OtherSkates,Piscivore
28,564149,370,THORNY SKATE,AMBLYRAJA RADIATA,NEFMC,Piscivore,OE,0.144,0.144,OtherSkates,Piscivore
29,160951,NA,SOUTHERN STINGRAY,DASYATIS AMERICANA,NA,Other,BE,0.144,0.144,Rays,Other
30,161700,167,HERRING UNCL,CLUPEIDAE,NA,Other,NA,0.175,0.175,OtherPelagics,Other
31,161743,166,ROUND HERRING,ETRUMEUS TERES,NA,Other,NA,0.175,0.175,SmPelagics,Other
32,161722,168,ATLANTIC HERRING,CLUPEA HARENGUS,NEFMC,Mesoplanktivore,NA,0.02,0.02,AtlHerring,Planktivore
33,161706,1,ALEWIFE,ALOSA PSEUDOHARENGUS,NA,Mesoplanktivore,NA,0.37,0.37,RiverHerring,Planktivore
34,161703,112,BLUEBACK HERRING,ALOSA AESTIVALIS,NA,Mesoplanktivore,NA,0.05,0.05,RiverHerring,Planktivore
35,161702,347,AMERICAN SHAD,ALOSA SAPIDISSIMA,NA,Mesoplanktivore,NA,0.05,0.05,AmShad,Planktivore
36,161731,221,MENHADEN,BREVOORTIA,NA,Mesoplanktivore,NA,0.05,0.05,OtherPelagics,Planktivore
37,161704,173,HICKORY SHAD,ALOSA MEDIOCRIS,NA,Other,NA,0.175,0.175,OtherPelagics,Other
38,162035,361,CAPELIN,MALLOTUS VILLOSUS,NA,Other,NA,0.02,0.02,OtherPelagics,Other
39,162303,NA,SLICKHEADS,ALEPOCEPHALIDAE ,NA,Other,NA,0.175,0.175,Mesopelagics,Other
43,161839,6,BAY ANCHOVY,ANCHOA MITCHILLI,NA,Other,NA,0.02,0.02,SmPelagics,Other
44,161838,NA,STRIPED ANCHOVY,ANCHOA HEPSETUS,NA,Other,NA,0.02,0.02,SmPelagics,Other
45,162041,371,RAINBOW SMELT,OSMERUS MORDAX,NA,Other,NA,0.175,0.175,SmallPelagics,Other
46,162064,NA,ATLANTIC ARGENTINE,ARGENTINA SILUS,NA,Other,NA,0.018,0.018,SmPelagics,Other
47,162427,139,GREENEYE UNCL,CHLOROPHTHALMIDAE,NA,Other,NA,0.175,0.175,Mesopelagics,Other
51,162680,NA,GLACIER LANTERNFISH,BENTHOSEMA GLACIALE,NA,Other,NA,0.175,0.175,Mesopelagics,Other
52,162632,NA,MADEIRA LANTERNFISH,LAMPANYCTUS ,NA,Other,NA,0.175,0.175,Mesopelagics,Other
54,162578,NA,HORNED LANTERNFISH,CERATOSCOPELUS MADERENSIS,NA,Other,NA,0.175,0.175,Mesopelagics,Other
55,162723,NA,SPOTTED LANTERNFISH,MYCTOPHUM PUNCTATUM,NA,Other,NA,0.175,0.175,Mesopelagics,Other
56,162575,655,LANTERNFISH UNCL,MYCTOPHIDAE,NA,Other,NA,0.175,0.175,Mesopelagics,Other
57,162701,NA,NA,HYGOPHUM TAANINGI,NA,Other,NA,0.175,0.175,Mesopelagics,Other
58,162654,NA,PATCHWORK LAMPFISH,NOTOSCOPELUS RESPLENDENS,NA,Other,NA,0.175,0.175,Mesopelagics,Other
59,162712,NA,NA,GONICHTHYS COCCOI,NA,Other,NA,0.175,0.175,Mesopelagics,Other
60,161123,117,EEL UNCL,ANGUILLIFORMES,NA,Other,NA,0.175,0.175,OtherDemersals,Other
61,162583,NA,HEADLIGHTFISH UNCL,DIAPHUS ,NA,Other,NA,0.175,0.175,Mesopelagics,Other
63,161326,116,CONGER EEL,CONGER OCEANICUS,NA,Other,NA,0.175,0.175,OtherDemersals,Other
64,161594,NA,SNUBNOSE EEL,SIMENCHELYS PARASITICA ,NA,Other,NA,0.175,0.175,OtherDemersals,Other
65,161473,NA,MARGINED SNAKE EEL,OPHICHTHUS CRUENTIFER,NA,Other,NA,0.175,0.175,OtherDemersals,Other
66,165474,NA,SILVERSTRIPE HALFBEAK,HYPORHAMPHUS UNIFASCIATUS,NA,Other,NA,0.175,0.175,OtherPelagics,Other
67,161624,NA,SLENDER SNIPE EEL,NEMICHTHYS SCOLOPACEUS,NA,Other,NA,0.175,0.175,OtherDemersals,Other
68,165548,NA,FLAT NEEDLEFISH,ABLENNES HIANS,NA,Other,NA,0.175,0.175,OtherPelagics,Other
69,164793,508,OFFSHORE HAKE,MERLUCCIUS ALBIDUS,NEFMC,Piscivore,PG,0.142,0.199,OffHake,Piscivore
70,550669,NA,BEARDLESS CODLING,GADELLA IMBERBIS,NA,Other,NA,0.175,0.175,OtherDemersals,Other
72,164791,509,SILVER HAKE,MERLUCCIUS BILINEARIS,NEFMC,Piscivore,PG,0.142,0.199,SilverHake,Piscivore
73,164712,81,ATLANTIC COD,GADUS MORHUA,NEFMC,Piscivore,PG,0.142,0.199,Cod,Piscivore
73,164712,82,ATLANTIC COD,GADUS MORHUA,NEFMC,Piscivore,PG,0.142,0.199,Cod,Piscivore
74,164744,147,HADDOCK,MELANOGRAMMUS AEGLEFINUS,NEFMC,Benthivore,BG,0.199,0.206,Haddock,Benthivore
74,164744,148,HADDOCK,MELANOGRAMMUS AEGLEFINUS,NEFMC,Benthivore,BG,0.199,0.206,Haddock,Benthivore
75,164727,269,POLLOCK,POLLACHIUS VIRENS,NEFMC,Macrozoo-piscivore,PG,0.142,0.199,Pollock,Piscivore
75,164727,270,POLLOCK,POLLACHIUS VIRENS,NEFMC,Macrozoo-piscivore,PG,0.142,0.199,Pollock,Piscivore
76,164732,153,WHITE HAKE,UROPHYCIS TENUIS,NEFMC,Macroplanktivore,PG,0.142,0.199,WhiteHake,Piscivore
76,164732,154,WHITE HAKE,UROPHYCIS TENUIS,NEFMC,Macroplanktivore,PG,0.142,0.199,WhiteHake,Piscivore
77,164730,152,RED HAKE,UROPHYCIS CHUSS,NEFMC,Macrozoo-piscivore,BG,0.199,0.206,RedHake,Piscivore
78,164731,662,SPOTTED HAKE,UROPHYCIS REGIA,NA,Other,BG,0.199,0.206,OtherDemersals,Other
79,164733,NA,LONGFIN HAKE,UROPHYCIS CHESTERI,NA,Other,PG,0.142,0.199,OtherDemersals,Other
80,164701,NA,HAKE UNCL,GADIDAE,NA,Other,PG,0.142,0.199,OtherDemersals,Other
81,164672,664,BLUE HAKE,ANTIMORA ROSTRATA,NA,Other,BG,0.199,0.206,OtherDemersals,Other
82,550838,NA,METALLIC CODLING,PHYSICULUS FULVUS,NA,Other,NA,0.175,0.175,OtherDemersals,Other
83,164748,526,FOURBEARD ROCKLING,ENCHELYOPUS CIMBRIUS,NA,Other,BG,0.199,0.206,Freshwater,Other
84,164740,96,CUSK,BROSME BROSME,NA,Macrozoo-piscivore,BG,0.199,0.206,OtherDemersals,Planktivore
85,164769,NA,THREEBEARD ROCKLING,GAIDROPSARUS ENSIS,NA,Other,BG,0.199,0.206,OtherDemersals,Other
86,164790,507,HAKES,MERLUCCIUS ,NA,Other,PG,0.142,0.199,OtherDemersals,Other
87,164729,155,CODLINGS,UROPHYCIS ,NA,Other,NA,0.175,0.175,OtherDemersals,Other
88,164670,NA,MORA UNCL,MORIDAE,NA,Other,NA,0.175,0.175,OtherDemersals,Other
90,165332,138,GRENADIER UNCL,MACROURIDAE,NA,Other,BG,0.199,0.206,Mesopelagics,Other
91,165395,NA,MARLIN-SPIKE,NEZUMIA BAIRDII ,NA,Other,BG,0.199,0.206,Mesopelagics,Other
92,165421,137,ROUGHHEAD GRENADIER,MACROURUS BERGLAX,NA,Other,BG,0.199,0.206,Mesopelagics,Other
93,623199,NA,LONGNOSE GRENADIER,CAELORINCHUS CAELORHINCUS CARMINATUS ,NA,Other,BG,0.199,0.206,Mesopelagics,Other
98,172938,NA,DEEPWATER DAB,POECILOPSETTA BEANI,NA,Other,BP,0.267,0.266,OtherFlatfish,Other
99,172930,158,GREENLAND HALIBUT,REINHARDTIUS HIPPOGLOSSOIDES,NA,Other,PO,0.199,0.199,OtherDemersals,Other
100,172702,126,FLOUNDER UNCL,PLEURONECTIFORMES,NA,Other,SP,0.145,0.145,OtherFlatfish,Other
101,172933,159,ATLANTIC HALIBUT,HIPPOGLOSSUS HIPPOGLOSSUS,NEFMC,Piscivore,PO,0.199,0.199,AtlHalibut,Piscivore
102,172877,124,AMERICAN PLAICE,HIPPOGLOSSOIDES PLATESSOIDES,NEFMC,Benthivore,BP,0.267,0.266,AmPlaice,Benthivore
103,172735,121,SUMMER FLOUNDER,PARALICHTHYS DENTATUS,MAFMC,Piscivore,PO,0.199,0.199,SummerFlounder,Piscivore
104,172739,127,FOURSPOT FLOUNDER,PARALICHTHYS OBLONGUS,NA,Piscivore,BP,0.267,0.266,Fourspot,Piscivore
105,172909,123,YELLOWTAIL FLOUNDER,LIMANDA FERRUGINEA ,NEFMC,Benthivore,BP,0.267,0.266,YTFlounder,Benthivore
106,172905,119,WINTER FLOUNDER,PSEUDOPLEURONECTES AMERICANUS ,NEFMC,Benthivore,BP,0.267,0.266,WinterFlounder,Benthivore
106,172905,120,WINTER FLOUNDER,PSEUDOPLEURONECTES AMERICANUS ,NEFMC,Benthivore,BP,0.267,0.266,WinterFlounder,Benthivore
107,172873,122,WITCH FLOUNDER,GLYPTOCEPHALUS CYNOGLOSSUS,NEFMC,Benthivore,BP,0.267,0.266,WitchFlounder,Benthivore
108,172746,125,WINDOWPANE,SCOPHTHALMUS AQUOSUS,NA,Macrozoo-piscivore,BP,0.267,0.266,Windowpane,Piscivore
109,172719,129,GULF STREAM FLOUNDER,CITHARICHTHYS ARCTIFRONS,NA,Other,BP,0.267,0.266,SmFlatfishes,Other
110,172789,NA,DEEPWATER FLOUNDER,MONOLENE SESSILICAUDA,NA,Other,BP,0.267,0.266,OtherFlatfish,Other
111,166423,NA,LONGSPINE SNIPEFISH,MACRORHAMPHOSUS SCOLOPAX,NA,Other,BC,0.15,0.15,Mesopelagics,Other
112,166283,188,JOHN DORY,ZENOPSIS OCELLATA,NA,Macrozoo-piscivore,NA,0.175,0.175,OtherDemersals,Piscivore
113,165994,362,ATLANTIC SILVERSIDE,MENIDIA MENIDIA,NA,Other,NA,0.175,0.175,SmPelagics,Other
114,168335,291,BLACKMOUTH BASS,SYNAGROPS BELLUS,NA,Other,BC,0.15,0.15,Mesopelagics,Other
115,166365,NA,THREESPINE STICKLEBACK,GASTEROSTEUS ACULEATUS,NA,Other,NA,0.175,0.175,OtherDemersals,Other
116,166451,526,NORTHERN PIPEFISH,SYNGNATHUS FUSCUS,NA,Other,NA,0.175,0.175,Freshwater,Other
117,172730,NA,SMALLMOUTH FLOUNDER,ETROPUS MICROSTOMUS,NA,Other,BP,0.267,0.266,SmFlatfishes,Other
118,172982,128,HOGCHOKER,TRINECTES MACULATUS,NA,Other,BP,0.267,0.266,SmFlatfishes,Other
119,166411,NA,TRUMPETFISH,AULOSTOMUS MACULATUS,NA,Other,NA,0.175,0.175,OtherPelagics,Other
120,166416,NA,BLUESPOTTED CORNETFISH,FISTULARIA TABACARIA,NA,Other,NA,0.175,0.175,OtherPelagics,Other
121,172414,212,ATLANTIC MACKEREL,SCOMBER SCOMBRUS,MAFMC,Mesoplanktivore,NA,0.2,0.2,AtlMackerel,Planktivore
123,172409,33,ATLANTIC BONITO,SARDA SARDA,NA,Other,NA,0.175,0.175,LargePelagics,Other
124,172412,215,CHUB MACKEREL,SCOMBER JAPONICUS,NA,Other,NA,0.175,0.175,OtherPelagics,Other
125,172451,472,WAHOO,ACANTHOCYBIUM SOLANDRI,NA,Other,NA,0.175,0.175,LargePelagics,Other
126,172385,99,ATLANTIC CUTLASSFISH,TRICHIURUS LEPTURUS,NA,Other,PO,0.199,0.199,Mesopelagics,Other
127,172374,NA,CONEJO,PROMETHICHTHYS PROMETHEUS,NA,Other,NA,0.175,0.175,OtherPelagics,Other
128,172401,466,SKIPJACK TUNA,KATSUWONUS PELAMIS,NA,Other,NA,0.175,0.175,LargePelagics,Other
129,168612,213,BLUE RUNNER,CARANX CRYSOS,NA,Other,NA,0.175,0.175,OtherPelagics,Other
130,170311,NA,BIGSCALE POMFRET,TARACTICHTHYS LONGIPINNIS ,NA,Other,NA,0.175,0.175,OtherPelagics,Other
131,172567,51,BUTTERFISH,PEPRILUS TRIACANTHUS,MAFMC,Mesoplanktivore,NA,0.175,0.175,Butterfish,Planktivore
132,168684,NA,ATLANTIC MOONFISH,SELENE SETAPINNIS,NA,Other,NA,0.175,0.175,SmPelagics,Other
133,168680,526,LOOKDOWN,SELENE VOMER,NA,Other,NA,0.175,0.175,Freshwater,Other
134,168178,526,BIGEYE,PRIACANTHUS ARENATUS,NA,Other,NA,0.175,0.175,Freshwater,Other
135,168559,23,BLUEFISH,POMATOMUS SALTATRIX,MAFMC,Piscivore,NA,0.175,0.175,Bluefish,Piscivore
136,169283,90,ATLANTIC CROAKER,MICROPOGONIAS UNDULATUS,NA,Other,BC,0.15,0.15,AtlCroaker,Other
137,168337,NA,KEELCHEEK BASS,SYNAGROPS SPINOSUS,NA,Other,BC,0.15,0.15,Mesopelagics,Other
138,168196,NA,CARDINALFISH UNCL,APOGONIDAE,NA,Other,NA,0.175,0.175,OtherPelagics,Other
139,167680,418,STRIPED BASS,MORONE SAXATILIS,NA,Piscivore,NA,0.175,0.175,StripedBass,Piscivore
140,167678,506,WHITE PERCH,MORONE AMERICANA,NA,Other,NA,0.175,0.175,SouthernDemersals,Other
141,167687,335,BLACK SEA BASS,CENTROPRISTIS STRIATA,MAFMC,Benthivore,OO,0.145,0.145,BlackSeaBass,Benthivore
142,169077,258,PIGFISH,ORTHOPRISTIS CHRYSOPTERA,NA,Other,BC,0.15,0.15,SouthernDemersals,Other
143,169182,329,SCUP,STENOTOMUS CHRYSOPS,MAFMC,Benthivore,BC,0.15,0.15,Scup,Benthivore
144,168297,NA,NA,EPIGONUS PANDIONIS,NA,Other,BC,0.15,0.15,Mesopelagics,Other
145,169241,344,WEAKFISH,CYNOSCION REGALIS,NA,Piscivore,NA,0.175,0.175,Weakfish,Piscivore
146,169276,196,NORTHERN KINGFISH,MENTICIRRHUS SAXATILIS,NA,Other,BC,0.15,0.15,SouthernDemersals,Other
147,169288,106,BLACK DRUM,POGONIAS CROMIS,NA,Other,BC,0.15,0.15,SouthernDemersals,Other
148,169259,NA,SILVER PERCH,BAIRDIELLA CHRYSOURA,NA,Other,BC,0.15,0.15,SouthernDemersals,Other
149,169267,406,SPOT,LEIOSTOMUS XANTHURUS,NA,Other,BC,0.15,0.15,SouthernDemersals,Other
150,168333,NA,SHERBORN'S CARDINALFISH,HOWELLA SHERBORNI ,NA,Other,BC,0.15,0.15,Mesopelagics,Other
151,168546,446,TILEFISH,LOPHOLATILUS CHAMAELEONTICEPS,MAFMC,Benthivore,BC,0.15,0.15,Tilefish,Benthivore
154,166801,NA,LONGSPINE SCORPIONFISH,PONTINUS LONGISPINIS,NA,Other,BS,0.334,0.142,OtherDemersals,Other
155,166774,240,ACADIAN REDFISH,SEBASTES FASCIATUS,NEFMC,Macrozoo-piscivore,BS,0.334,0.142,Redfish,Piscivore
156,166787,242,BLACKBELLY ROSEFISH,HELICOLENUS DACTYLOPTERUS,NA,Macrozoo-piscivore,BS,0.334,0.142,OtherDemersals,Planktivore
158,166311,NA,DEEPBODY BOARFISH,ANTIGONIA CAPROS,NA,Other,BO,0.145,0.145,OtherDemersals,Other
159,167201,NA,HOOKEAR SCULPINS,ARTEDIELLUS ,NA,Other,BS,0.334,0.142,OtherDemersals,Other
160,167196,326,SCULPIN UNCL,COTTIDAE,NA,Macroplanktivore,BS,0.334,0.142,OtherDemersals,Planktivore
161,167375,NA,MOUSTACHE SCULPIN,TRIGLOPS MURRAYI,NA,Other,BS,0.334,0.142,OtherDemersals,Other
162,167318,NA,SHORTHORN SCULPIN,MYOXOCEPHALUS SCORPIUS,NA,Other,BS,0.334,0.142,OtherDemersals,Other
163,167320,326,LONGHORN SCULPIN,MYOXOCEPHALUS OCTODECEMSPINOSUS,NA,Macroplanktivore,BS,0.334,0.142,OtherDemersals,Planktivore
164,167289,327,SEA RAVEN,HEMITRIPTERUS AMERICANUS,NA,Benthivore,BS,0.334,0.142,OtherDemersals,Piscivore
165,167439,NA,ALLIGATORFISH,ASPIDOPHOROIDES MONOPTERYGIUS,NA,Other,BS,0.334,0.142,OtherDemersals,Other
166,167321,NA,GRUBBY,MYOXOCEPHALUS AENAEUS,NA,Other,BS,0.334,0.142,OtherDemersals,Other
167,167577,NA,INQUILINE SNAILFISH,LIPARIS INQUILINUS,NA,Other,BS,0.334,0.142,OtherDemersals,Other
168,167612,210,LUMPFISH,CYCLOPTERUS LUMPUS,NA,Macroplanktivore,NA,0.175,0.175,OtherDemersals,Planktivore
169,167545,NA,ATLANTIC SPINY LUMPSUCKER,EUMICROTREMUS SPINOSUS,NA,Other,BS,0.334,0.142,OtherDemersals,Other
170,167576,NA,ATLANTIC SEASNAIL,LIPARIS ATLANTICUS,NA,Other,NA,0.175,0.175,Macrobenthos,Other
171,166974,340,NORTHERN SEAROBIN,PRIONOTUS CAROLINUS,NA,Macroplanktivore,BS,0.334,0.142,OtherDemersals,Planktivore
172,166975,342,STRIPED SEAROBIN,PRIONOTUS EVOLANS,NA,Benthivore,BS,0.334,0.142,OtherDemersals,Benthivore
173,167010,343,ARMORED SEAROBIN,PERISTEDION MINIATUM,NA,Other,BS,0.334,0.142,OtherDemersals,Other
174,166972,341,SEAROBIN UNCL,TRIGLIDAE,NA,Other,BS,0.334,0.142,OtherDemersals,Other
175,167624,NA,FLYING GURNARD,DACTYLOPTERUS VOLITANS,NA,Other,NA,0.175,0.175,OtherPelagics,Other
176,170481,93,CUNNER,TAUTOGOLABRUS ADSPERSUS,NA,Benthivore,BC,0.15,0.15,OtherDemersals,Benthivore
177,170479,438,TAUTOG,TAUTOGA ONITIS,NA,Benthivore,BC,0.15,0.15,OtherDemersals,Benthivore
179,171055,31,NORTHERN STARGAZER,ASTROSCOPUS GUTTATUS,NA,Other,BC,0.15,0.15,OtherDemersals,Other
180,171645,514,ROCK GUNNEL,PHOLIS GUNNELLUS,NA,Other,NA,0.175,0.175,OtherDemersals,Other
181,171674,NA,NORTHERN SAND LANCE,AMMODYTES DUBIUS,NA,Other,NA,0.175,0.175,OtherDemersals,Planktivore
182,171588,NA,SNAKEBLENNY,LUMPENUS LUMPRETAEFORMIS,NA,Other,BC,0.15,0.15,OtherDemersals,Other
183,171584,NA,DAUBED SHANNY,LUMPENUS MACULATUS,NA,Other,BC,0.15,0.15,OtherDemersals,Other
184,171616,NA,RADIATED SHANNY,ULVARIA SUBBIFURCATA,NA,Other,BC,0.15,0.15,OtherDemersals,Other
185,164423,451,OYSTER TOADFISH,OPSANUS TAU,NA,Other,BO,0.145,0.145,OtherDemersals,Other
186,164859,NA,POLKA-DOT CUSK-EEL,OTOPHIDIUM OMOSTIGMUM,NA,Other,BG,0.199,0.206,OtherDemersals,Other
187,169417,NA,RED GOATFISH,MULLUS AURATUS,NA,Other,BC,0.15,0.15,OtherDemersals,Other
188,164852,NA,STRIPED CUSK-EEL,OPHIDION MARGINATUM,NA,Other,BG,0.199,0.206,OtherDemersals,Other
189,165280,NA,ARCTIC EELPOUT,LYCODES RETICULATUS,NA,Other,BC,0.15,0.15,OtherDemersals,Other
190,165242,NA,WOLF EELPOUT,LYCENCHELYS VERRILLI,NA,Other,BC,0.15,0.15,OtherDemersals,Other
191,171609,NA,WRYMOUTH,CRYPTACANTHODES MACULATUS,NA,Other,BC,0.15,0.15,OtherDemersals,Other
192,171341,512,ATLANTIC WOLFFISH,ANARHICHAS LUPUS,NA,Benthivore,BC,0.15,0.15,OtherDemersals,Benthivore
193,630979,250,OCEAN POUT,ZOARCES AMERICANUS,NEFMC,Benthivore,BC,0.15,0.15,OceanPout,Benthivore
194,164831,NA,FAWN CUSK-EEL,LEPOPHIDIUM PROFUNDORUM,NA,Other,BG,0.199,0.206,OtherDemersals,Other
195,173285,431,SMOOTH PUFFER,LAGOCEPHALUS LAEVIGATUS,NA,Other,NA,0.175,0.175,OtherDemersals,Other
196,173290,429,NORTHERN PUFFER,SPHOEROIDES MACULATUS,NA,Other,NA,0.175,0.175,OtherDemersals,Other
197,164499,11,GOOSEFISH,LOPHIUS AMERICANUS,JOINT,Piscivore,PO,0.199,0.199,Goosefish,Piscivore
197,164499,12,GOOSEFISH,LOPHIUS AMERICANUS,JOINT,Piscivore,PO,0.199,0.199,Goosefish,Piscivore
198,173384,NA,STRIPED BURRFISH,CHILOMYCTERUS SCHOEPFI,NA,Other,NA,0.175,0.175,OtherDemersals,Other
199,164589,NA,ATLANTIC BATFISH,DIBRANCHUS ATLANTICUS,NA,Other,BO,0.145,0.145,OtherDemersals,Other
200,160815,NA,ATLANTIC GUITARFISH,RHINOBATOS LENTIGINOSUS,NA,Other,NA,0.175,0.175,OtherDemersals,Other
201,173182,NA,PLANEHEAD FILEFISH,MONACANTHUS HISPIDUS,NA,Other,NA,0.175,0.175,OtherDemersals,Other
202,173138,456,GRAY TRIGGERFISH,BALISTES CAPRISCUS,NA,Other,NA,0.175,0.175,OtherDemersals,Other
203,168689,181,GREATER AMBERJACK,SERIOLA DUMERILI,NA,Other,NA,0.175,0.175,OtherPelagics,Other
204,168693,526,BANDED RUDDERFISH,SERIOLA ZONATA,NA,Other,NA,0.175,0.175,Freshwater,Other
205,165612,319,ATLANTIC SAURY,SCOMBERESOX SAURUS,NA,Other,NA,0.175,0.175,OtherPelagics,Other
206,164584,NA,LONGNOSE BATFISH,OGCOCEPHALUS CORNIGER,NA,Other,BO,0.145,0.145,OtherDemersals,Other
207,172512,27,BARRELFISH,HYPEROGLYPHE PERCIFORMIS,NA,Other,NA,0.175,0.175,OtherDemersals,Other
208,168724,NA,MACKEREL SCAD,DECAPTERUS MACARELLUS,NA,Other,NA,0.175,0.175,SmPelagics,Other
209,168677,76,BIGEYE SCAD,SELAR CRUMENOPHTHALMUS,NA,Other,NA,0.175,0.175,SmPelagics,Other
210,162594,NA,HEADLIGHTFISH,DIAPHUS DUMERILI,NA,Other,NA,0.175,0.175,Mesopelagics,Other
211,168725,77,ROUND SCAD,DECAPTERUS PUNCTATUS,NA,Other,NA,0.175,0.175,SmPelagics,Other
212,168587,331,ROUGH SCAD,TRACHURUS LATHAMI,NA,Other,NA,0.175,0.175,SmPelagics,Other
213,172537,NA,SILVER RAG,ARIOMMA BONDI,NA,Other,NA,0.175,0.175,Mesopelagics,Other
215,165577,20,HOUNDFISH,TYLOSURUS CROCODILUS,NA,Other,NA,0.175,0.175,Mesopelagics,Other
221,173061,NA,STRAIGHTMOUTH TONGUEFISHES,SYMPHURUS ,NA,Other,NA,0.175,0.175,Mesopelagics,Other
227,172370,NA,BLACK GEMFISH,NESIARCHUS NASUTUS,NA,Other,BC,0.15,0.15,Mesopelagics,Other
228,162292,NA,BOA DRAGONFISH,STOMIAS BOA,NA,Other,NA,0.175,0.175,Mesopelagics,Other
229,622356,NA,WEITZMANS PEARLSIDES,MAUROLICUS WEITZMANI ,NA,Other,NA,0.175,0.175,Mesopelagics,Other
231,162428,NA,NA,CHLOROPHTHALMUS ,NA,Other,BO,0.145,0.145,Mesopelagics,Other
232,162430,NA,SHORTNOSE GREENEYE,CHLOROPHTHALMUS AGASSIZI,NA,Other,BO,0.145,0.145,Mesopelagics,Other
233,162184,NA,NA,GONOSTOMA BATHYPHILUM,NA,Other,BO,0.145,0.145,Mesopelagics,Other
234,162183,NA,NA,GONOSTOMA ATLANTICUM,NA,Other,BO,0.145,0.145,Mesopelagics,Other
235,162185,NA,LONGTOOTH ANGLEMOUTH,GONOSTOMA ELONGATUM,NA,Other,BO,0.145,0.145,Mesopelagics,Other
236,162192,NA,NA,VINCIGUERRIA ,NA,Other,BO,0.145,0.145,Mesopelagics,Other
237,622358,NA,NA,POLYMETME THAEOCORYLA ,NA,Other,BO,0.145,0.145,Mesopelagics,Other
239,172380,NA,SIMONYS FROSTFISH,BENTHODESMUS SIMONYI,NA,Other,NA,0.175,0.175,Mesopelagics,Other
240,162281,NA,VIPERFISH,CHAULIODUS SLOANI,NA,Other,NA,0.175,0.175,Mesopelagics,Other
241,162280,NA,NA,CHAULIODUS DANAE,NA,Other,BO,0.145,0.145,Mesopelagics,Other
242,162435,NA,LONGNOSE GREENEYE,PARASUDIS TRUCULENTA,NA,Other,BO,0.145,0.145,Mesopelagics,Other
243,162340,NA,BLUNTNOSE SMOOTHHEAD,XENODERMICHTHYS COPEI,NA,Other,BO,0.145,0.145,Mesopelagics,Other
244,162193,NA,SLENDER LIGHTFISH,VINCIGUERRIA ATTENUATA,NA,Other,NA,0.175,0.175,Mesopelagics,Other
245,162493,NA,NA,PARALEPIS COREGONOIDES,NA,Other,NA,0.175,0.175,Mesopelagics,Other
246,644687,NA,WHITE BARRACUDINA,ARCTOZENUS RISSO ,NA,Other,NA,0.175,0.175,Mesopelagics,Other
248,162282,NA,SCALY DRAGONFISH UNCL,STOMIIDAE,NA,Other,NA,0.175,0.175,Mesopelagics,Other
249,167483,NA,LUMPFISH SNAILFISH UNCL,CYCLOPTERIDAE,NA,Other,NA,0.175,0.175,Mesopelagics,Other
250,162215,NA,SILVER HATCHETFISH,ARGYROPELECUS ACULEATUS,NA,Other,NA,0.175,0.175,Mesopelagics,Other
251,622357,NA,SLOPE HATCHETFISH,POLYIPNUS CLARUS ,NA,Other,NA,0.175,0.175,Mesopelagics,Other
252,162212,252,HATCHETFISH UNCL,STERNOPTYCHIDAE,NA,Other,NA,0.175,0.175,Mesopelagics,Other
260,643676,NA,NA,CAREPROCTUS RANULA ,NA,Other,BS,0.334,0.142,Mesopelagics,Other
261,166140,NA,BLACKMOUTHED ALFONSIN,HOPLOSTETHUS MEDITERRANEUS,NA,Other,NA,0.175,0.175,Mesopelagics,Other
262,165296,251,ATLANTIC SOFT POUT,MELANOSTIGMA ATLANTICUM,NA,Other,NA,0.175,0.175,Mesopelagics,Other
263,166126,22,BEARDFISH,POLYMIXIA LOWEI,NA,Other,BO,0.145,0.145,OtherDemersals,Other
264,166127,NA,STOUT BEARDFISH,POLYMIXIA NOBILIS,NA,Other,BO,0.145,0.145,OtherDemersals,Other
265,173414,NA,OCEAN SUNFISH,MOLA MOLA,NA,Other,NA,0.175,0.175,OtherPelagics,Other
266,166141,NA,NA,HOPLOSTETHUS OCCIDENTALIS,NA,Other,BO,0.145,0.145,OtherDemersals,Other
267,165215,NA,EELPOUT UNCL,ZOARCIDAE,NA,Other,NA,0.175,0.175,OtherDemersals,Other
268,166137,NA,BIG ROUGHY,GEPHYROBERYX DARWINI,NA,Other,BO,0.145,0.145,SouthernDemersals,Other
270,160985,285,COWNOSE RAY,RHINOPTERA BONASUS,NA,Other,BE,0.144,0.144,Rays,Other
271,160978,NA,SPOTTED EAGLE RAY,AETOBATUS NARINARI  ,NA,Other,NA,0.175,0.175,Rays,Other
272,160992,672,MANTA,MANTA BIROSTRIS,NA,Other,NA,0.175,0.175,Rays,Other
274,166987,NA,MEXICAN SEAROBIN,PRIONOTUS PARALATUS,NA,Other,BS,0.334,0.142,SouthernDemersals,Other
280,165390,NA,WESTERN SOFTHEAD GRENADIER,MALACOCEPHALUS OCCIDENTALIS,NA,Other,BG,0.199,0.206,Mesopelagics,Other
281,162205,NA,NA,YARELLA BLACKFORDI,NA,Other,NA,0.175,0.175,Mesopelagics,Other
285,96761,NA,PUNCTATE BLADE SHRIMP,SPIRONTOCARIS PHIPPSII,NA,Other,NA,0.175,0.175,OtherShrimps,Other
286,96775,NA,PARROT SHRIMP,SPIRONTOCARIS SPINUS,NA,Other,NA,0.175,0.175,OtherShrimps,Other
287,97110,NA,SEVENSPINE BAY SHRIMP,CRANGON SEPTEMSPINOSA,NA,Other,NA,0.175,0.175,OtherShrimps,Other
291,96805,NA,ARCTIC EUALID,EUALUS FABRICII,NA,Other,NA,0.175,0.175,OtherShrimps,Other
292,96166,NA,PINK GLASS SHRIMP,PASIPHAEA MULTIDENTATA,NA,Other,NA,0.175,0.175,OtherShrimps,Other
293,96787,NA,SPINY LEBBEID,LEBBEUS GROENLANDICUS,NA,Other,NA,0.175,0.175,OtherShrimps,Other
294,96792,NA,POLAR LEBBEID,LEBBEUS POLARIS,NA,Other,NA,0.175,0.175,OtherShrimps,Other
295,96765,NA,FRIENDLY BLADE SHRIMP,SPIRONTOCARIS LILJEBORGII,NA,Other,NA,0.175,0.175,OtherShrimps,Other
296,97000,NA,BRISTLED LONGBEAK,DICHELOPANDALUS LEPTOCERUS,NA,Other,NA,0.175,0.175,OtherShrimps,Other
297,96971,NA,AESOP SHRIMP,PANDALUS MONTAGUI,NA,Other,NA,0.175,0.175,OtherShrimps,Other
298,96986,NA,NA,PANDALUS PROPINQUUS,NA,Other,NA,0.175,0.175,OtherShrimps,Other
299,97184,NA,NORWEGIAN SHRIMP,PONTOPHILUS NORVEGICUS,NA,Other,NA,0.175,0.175,OtherShrimps,Other
301,97314,727,AMERICAN LOBSTER,HOMARUS AMERICANUS,NA,Benthivore,NA,0.175,0.175,AmLobster,Benthivore
302,97673,NA,RIDGED SLIPPER LOBSTER,SCYLLARIDES NODIFER,NA,Other,NA,0.175,0.175,Megabenthos,Other
303,97676,NA,SPANISH SLIPPER LOBSTER,SCYLLARIDES AEQUINOCTIALIS,NA,Other,NA,0.175,0.175,Megabenthos,Other
304,97648,728,CARIBBEAN SPINY LOBSTER,PANULIRUS ARGUS,NA,Other,NA,0.175,0.175,Megabenthos,Other
305,NA,NA,SHRIMP UNCL,CRUSTACEA SHRIMP,NA,Other,NA,0.175,0.175,OtherShrimps,Other
306,96967,736,NORTHERN SHRIMP,PANDALUS BOREALIS,NA,Other,NA,0.175,0.175,NShrimp,Other
307,95603,NA,SHRIMP (PINK -BROWN - WHITE),PENAEUS ,NA,Other,NA,0.175,0.175,OtherShrimps,Other
308,98909,NA,GOLDEN DEEPSEA CRAB,GERYON FENNERI,NA,Other,NA,0.175,0.175,Megabenthos,Other
309,98908,NA,WHITE CRAB,GERYON AFFINIS,NA,Other,NA,0.175,0.175,Megabenthos,Other
310,620992,710,"CRAB,RED DEEPSEA",CHACEON QUINQUEDENS,NEFMC,Benthivore,NA,0.175,0.175,RedCrab,Benthivore
311,98670,714,CANCER CRAB UNCL,CANCRIDAE,NA,Macrozoo-piscivore,NA,0.175,0.175,Megabenthos,Benthivore
312,98678,711,JONAH CRAB,CANCER BOREALIS,NA,Benthivore,NA,0.175,0.175,Megabenthos,Benthivore
313,98679,712,ATLANTIC ROCK CRAB,CANCER IRRORATUS,NA,Other,NA,0.175,0.175,Megabenthos,Other
314,98696,700,BLUE CRAB,CALLINECTES SAPIDUS,NA,Benthivore,NA,0.175,0.175,Megabenthos,Benthivore
315,98710,NA,CALICO CRAB UNCL,OVALIPES ,NA,Other,NA,0.175,0.175,Megabenthos,Other
316,96028,NA,BROWN ROCK SHRIMP,SICYONIA BREVIROSTRIS,NA,Other,NA,0.175,0.175,OtherShrimps,Other
317,98417,715,SPIDER CRAB UNCL,MAJIDAE,NA,Benthivore,NA,0.175,0.175,Macrobenthos,Benthivore
318,82703,724,HORSESHOE CRAB,LIMULUS POLYPHEMUS,NA,Other,NA,0.175,0.175,Megabenthos,Other
319,97964,NA,GALATHEID UNCL,GALATHEIDAE,NA,Other,NA,0.175,0.175,Macrobenthos,Other
320,98689,NA,SWIMMING CRAB UNCL,PORTUNIDAE,NA,Other,NA,0.175,0.175,Megabenthos,Other
321,98715,NA,COARSEHAND LADY CRAB,OVALIPES STEPHENSONI,NA,Other,NA,0.175,0.175,Megabenthos,Other
322,98714,701,LADY CRAB,OVALIPES OCELLATUS,NA,Benthivore,NA,0.175,0.175,Megabenthos,Benthivore
323,99140,737,MANTIS SHRIMP UNCL,STOMATOPODA,NA,Other,NA,0.175,0.175,OtherShrimp,Other
324,97943,713,NORTHERN STONE CRAB,LITHODES MAJA,NA,Other,NA,0.175,0.175,Megabenthos,Other
325,98428,718,SNOW CRAB,CHIONOECETES OPILIO,NA,Other,NA,0.175,0.175,Megabenthos,Other
326,98734,708,GREEN CRAB,CARCINUS MAENAS,NA,Other,NA,0.175,0.175,Megabenthos,Other
327,98348,NA,CALICO BOX CRAB,HEPATUS EPHELITICUS,NA,Other,NA,0.175,0.175,Megabenthos,Other
328,98342,NA,FLAME BOX CRAB,CALAPPA FLAMMEA,NA,Other,NA,0.175,0.175,Megabenthos,Other
329,98343,NA,YELLOW BOX CRAB,CALAPPA SULCATA,NA,Other,NA,0.175,0.175,Megabenthos,Other
330,157984,NA,SAND DOLLAR UNCL,CLYPEASTEROIDA,NA,Other,NA,0.175,0.175,Macrobenthos,Other
331,157821,NA,SEA URCHIN AND SAND DOLLAR UNCL,ECHINOIDEA,NA,Benthos,NA,0.175,0.175,Macrobenthos,Benthos
332,156858,NA,SEA STAR - BRITTLE STAR - AND BASKETS,STELLEROIDEA,NA,Other,NA,0.175,0.175,Macrobenthos,Other
333,157219,NA,BOREAL ASTERIAS,ASTERIAS VULGARIS,NA,Other,NA,0.175,0.175,Macrobenthos,Other
334,156901,NA,NA,ASTROPECTEN ,NA,Other,NA,0.175,0.175,Macrobenthos,Other
335,206947,NA,HERMIT CRAB UNCL,PAGUROIDEA,NA,Other,NA,0.175,0.175,Macrobenthos,Other
336,74096,776,CHANNELED WHELK,BUSYCOTYPUS CANALICULATUS,NA,Benthos,NA,0.175,0.175,Macrobenthos,Benthos
337,74071,777,KNOBBED WHELK,BUSYCON CARICA,NA,Other,NA,0.175,0.175,Macrobenthos,Other
338,72878,780,MOON SNAIL SHARK EYE AND BABY-EAR,NATICIDAE,NA,Other,NA,0.175,0.175,Macrobenthos,Other
339,98340,NA,BOX CRAB UNCL,CALAPPIDAE,NA,Other,NA,0.175,0.175,Megabenthos,Other
340,79619,795,ICELAND SCALLOP,CHLAMYS ISLANDICA,NA,Other,NA,0.175,0.175,Megabenthos,Other
341,NA,NA,ICELAND SCALLOP CLAPPER,CHLAMYS ISLANDICA CLAPPER,NA,Other,NA,0.175,0.175,Megabenthos,Other
342,79501,NA,NORTHERN HORSEMUSSEL,MODIOLUS MODIOLUS,NA,Other,NA,0.175,0.175,Megabenthos,Other
343,79454,781,BLUE MUSSEL,MYTILUS EDULIS,NA,Benthos,NA,0.175,0.175,Megabenthos,Benthos
344,73795,779,WAVED WHELK,BUCCINUM UNDATUM,NA,Other,NA,0.175,0.175,Macrobenthos,Other
345,74008,NA,TEN-RIDGED WHELK,NEPTUNEA DECEMCOSTATA,NA,Other,NA,0.175,0.175,Macrobenthos,Other
346,73922,NA,STIMPSON'S WHELK,COLUS STIMPSONI,NA,Other,NA,0.175,0.175,Macrobenthos,Other
347,74103,NA,NA,NASSARIUS ,NA,Other,NA,0.175,0.175,Macrobenthos,Other
348,72985,NA,NORTHERN MOONSNAIL,EUSPIRA HEROS,NA,Other,NA,0.175,0.175,Macrobenthos,Other
349,72961,NA,SHARK EYE,NEVERITA DUPLICATA,NA,Other,NA,0.175,0.175,Macrobenthos,Other
350,159977,348,NURSE SHARK,GINGLYMOSTOMA CIRRATUM,NA,Other,NA,0.175,0.175,Sharks,Other
351,159903,480,WHITE SHARK,CARCHARODON CARCHARIAS,NA,Other,NA,0.175,0.175,Sharks,Other
352,159924,355,SHORTFIN MAKO,ISURUS OXYRINCHUS,NA,Other,NA,0.175,0.175,Sharks,Other
353,159911,481,PORBEAGLE SHARK,LAMNA NASUS,NA,Other,NA,0.175,0.175,Sharks,Other
354,160304,503,BLACKNOSE SHARK,CARCHARHINUS ACRONOTUS,NA,Other,NA,0.175,0.175,Sharks,Other
355,160310,485,SILKY SHARK,CARCHARHINUS FALCIFORMIS,NA,Other,NA,0.175,0.175,Sharks,Other
356,160275,489,BULL SHARK,CARCHARHINUS LEUCAS,NA,Other,NA,0.175,0.175,Sharks,Other
357,160318,487,BLACKTIP SHARK,CARCHARHINUS LIMBATUS,NA,Other,NA,0.175,0.175,Sharks,Other
358,160189,491,TIGER SHARK,GALEOCERDO CUVIER,NA,Other,NA,0.175,0.175,Sharks,Other
359,160433,492,LEMON SHARK,NEGAPRION BREVIROSTRIS,NA,Other,NA,0.175,0.175,Sharks,Other
360,160200,494,ATLANTIC SHARPNOSE SHARK,RHIZOPRIONODON TERRAENOVAE,NA,Other,NA,0.175,0.175,Sharks,Other
361,160178,502,REQUIEM SHARK UNCL,CARCHARHINIDAE,NA,Other,NA,0.175,0.175,Sharks,Other
362,160508,478,SCALLOPED HAMMERHEAD SHARK,SPHYRNA LEWINI,NA,Other,NA,0.175,0.175,Sharks,Other
363,160515,386,GREAT HAMMERHEAD SHARK,SPHYRNA MOKARRAN,NA,Other,NA,0.175,0.175,Sharks,Other
364,160502,476,BONNETHEAD SHARK,SPHYRNA TIBURO,NA,Other,NA,0.175,0.175,Sharks,Other
365,160519,NA,SMALLEYE HAMMERHEAD SHARK,SPHYRNA TUDES,NA,Other,NA,0.175,0.175,Sharks,Other
366,160505,479,SMOOTH HAMMERHEAD SHARK,SPHYRNA ZYGAENA,NA,Other,NA,0.175,0.175,Sharks,Other
367,160844,NA,LESSER ELECTRIC RAY,NARCINE BRASILIENSIS,NA,Other,SE,0.145,0.145,Rays,Other
368,160859,NA,OCELLATE SKATE,RAJA ACKLEYI,NA,Other,SE,0.145,0.145,OtherSkates,Other
370,564146,NA,SPREADFIN SKATE,DIPTURUS OLSENI,NA,Other,SE,0.145,0.145,OtherSkates,Other
371,160932,377,SPINYTAIL SKATE,BATHYRAJA SPINICAUDA,NA,Other,SE,0.145,0.145,OtherSkates,Other
372,160875,NA,ROUNDEL SKATE,RAJA TEXANA,NA,Other,SE,0.145,0.145,OtherSkates,Other
373,160953,286,ATLANTIC STINGRAY,DASYATIS SABINA,NA,Other,SE,0.145,0.145,Rays,Other
374,160950,NA,PELAGIC STINGRAY,DASYATIS VIOLACEA,NA,Other,SE,0.145,0.145,Rays,Other
375,160961,NA,SPINY BUTTERFLY RAY,GYMNURA ALTAVELA,NA,Other,SE,0.145,0.145,Rays,Other
376,160962,NA,SMOOTH BUTTERFLY RAY,GYMNURA MICRURA,NA,Other,SE,0.145,0.145,Rays,Other
377,160965,NA,YELLOW STINGRAY,UROLOPHUS JAMAICENSIS,NA,Other,SE,0.145,0.145,Rays,Other
378,160982,NA,SOUTHERN EAGLE RAY,MYLIOBATIS GOODEI,NA,Other,SE,0.145,0.145,Rays,Other
379,161069,422,SHORTNOSE STURGEON,ACIPENSER BREVIROSTRUM,NA,Other,NA,0.175,0.175,Sturgeon,Other
380,573257,NA,ATLANTIC STURGEON,ACIPENSER OXYRHYNCHUS,NA,Other,NA,0.175,0.175,Sturgeon,Other
381,161111,268,LADYFISH,ELOPS SAURUS,NA,Other,NA,0.175,0.175,OtherPelagics,Other
382,161116,435,TARPON,MEGALOPS ATLANTICUS,NA,Other,NA,0.175,0.175,OtherPelagics,Other
383,161121,NA,BONEFISH,ALBULA VULPES,NA,Other,NA,0.175,0.175,SouthernDemersals,Other
384,161127,115,AMERICAN EEL,ANGUILLA ROSTRATA,NA,Other,NA,0.175,0.175,OtherDemersals,Other
385,161169,NA,PYGMY MORAY,ANARCHIAS SIMILIS,NA,Other,NA,0.175,0.175,SouthernDemersals,Other
386,161188,NA,SPOTTED MORAY,GYMNOTHORAX MORINGA,NA,Other,NA,0.175,0.175,SouthernDemersals,Other
387,161189,NA,BLACKEDGE MORAY,GYMNOTHORAX NIGROMARGINATUS,NA,Other,NA,0.175,0.175,SouthernDemersals,Other
388,161160,117,MORAY UNCL,MURAENIDAE,NA,Other,NA,0.175,0.175,SouthernDemersals,Other
389,161344,NA,BANDTOOTH CONGER,ARIOSOMA BALEARICUM,NA,Other,NA,0.175,0.175,SouthernDemersals,Other
390,161324,NA,CONGER EEL UNCL,CONGRIDAE,NA,Other,NA,0.175,0.175,OtherDemersals,Other
391,161435,NA,SHORTTAIL SNAKE EEL,CALLECHELYS GUINIENSIS,NA,Other,NA,0.175,0.175,OtherDemersals,Other
392,161441,NA,SAILFIN EEL,LETHARCHUS VELIFER,NA,Other,NA,0.175,0.175,OtherDemersals,Other
393,161453,NA,SPECKLED WORM EEL,MYROPHIS PUNCTATUS,NA,Other,NA,0.175,0.175,OtherDemersals,Other
394,161551,NA,SPOTTED SPOON-NOSE EEL,ECHIOPHIS INTERTINCTUS,NA,Other,NA,0.175,0.175,OtherDemersals,Other
395,161462,NA,SHRIMP EEL,OPHICHTHUS GOMESI,NA,Other,NA,0.175,0.175,OtherDemersals,Other
396,161481,NA,PALESPOTTED EEL,OPHICHTHUS PUNCTICEPS,NA,Other,NA,0.175,0.175,OtherDemersals,Other
397,161534,NA,ACADEMY EEL,APTERICHTUS ANSP,NA,Other,NA,0.175,0.175,OtherDemersals,Other
398,161536,NA,FINLESS EEL,APTERICHTUS KENDALLI,NA,Other,NA,0.175,0.175,OtherDemersals,Other
399,161550,NA,SPOON-NOSE EEL UNCL,ECHIOPHIS ,NA,Other,NA,0.175,0.175,OtherDemersals,Other
400,NA,NA,SEA SCALLOP CLAPPER,PLACOPECTEN MAGELLANICUS CLAPPER,NA,Other,NA,0.175,0.175,Megabenthos,Other
401,79718,800,SEA SCALLOP,PLACOPECTEN MAGELLANICUS,NEFMC,Benthos,NA,0.175,0.175,AtlScallop,Benthos
402,79737,799,BAY SCALLOP,ARGOPECTEN IRRADIANS,NA,Other,NA,0.175,0.175,Megabenthos,Other
403,80944,769,ATLANTIC SURFCLAM,SPISULA SOLIDISSIMA,MAFMC,Benthos,NA,0.175,0.175,SurfClam,Benthos
404,79734,797,ATLANTIC CALICO SCALLOP,ARGOPECTEN GIBBUS,NA,Other,NA,0.175,0.175,Megabenthos,Other
405,81962,NA,DUCK-BILL SHELL UNCL,THRACIA ,NA,Other,NA,0.175,0.175,Megabenthos,Other
406,NA,NA,ATLANTIC SURFCLAM CLAPPER,SPISULA SOLIDISSIMA CLAPPER,NA,Other,NA,0.175,0.175,Megabenthos,Other
407,80983,765,ARCTIC SURFCLAM,MACTROMERIS POLYNYMA,NA,Other,NA,0.175,0.175,Megabenthos,Other
408,NA,NA,ARCTIC SURFCLAM CLAPPER,MACTROMERIS POLYNYMA CLAPPER,NA,Other,NA,0.175,0.175,Megabenthos,Other
409,81343,754,OCEAN QUAHOG,ARCTICA ISLANDICA,MAFMC,Benthos,NA,0.175,0.175,OceanQuahog,Benthos
410,NA,NA,OCEAN QUAHOG CLAPPER,ARCTICA ISLANDICA CLAPPER,NA,Other,NA,0.175,0.175,Megabenthos,Other
411,81499,NA,SOUTHERN QUAHOG,MERCENARIA CAMPECHIENSIS,NA,Other,NA,0.175,0.175,Megabenthos,Other
412,NA,NA,SOUTHERN QUAHOG CLAPPER,MERCENARIA CAMPECHIENSIS CLAPPER,NA,Other,NA,0.175,0.175,Megabenthos,Other
413,81496,748,NORTHERN QUAHOG,MERCENARIA MERCENARIA,NA,Other,NA,0.175,0.175,Macrobenthos,Other
413,81496,751,NORTHERN QUAHOG,MERCENARIA MERCENARIA,NA,Other,NA,0.175,0.175,Megabenthos,Other
414,NA,NA,NORTHERN QUAHOG CLAPPER,MERCENARIA MERCENARIA CLAPPER,NA,Other,NA,0.175,0.175,Megabenthos,Other
415,81501,764,FALSE QUAHOG,PITAR MORRHUANUS,NA,Other,NA,0.175,0.175,Macrobenthos,Other
416,81006,NA,RAZOR AND JACKKNIFE CLAM UNCL,SOLENIDAE,NA,Other,NA,0.175,0.175,Megabenthos,Other
417,81763,NA,NORTHERN PROPELLER CLAM,CYRTODARIA SILIQUA,NA,Other,NA,0.175,0.175,Megabenthos,Other
418,80879,NA,GREENLAND COCKLE,SERRIPES GROENLANDICUS,NA,Other,NA,0.175,0.175,Megabenthos,Other
419,80744,NA,NORTHERN CYCLOCARDIA,CYCLOCARDIA BOREALIS,NA,Other,NA,0.175,0.175,Megabenthos,Other
420,80801,NA,SMOOTH ASTARTE,ASTARTE CASTANEA,NA,Other,NA,0.175,0.175,Megabenthos,Other
421,166443,NA,PIPEFISH SEAHORSE UNCL,SYNGNATHIDAE,NA,Other,NA,0.175,0.175,OtherDemersals,Other
422,166309,526,BOARFISH UNCL,CAPROIDAE,NA,Other,NA,0.175,0.175,Freshwater,Other
423,165984,363,SILVERSIDE UNCL,ATHERINIDAE,NA,Other,NA,0.175,0.175,SmPelagics,Other
425,161419,NA,SNAKE EEL UNCL,OPHICHTHIDAE,NA,Other,NA,0.175,0.175,OtherDemersals,Other
426,161737,134,GIZZARD SHAD,DOROSOMA CEPEDIANUM,NA,Other,NA,0.175,0.175,OtherPelagics,Other
427,161759,NA,DWARF HERRING,JENKINSIA LAMPROTAENIA,NA,Other,NA,0.175,0.175,OtherPelagics,Other
428,161748,174,ATLANTIC THREAD HERRING,OPISTHONEMA OGLINUM,NA,Other,NA,0.175,0.175,OtherPelagics,Other
429,161763,172,SPANISH SARDINE,SARDINELLA AURITA,NA,Other,NA,0.175,0.175,SmPelagics,Other
430,161857,NA,FLAT ANCHOVY,ANCHOVIELLA PERFASCIATA,NA,Other,NA,0.175,0.175,SmPelagics,Other
431,161989,415,RAINBOW TROUT,ONCORHYNCHUS MYKISS,NA,Other,NA,0.175,0.175,Freshwater,Other
432,161997,NA,BROWN TROUT,SALMO TRUTTA,NA,Other,NA,0.175,0.175,Freshwater,Other
433,162408,NA,LARGESCALE LIZARDFISH,SAURIDA BRASILIENSIS,NA,Other,BO,0.145,0.145,OtherDemersals,Other
434,162411,NA,SHORTJAW LIZARDFISH,SAURIDA NORMANI,NA,Other,NA,0.175,0.175,OtherDemersals,Other
435,162376,526,INSHORE LIZARDFISH,SYNODUS FOETENS,NA,Other,NA,0.175,0.175,Freshwater,Other
436,162377,NA,SAND DIVER,SYNODUS INTERMEDIUS,NA,Other,NA,0.175,0.175,OtherDemersals,Other
437,162379,NA,OFFSHORE LIZARDFISH,SYNODUS POEYI,NA,Other,NA,0.175,0.175,OtherDemersals,Other
438,162382,NA,RED LIZARDFISH,SYNODUS SYNODUS,NA,Other,NA,0.175,0.175,OtherDemersals,Other
439,162420,NA,SNAKEFISH,TRACHINOCEPHALUS MYOPS,NA,Other,NA,0.175,0.175,OtherDemersals,Other
440,162527,NA,LONGNOSE LANCETFISH,ALEPISAURUS FEROX,NA,Other,NA,0.175,0.175,OtherDemersals,Other
441,164165,NA,HARDHEAD CATFISH,ARIUS FELIS,NA,Other,NA,0.175,0.175,Freshwater,Other
442,164159,NA,GAFFTOPSAIL CATFISH,BAGRE MARINUS,NA,Other,BO,0.145,0.145,Freshwater,Other
443,164425,NA,LEOPARD TOADFISH,OPSANUS PARDUS,NA,Other,BO,0.145,0.145,OtherDemersals,Other
444,164421,NA,ATLANTIC MIDSHIPMAN,PORICHTHYS PLECTRODON,NA,Other,BO,0.145,0.145,OtherDemersals,Other
445,164524,NA,OCELLATED FROGFISH,ANTENNARIUS OCELLATUS,NA,Other,NA,0.175,0.175,OtherDemersals,Other
446,164525,NA,SINGLESPOT FROGFISH,ANTENNARIUS RADIOSUS,NA,Other,NA,0.175,0.175,OtherDemersals,Other
447,164556,NA,STRIATED FROGFISH,ANTENNARIUS STRIATUS,NA,Other,NA,0.175,0.175,OtherDemersals,Other
448,164520,NA,SARGASSUMFISH,HISTRIO HISTRIO,NA,Other,NA,0.175,0.175,OtherDemersals,Other
449,164594,NA,PANCAKE BATFISH,HALIEUTICHTHYS ACULEATUS,NA,Other,NA,0.175,0.175,OtherDemersals,Other
450,164576,NA,SHORTNOSE BATFISH,OGCOCEPHALUS NASUTUS,NA,Other,NA,0.175,0.175,OtherDemersals,Other
451,164578,NA,ROUGHBACK BATFISH,OGCOCEPHALUS PARVUS,NA,Other,NA,0.175,0.175,OtherDemersals,Other
452,164573,NA,BATFISH UNCL,OGCOCEPHALIDAE,NA,Other,NA,0.175,0.175,OtherDemersals,Other
453,164720,453,ATLANTIC TOMCOD,MICROGADUS TOMCOD,NA,Other,NA,0.175,0.175,OtherDemersals,Other
454,164736,NA,CAROLINA HAKE,UROPHYCIS EARLLII ,NA,Other,NA,0.175,0.175,SouthernDemersals,Other
455,164737,661,SOUTHERN HAKE,UROPHYCIS FLORIDANA,NA,Other,NA,0.175,0.175,SouthernDemersals,Other
456,164818,114,BEARDED BROTULA,BROTULA BARBATA,NA,Other,NA,0.175,0.175,OtherDemersals,Other
457,164827,NA,MOTTLED CUSK-EEL,LEPOPHIDIUM JEANNAE,NA,Other,NA,0.175,0.175,OtherDemersals,Other
458,164841,NA,BLOTCHED CUSK-EEL,OPHIDION GRAYI,NA,Other,BG,0.199,0.206,OtherDemersals,Other
459,164842,NA,BANK CUSK-EEL,OPHIDION HOLBROOKI,NA,Other,NA,0.175,0.175,OtherDemersals,Other
460,164844,NA,CRESTED CUSK-EEL,OPHIDION WELSHI,NA,Other,BG,0.199,0.206,OtherDemersals,Other
461,164807,253,CUSK-EEL UNCL,OPHIDIIDAE,NA,Other,NA,0.175,0.175,OtherDemersals,Other
462,165096,NA,PEARLFISH,CARAPUS BERMUDENSIS,NA,Other,NA,0.175,0.175,OtherDemersals,Other
463,165436,NA,MARGINED FLYINGFISH,CYPSELURUS CYANOPTERUS,NA,Other,NA,0.175,0.175,OtherPelagics,Other
464,165438,NA,SPOTFIN FLYINGFISH,CYPSELURUS FURCATUS,NA,Other,NA,0.175,0.175,OtherPelagics,Other
465,165447,NA,ATLANTIC FLYINGFISH,CYPSELURUS MELANURUS,NA,Other,NA,0.175,0.175,OtherPelagics,Other
466,165503,NA,FLYING HALFBEAK,EULEPTORHAMPHUS VELOX,NA,Other,NA,0.175,0.175,OtherPelagics,Other
467,165507,NA,OCEANIC TWO-WING FLYINGFISH,EXOCOETUS OBTUSIROSTRIS,NA,Other,NA,0.175,0.175,OtherPelagics,Other
468,165460,NA,BALLYHOO,HEMIRAMPHUS BRASILIENSIS,NA,Other,NA,0.175,0.175,OtherPelagics,Other
469,165516,NA,FOURWING FLYINGFISH,HIRUNDICHTHYS AFFINIS,NA,Other,NA,0.175,0.175,OtherPelagics,Other
470,165524,NA,BLUNTNOSE FLYINGFISH,PROGNICHTHYS GIBBIFRONS,NA,Other,NA,0.175,0.175,OtherPelagics,Other
471,165551,19,ATLANTIC NEEDLEFISH,STRONGYLURA MARINA,NA,Other,NA,0.175,0.175,OtherPelagics,Other
472,165631,NA,SHEEPSHEAD MINNOW,CYPRINODON VARIEGATUS,NA,Other,NA,0.175,0.175,OtherDemersals,Other
473,165647,237,MUMMICHOG,FUNDULUS HETEROCLITUS,NA,Other,NA,0.175,0.175,OtherDemersals,Other
474,165649,NA,STRIPED KILLIFISH,FUNDULUS MAJALIS,NA,Other,NA,0.175,0.175,OtherDemersals,Other
475,165989,NA,ROUGH SILVERSIDE,MEMBRAS MARTINICA,NA,Other,NA,0.175,0.175,SmPelagics,Other
476,165993,NA,TIDEWATER SILVERSIDE,MENIDIA BERYLLINA,NA,Other,NA,0.175,0.175,OtherDemersals,Other
477,166251,NA,SPINYCHEEK SOLDIERFISH,CORNIGER SPINOSUS,NA,Other,NA,0.175,0.175,SouthernDemersals,Other
478,166172,NA,SQUIRRELFISH,HOLOCENTRUS ADSCENSIONIS,NA,Other,NA,0.175,0.175,SouthernDemersals,Other
479,622109,NA,DEEPWATER SQUIRRELFISH,SARGOCENTRON BULLISI ,NA,Other,NA,0.175,0.175,SouthernDemersals,Other
480,166173,NA,LONGSPINE SQUIRRELFISH,HOLOCENTRUS RUFUS,NA,Other,NA,0.175,0.175,SouthernDemersals,Other
481,622110,NA,DUSKY SQUIRRELFISH,SARGOCENTRON VEXILLARIUM ,NA,Other,NA,0.175,0.175,SouthernDemersals,Other
482,166211,NA,BLACKBAR SOLDIERFISH,MYRIPRISTIS JACOBUS,NA,Other,NA,0.175,0.175,SouthernDemersals,Other
483,166240,NA,BIGEYE SOLDIERFISH,OSTICHTHYS TRACHYPOMA,NA,Other,NA,0.175,0.175,SouthernDemersals,Other
484,166245,NA,CARDINAL SOLDIERFISH,PLECTRYPOPS RETROSPINIS,NA,Other,NA,0.175,0.175,SouthernDemersals,Other
485,166170,24,SQUIRRELFISH UNCL,HOLOCENTRIDAE,NA,Other,NA,0.175,0.175,SouthernDemersals,Other
486,166312,NA,SHORTSPINE BOARFISH,ANTIGONIA COMBATIA,NA,Other,NA,0.175,0.175,SouthernDemersals,Other
487,166338,NA,UNICORNFISH,EUMECICHTHYS FISKI,NA,Other,NA,0.175,0.175,SouthernDemersals,Other
488,166397,NA,FOURSPINE STICKLEBACK,APELTES QUADRACUS,NA,Other,NA,0.175,0.175,SouthernDemersals,Other
489,166417,NA,RED CORNETFISH,FISTULARIA PETIMBA,NA,Other,NA,0.175,0.175,SouthernDemersals,Other
490,166415,NA,CORNETFISH UNCL,FISTULARIA ,NA,Other,NA,0.175,0.175,SouthernDemersals,Other
491,166597,NA,WHITENOSE PIPEFISH,COSMOCAMPUS ALBIROSTRIS,NA,Other,NA,0.175,0.175,OtherDemersals,Other
492,166488,NA,LINED SEAHORSE,HIPPOCAMPUS ERECTUS,NA,Other,NA,0.175,0.175,OtherDemersals,Other
493,166492,NA,LONGSNOUT SEAHORSE,HIPPOCAMPUS REIDI,NA,Other,NA,0.175,0.175,OtherDemersals,Other
494,166446,NA,DUSKY PIPEFISH,SYNGNATHUS FLORIDAE,NA,Other,NA,0.175,0.175,OtherDemersals,Other
495,166452,NA,CHAIN PIPEFISH,SYNGNATHUS LOUISIANAE,NA,Other,NA,0.175,0.175,OtherDemersals,Other
496,166455,NA,BULL PIPEFISH,SYNGNATHUS SPRINGERI,NA,Other,NA,0.175,0.175,SouthernDemersals,Other
497,167648,NA,COMMON SNOOK,CENTROPOMUS UNDECIMALIS,NA,Other,NA,0.175,0.175,SouthernDemersals,Other
498,167745,NA,MUTTON HAMLET,EPINEPHELUS AFER,NA,Other,NA,0.175,0.175,SouthernDemersals,Other
499,167770,NA,CRIMSON BASS,ANTHIAS ASPERILINGUIS,NA,Other,NA,0.175,0.175,SouthernDemersals,Other
500,167771,NA,YELLOWFIN BASS,ANTHIAS NICHOLSI,NA,Other,NA,0.175,0.175,SouthernDemersals,Other
501,82326,NA,SQUID CUTTLEFISH AND OCTOPOD UNCL,CEPHALOPODA,NA,Benthivore,NA,0.175,0.175,OtherCephalopods,Benthivore
502,82521,802,NORTHERN SHORTFIN SQUID,ILLEX ILLECEBROSUS,MAFMC,Macroplanktivore,NA,0.175,0.175,Illex,Planktivore
503,82372,801,LONGFIN SQUID,LOLIGO PEALEII,MAFMC,Macroplanktivore,NA,0.175,0.175,Loligo,Planktivore
504,82379,NA,ATLANTIC BRIEF SQUID,LOLLIGUNCULA BREVIS,NA,Other,NA,0.175,0.175,OtherCephalopods,Other
505,82373,NA,ARROW SQUID,LOLIGO PLEI,NA,Other,NA,0.175,0.175,OtherCephalopods,Other
506,82335,NA,BOBTAIL UNCL,SEPIOLIDAE,NA,Other,NA,0.175,0.175,OtherCephalopods,Other
507,82340,NA,LESSER SHINING BOBTAIL,SEMIROSSIA TENERA,NA,Other,NA,0.175,0.175,OtherCephalopods,Other
508,82355,NA,SHIELD BOBTAIL,STOLOTEUTHIS LEUCOPTERA,NA,Other,NA,0.175,0.175,OtherCephalopods,Other
509,82407,NA,RUPPELL'S ABRALIA,ABRALIA VERANYI,NA,Other,NA,0.175,0.175,OtherCephalopods,Other
510,82589,NA,OCTOPUS UNCL,OCTOPODA,NA,Other,NA,0.175,0.175,OtherCephalopods,Other
511,82603,NA,COMMON OCTOPUS,OCTOPUS VULGARIS,NA,Other,NA,0.175,0.175,OtherCephalopods,Other
512,82636,NA,SPOONARM OCTOPUS,BATHYPOLYPUS ARCTICUS,NA,Other,NA,0.175,0.175,OtherCephalopods,Other
513,82652,NA,UNICORN OCTOPUS,SCAEURGUS UNICIRRHUS,NA,Other,NA,0.175,0.175,OtherCephalopods,Other
514,82353,NA,VERRILL'S BOBTAIL,ROSSIA MEGAPTERA,NA,Other,NA,0.175,0.175,OtherCephalopods,Other
515,82348,NA,OWEN'S BOBTAIL,ROSSIA PALPEBROSA,NA,Other,NA,0.175,0.175,OtherCephalopods,Other
516,98721,NA,BLOTCHED SWIMMING CRAB,PORTUNUS SPINIMANUS,NA,Other,NA,0.175,0.175,Megabenthos,Other
517,98694,NA,BATHYAL SWIMMING CRAB,BATHYNECTES LONGISPINA,NA,Other,NA,0.175,0.175,Megabenthos,Other
518,98691,NA,SPECKLED SWIMMING CRAB,ARENAEUS CRIBRARIUS,NA,Other,NA,0.175,0.175,Megabenthos,Other
519,NA,NA,NORTHERN SHORTFIN SQUID EGG MOPS,ILLEX ILLECEBROSUS EGG MOPS,NA,Other,NA,0.175,0.175,OtherCephalopods,Other
520,NA,NA,LONGFIN SQUID EGG MOPS,LOLIGO PEALEII EGG MOPS,NA,Other,NA,0.175,0.175,OtherCephalopods,Other
523,167846,NA,SCHOOL BASS,SCHULTZEA BETA,NA,Other,SC,0.145,0.145,SouthernDemersals,Other
524,167762,141,YELLOWMOUTH GROUPER,MYCTEROPERCA INTERSTITIALIS,NA,Other,SC,0.145,0.145,SouthernDemersals,Other
526,167690,328,BANK SEA BASS,CENTROPRISTIS OCYURUS,NA,Other,SC,0.145,0.145,SouthernDemersals,Other
527,167691,333,ROCK SEA BASS,CENTROPRISTIS PHILADELPHICA,NA,Other,SC,0.145,0.145,SouthernDemersals,Other
528,167743,NA,MARBLED GROUPER,EPINEPHELUS INERMIS,NA,Other,SC,0.145,0.145,SouthernDemersals,Other
529,167796,NA,DWARF SAND PERCH,DIPLECTRUM BIVITTATUM,NA,Other,SC,0.145,0.145,SouthernDemersals,Other
530,167793,311,SAND PERCH,DIPLECTRUM FORMOSUM,NA,Other,SC,0.145,0.145,SouthernDemersals,Other
531,167696,28,ROCK HIND,EPINEPHELUS ADSCENSIONIS,NA,Other,SC,0.145,0.145,SouthernDemersals,Other
532,167698,29,SPECKLED HIND,EPINEPHELUS DRUMMONDHAYI,NA,Other,SC,0.145,0.145,SouthernDemersals,Other
533,167699,142,YELLOWEDGE GROUPER,EPINEPHELUS FLAVOLIMBATUS,NA,Other,SC,0.145,0.145,SouthernDemersals,Other
534,167700,32,RED HIND,EPINEPHELUS GUTTATUS,NA,Other,SC,0.145,0.145,SouthernDemersals,Other
535,167702,26,RED GROUPER,EPINEPHELUS MORIO,NA,Other,SC,0.145,0.145,SouthernDemersals,Other
536,167704,141,WARSAW GROUPER,EPINEPHELUS NIGRITUS,NA,Other,SC,0.145,0.145,SouthernDemersals,Other
537,167705,146,SNOWY GROUPER,EPINEPHELUS NIVEATUS,NA,Other,SC,0.145,0.145,SouthernDemersals,Other
538,167706,NA,NASSAU GROUPER,EPINEPHELUS STRIATUS,NA,Other,SC,0.145,0.145,SouthernDemersals,Other
539,167801,337,RED BARBIER,HEMANTHIAS VIVANUS,NA,Other,SC,0.145,0.145,SouthernDemersals,Other
540,167760,141,BLACK GROUPER,MYCTEROPERCA BONACI,NA,Other,SC,0.145,0.145,SouthernDemersals,Other
541,167759,141,GAG,MYCTEROPERCA MICROLEPIS,NA,Other,SC,0.145,0.145,SouthernDemersals,Other
542,167763,145,SCAMP,MYCTEROPERCA PHENAX,NA,Other,SC,0.145,0.145,SouthernDemersals,Other
543,167764,141,YELLOWFIN GROUPER,MYCTEROPERCA VENENOSA,NA,Other,SC,0.145,0.145,SouthernDemersals,Other
544,167931,NA,ROUGHTONGUE BASS,HOLANTHIAS MARTINICENSIS,NA,Other,SC,0.145,0.145,SouthernDemersals,Other
545,167838,141,CREOLE-FISH,PARANTHIAS FURCIFER,NA,Other,SC,0.145,0.145,SouthernDemersals,Other
546,167803,NA,STREAMER BASS,HEMANTHIAS AUREORUBENS,NA,Other,SC,0.145,0.145,SouthernDemersals,Other
547,167848,NA,PYGMY SEA BASS,SERRANICULUS PUMILIO,NA,Other,SC,0.145,0.145,SouthernDemersals,Other
548,167850,NA,ORANGEBACK BASS,SERRANUS ANNULARIS,NA,Other,SC,0.145,0.145,SouthernDemersals,Other
549,167851,NA,BLACKEAR BASS,SERRANUS ATROBRANCHUS,NA,Other,SC,0.145,0.145,SouthernDemersals,Other
550,167852,NA,LANTERN BASS,SERRANUS BALDWINI,NA,Other,SC,0.145,0.145,SouthernDemersals,Other
551,167856,NA,SADDLE BASS,SERRANUS NOTOSPILUS,NA,Other,SC,0.145,0.145,SouthernDemersals,Other
552,167857,NA,TATTLER,SERRANUS PHOEBE,NA,Other,SC,0.145,0.145,SouthernDemersals,Other
553,167858,NA,BELTED SANDFISH,SERRANUS SUBLIGARIUS,NA,Other,SC,0.145,0.145,SouthernDemersals,Other
554,167674,141,SEA BASS UNCL,SERRANIDAE,NA,Other,SC,0.145,0.145,SouthernDemersals,Other
555,167985,NA,FRECKLED SOAPFISH,RYPTICUS BISTRISPINUS,NA,Other,SC,0.145,0.145,SouthernDemersals,Other
556,168179,NA,GLASSEYE SNAPPER,PRIACANTHUS CRUENTATUS,NA,Other,SC,0.145,0.145,SouthernDemersals,Other
557,168190,NA,SHORT BIGEYE,PRISTIGENYS ALTA,NA,Other,SC,0.145,0.145,SouthernDemersals,Other
558,168204,NA,FLAMEFISH,APOGON MACULATUS,NA,Other,SC,0.145,0.145,SouthernDemersals,Other
559,168207,NA,TWOSPOT CARDINALFISH,APOGON PSEUDOMACULATUS,NA,Other,SC,0.145,0.145,SouthernDemersals,Other
562,168541,NA,BLACKLINE TILEFISH,CAULOLATILUS CYANOPS,NA,Other,SC,0.145,0.145,Tilefish,Other
563,168566,57,COBIA,RACHYCENTRON CANADUM,NA,Other,NA,0.175,0.175,OtherDemersals,Other
564,168575,NA,SHARKSUCKER,ECHENEIS NAUCRATES,NA,Other,NA,0.175,0.175,OtherDemersals,Other
565,168572,NA,SPEARFISH REMORA,REMORA BRACHYPTERA,NA,Other,NA,0.175,0.175,OtherDemersals,Other
566,168570,NA,MARLINSUCKER,REMORA OSTEOCHIR,NA,Other,NA,0.175,0.175,OtherDemersals,Other
567,168571,NA,REMORA,REMORA REMORA,NA,Other,NA,0.175,0.175,OtherDemersals,Other
568,168602,526,AFRICAN POMPANO,ALECTIS CILIARIS,NA,Other,NA,0.175,0.175,Freshwater,Other
569,168606,NA,YELLOW JACK,CARANX BARTHOLOMAEI,NA,Other,NA,0.175,0.175,OtherPelagics,Other
570,168609,87,CREVALLE JACK,CARANX HIPPOS,NA,Other,NA,0.175,0.175,OtherPelagics,Other
571,168610,NA,HORSE-EYE JACK,CARANX LATUS,NA,Other,NA,0.175,0.175,OtherPelagics,Other
572,168614,NA,BAR JACK,CARANX RUBER,NA,Other,NA,0.175,0.175,OtherPelagics,Other
573,168670,NA,ATLANTIC BUMPER,CHLOROSCOMBRUS CHRYSURUS,NA,Other,NA,0.175,0.175,OtherPelagics,Other
574,168738,NA,RAINBOW RUNNER,ELAGATIS BIPINNULATA,NA,Other,NA,0.175,0.175,OtherPelagics,Other
575,168740,NA,BLUNTNOSE JACK,HEMICARANX AMBLYRHYNCHUS,NA,Other,NA,0.175,0.175,OtherPelagics,Other
576,168742,526,PILOTFISH,NAUCRATES DUCTOR,NA,Other,NA,0.175,0.175,Freshwater,Other
577,168673,NA,LEATHERJACK,OLIGOPLITES SAURUS,NA,Other,NA,0.175,0.175,OtherPelagics,Other
578,168691,526,ALMACO JACK,SERIOLA RIVOLIANA,NA,Other,NA,0.175,0.175,Freshwater,Other
579,168708,272,FLORIDA POMPANO,TRACHINOTUS CAROLINUS,NA,Other,NA,0.175,0.175,OtherPelagics,Other
580,168709,526,PERMIT,TRACHINOTUS FALCATUS,NA,Other,NA,0.175,0.175,Freshwater,Other
581,168710,NA,PALOMETA,TRACHINOTUS GOODEI,NA,Other,NA,0.175,0.175,OtherPelagics,Other
582,168584,4,JACK POMPANO UNCL,CARANGIDAE,NA,Other,NA,0.175,0.175,OtherPelagics,Other
583,168792,NA,POMPANO DOLPHIN,CORYPHAENA EQUISELIS ,NA,Other,NA,0.175,0.175,OtherPelagics,Other
584,168791,105,DOLPHIN,CORYPHAENA HIPPURUS,NA,Other,NA,0.175,0.175,OtherPelagics,Other
585,170290,NA,ATLANTIC POMFRET,BRAMA BRAMA,NA,Other,NA,0.175,0.175,SouthernDemersals,Other
586,168849,336,MUTTON SNAPPER,LUTJANUS ANALIS,NA,Other,SC,0.145,0.145,SouthernDemersals,Other
587,168850,NA,SCHOOLMASTER,LUTJANUS APODUS,NA,Other,SC,0.145,0.145,SouthernDemersals,Other
588,168852,336,BLACKFIN SNAPPER,LUTJANUS BUCCANELLA,NA,Other,SC,0.145,0.145,SouthernDemersals,Other
589,168853,376,RED SNAPPER,LUTJANUS CAMPECHANUS,NA,Other,SC,0.145,0.145,SouthernDemersals,Other
590,168848,336,GRAY SNAPPER,LUTJANUS GRISEUS,NA,Other,SC,0.145,0.145,SouthernDemersals,Other
591,168857,375,DOG SNAPPER,LUTJANUS JOCU,NA,Other,SC,0.145,0.145,SouthernDemersals,Other
592,168860,NA,LANE SNAPPER,LUTJANUS SYNAGRIS,NA,Other,SC,0.145,0.145,SouthernDemersals,Other
593,168861,336,SILK SNAPPER,LUTJANUS VIVANUS,NA,Other,SC,0.145,0.145,SouthernDemersals,Other
594,168907,336,YELLOWTAIL SNAPPER,OCYURUS CHRYSURUS,NA,Other,SC,0.145,0.145,SouthernDemersals,Other
595,168913,379,WENCHMAN,PRISTIPOMOIDES AQUILONARIS,NA,Other,SC,0.145,0.145,SouthernDemersals,Other
596,168909,374,VERMILION SNAPPER,RHOMBOPLITES AURORUBENS,NA,Other,SC,0.145,0.145,SouthernDemersals,Other
597,168845,336,SNAPPER UNCL,LUTJANIDAE,NA,Other,SC,0.145,0.145,SouthernDemersals,Other
598,169007,459,TRIPLETAIL,LOBOTES SURINAMENSIS,NA,Other,SC,0.145,0.145,SouthernDemersals,Other
599,169016,NA,SILVER JENNY,EUCINOSTOMUS GULA,NA,Other,SC,0.145,0.145,SouthernDemersals,Other
600,160604,350,"DOGFISH,UNC",SQUALIDAE,NA,Other,SE,0.145,0.145,OtherDemersals,Other
601,160669,NA,BROADBAND DOGFISH,ETMOPTERUS GRACILISPINIS,NA,Other,SE,0.145,0.145,OtherDemersals,Other
602,160657,NA,CARIBBEAN LANTERNSHARK,ETMOPTERUS HILLIANUS,NA,Other,SE,0.145,0.145,Sharks,Other
603,160724,NA,PORTUGUESE SHARK,CENTROSCYMNUS COELOLEPIS,NA,Other,SE,0.145,0.145,Sharks,Other
604,98355,NA,GLADIATOR BOX CRAB,ACANTHOCARPUS ALEXANDRI,NA,Other,NA,0.175,0.175,Megabenthos,Other
616,168195,NA,BULLEYE,COOKEOLUS JAPONICUS,NA,Other,SC,0.145,0.145,SouthernDemersals,Other
617,166302,NA,SPOTTED TINSELFISH,XENOLEPIDICHTHYS DALGLEISHI,NA,Other,SO,0.145,0.145,SouthernDemersals,Other
618,553216,NA,BASSLET UNCL,GRAMMATIDAE,NA,Other,NA,0.175,0.175,SouthernDemersals,Other
619,170044,NA,DAMSELFISH UNCL,POMACENTRIDAE,NA,Other,NA,0.175,0.175,SouthernDemersals,Other
620,170425,18,BARRACUDAS,SPHYRAENA ,NA,Other,NA,0.175,0.175,OtherPelagics,Other
621,168543,444,BLUELINE TILEFISH,CAULOLATILUS MICROPS,MAFMC,Other,SC,0.145,0.145,Tilefish,Other
622,168544,443,GOLDFACE TILEFISH,CAULOLATILUS CHRYSOPS,NA,Other,SC,0.145,0.145,Tilefish,Other
623,168542,NA,ANCHOR TILEFISH,CAULOLATILUS INTERMEDIUS,NA,Other,SC,0.145,0.145,Tilefish,Other
624,168548,445,SAND TILEFISH,MALACANTHUS PLUMIERI,NA,Other,SC,0.145,0.145,Tilefish,Other
625,169013,NA,MOJARRA UNCL,GERREIDAE,NA,Other,SC,0.145,0.145,SouthernDemersals,Other
626,169086,NA,PORKFISH,ANISOTREMUS VIRGINICUS,NA,Other,SC,0.145,0.145,SouthernDemersals,Other
627,169058,149,TOMTATE,HAEMULON AUROLINEATUM,NA,Other,SC,0.145,0.145,SouthernDemersals,Other
628,169063,NA,CAESAR GRUNT,HAEMULON CARBONARIUM,NA,Other,SC,0.145,0.145,SouthernDemersals,Other
629,169059,NA,WHITE GRUNT,HAEMULON PLUMIERI,NA,Other,SC,0.145,0.145,SouthernDemersals,Other
630,169055,144,GRUNT UNCL,HAEMULIDAE,NA,Other,SC,0.145,0.145,SouthernDemersals,Other
631,169189,356,SHEEPSHEAD,ARCHOSARGUS PROBATOCEPHALUS,NA,Other,SC,0.145,0.145,SouthernDemersals,Other
632,169197,325,JOLTHEAD PORGY,CALAMUS BAJONADO,NA,Other,SC,0.145,0.145,SouthernDemersals,Other
633,169198,332,SAUCEREYE PORGY,CALAMUS CALAMUS,NA,Other,SC,0.145,0.145,SouthernDemersals,Other
634,169200,332,WHITEBONE PORGY,CALAMUS LEUCOSTEUS,NA,Other,SC,0.145,0.145,SouthernDemersals,Other
635,169201,332,KNOBBED PORGY,CALAMUS NODOSUS,NA,Other,SC,0.145,0.145,SouthernDemersals,Other
636,169205,NA,SHEEPSHEAD PORGY,CALAMUS PENNA,NA,Other,SC,0.145,0.145,SouthernDemersals,Other
637,169203,332,LITTLEHEAD PORGY,CALAMUS PRORIDENS,NA,Other,SC,0.145,0.145,SouthernDemersals,Other
638,169193,NA,SILVER PORGY,DIPLODUS ARGENTEUS,NA,Other,SC,0.145,0.145,SouthernDemersals,Other
639,169192,526,SPOTTAIL PINFISH,DIPLODUS HOLBROOKII ,NA,Other,SC,0.145,0.145,Freshwater,Other
640,169187,267,PINFISH,LAGODON RHOMBOIDES,NA,Other,SC,0.145,0.145,SouthernDemersals,Other
641,169208,NA,RED PORGY,PAGRUS SEDECIM,NA,Other,SC,0.145,0.145,SouthernDemersals,Other
643,169180,332,PORGY AND PINFISH UNCL,SPARIDAE,NA,Other,SC,0.145,0.145,SouthernDemersals,Other
644,169243,334,SAND SEATROUT,CYNOSCION ARENARIUS,NA,Other,SC,0.145,0.145,SouthernDemersals,Other
645,169239,345,SPOTTED SEATROUT,CYNOSCION NEBULOSUS,NA,Other,SC,0.145,0.145,SouthernDemersals,Other
646,169240,NA,SILVER SEATROUT,CYNOSCION NOTHUS,NA,Other,SC,0.145,0.145,SouthernDemersals,Other
647,169313,NA,HIGH-HAT,EQUETUS ACUMINATUS,NA,Other,SC,0.145,0.145,SouthernDemersals,Other
648,169314,NA,JACKKNIFE-FISH,EQUETUS LANCEOLATUS,NA,Other,SC,0.145,0.145,SouthernDemersals,Other
649,169317,NA,SPOTTED DRUM,EQUETUS PUNCTATUS,NA,Other,SC,0.145,0.145,SouthernDemersals,Other
650,169318,NA,CUBBYU,EQUETUS UMBROSUS,NA,Other,SC,0.145,0.145,SouthernDemersals,Other
651,169269,109,BANDED DRUM,LARIMUS FASCIATUS,NA,Other,SC,0.145,0.145,SouthernDemersals,Other
652,169274,NA,SOUTHERN KINGFISH,MENTICIRRHUS AMERICANUS,NA,Other,SC,0.145,0.145,SouthernDemersals,Other
653,169275,NA,GULF KINGFISH,MENTICIRRHUS LITTORALIS,NA,Other,SC,0.145,0.145,SouthernDemersals,Other
654,169290,107,RED DRUM,SCIAENOPS OCELLATUS,NA,Other,SC,0.145,0.145,RedDrum,Other
655,169292,NA,STAR DRUM,STELLIFER LANCEOLATUS,NA,Other,SC,0.145,0.145,SouthernDemersals,Other
656,169421,NA,SPOTTED GOATFISH,PSEUDUPENEUS MACULATUS,NA,Other,SC,0.145,0.145,SouthernDemersals,Other
657,169441,NA,DWARF GOATFISH,UPENEUS PARVUS,NA,Other,SC,0.145,0.145,SouthernDemersals,Other
658,169506,NA,BERMUDA CHUB,KYPHOSUS SECTATRIX,NA,Other,SC,0.145,0.145,SouthernDemersals,Other
659,169539,381,ATLANTIC SPADEFISH,CHAETODIPTERUS FABER,NA,Other,SC,0.145,0.145,SouthernDemersals,Other
660,169557,NA,BANK BUTTERFLYFISH,CHAETODON AYA,NA,Other,SC,0.145,0.145,SouthernDemersals,Other
661,169558,NA,FOUREYE BUTTERFLYFISH,CHAETODON CAPISTRATUS,NA,Other,SC,0.145,0.145,SouthernDemersals,Other
662,169556,NA,SPOTFIN BUTTERFLYFISH,CHAETODON OCELLATUS,NA,Other,SC,0.145,0.145,SouthernDemersals,Other
663,169562,NA,REEF BUTTERFLYFISH,CHAETODON SEDENTARIUS,NA,Other,SC,0.145,0.145,SouthernDemersals,Other
664,169563,NA,BANDED BUTTERFLYFISH,CHAETODON STRIATUS,NA,Other,SC,0.145,0.145,SouthernDemersals,Other
665,169626,NA,BLUE ANGELFISH,HOLACANTHUS BERMUDENSIS,NA,Other,SC,0.145,0.145,SouthernDemersals,Other
666,169623,NA,QUEEN ANGELFISH,HOLACANTHUS CILIARIS,NA,Other,SC,0.145,0.145,SouthernDemersals,Other
667,169625,NA,ROCK BEAUTY,HOLACANTHUS TRICOLOR,NA,Other,SC,0.145,0.145,SouthernDemersals,Other
668,169632,NA,GRAY ANGELFISH,POMACANTHUS ARCUATUS,NA,Other,SC,0.145,0.145,SouthernDemersals,Other
669,170046,NA,SERGEANT MAJOR,ABUDEFDUF SAXATILIS,NA,Other,SC,0.145,0.145,SouthernDemersals,Other
670,170081,NA,YELLOWTAIL REEFFISH,CHROMIS ENCHRYSURUS,NA,Other,SC,0.145,0.145,SouthernDemersals,Other
671,170082,NA,SUNSHINEFISH,CHROMIS INSOLATA,NA,Other,SC,0.145,0.145,SouthernDemersals,Other
672,170180,NA,BEAUGREGORY,POMACENTRUS LEUCOSTICTUS,NA,Other,SC,0.145,0.145,SouthernDemersals,Other
673,170483,NA,SPOTFIN HOGFISH,BODIANUS PULCHELLUS,NA,Other,SC,0.145,0.145,SouthernDemersals,Other
674,170496,NA,CREOLE WRASSE,CLEPTICUS PARRAE,NA,Other,SC,0.145,0.145,SouthernDemersals,Other
675,170498,NA,RED HOGFISH,DECODON PUELLARIS,NA,Other,SC,0.145,0.145,SouthernDemersals,Other
676,170502,NA,GREENBAND WRASSE,HALICHOERES BATHYPHILUS,NA,Other,SC,0.145,0.145,SouthernDemersals,Other
677,170503,NA,SLIPPERY DICK,HALICHOERES BIVITTATUS,NA,Other,SC,0.145,0.145,SouthernDemersals,Other
678,170504,NA,PAINTED WRASSE,HALICHOERES CAUDALIS,NA,Other,SC,0.145,0.145,SouthernDemersals,Other
679,170509,NA,BLACKEAR WRASSE,HALICHOERES POEYI,NA,Other,SC,0.145,0.145,SouthernDemersals,Other
680,170510,NA,PUDDINGWIFE,HALICHOERES RADIATUS,NA,Other,SC,0.145,0.145,SouthernDemersals,Other
681,170537,NA,PEARLY RAZORFISH,HEMIPTERONOTUS NOVACULA,NA,Other,SC,0.145,0.145,SouthernDemersals,Other
682,170566,179,HOGFISH,LACHNOLAIMUS MAXIMUS,NA,Other,SC,0.145,0.145,SouthernDemersals,Other
683,170477,NA,WRASSE UNCL,LABRIDAE,NA,Other,SC,0.145,0.145,SouthernDemersals,Other
684,170857,NA,BLUELIP PARROTFISH,CRYPTOTOMUS ROSEUS,NA,Other,SC,0.145,0.145,SouthernDemersals,Other
685,170860,NA,EMERALD PARROTFISH,NICHOLSINA USTA,NA,Other,SC,0.145,0.145,SouthernDemersals,Other
686,170811,NA,BLUE PARROTFISH,SCARUS COERULEUS,NA,Other,SC,0.145,0.145,SouthernDemersals,Other
687,170865,NA,BUCKTOOTH PARROTFISH,SPARISOMA RADIANS,NA,Other,SC,0.145,0.145,SouthernDemersals,Other
688,170809,526,PARROTFISH UNCL,SCARIDAE,NA,Other,SC,0.145,0.145,Freshwater,Other
689,170335,235,STRIPED MULLET,MUGIL CEPHALUS,NA,Other,NA,0.175,0.175,SouthernDemersals,Other
690,170336,234,WHITE MULLET,MUGIL CUREMA,NA,Other,NA,0.175,0.175,SouthernDemersals,Other
691,170338,NA,LIZA,MUGIL LIZA,NA,Other,SC,0.145,0.145,SouthernDemersals,Other
692,170351,NA,FANTAIL MULLET,MUGIL GYRANS,NA,Other,SC,0.145,0.145,SouthernDemersals,Other
693,170429,NA,GREAT BARRACUDA,SPHYRAENA BARRACUDA,NA,Other,SC,0.145,0.145,OtherPelagics,Other
694,170427,NA,NORTHERN SENNET,SPHYRAENA BOREALIS,NA,Other,SC,0.145,0.145,OtherPelagics,Other
695,170428,NA,GUAGUANCHE,SPHYRAENA GUACHANCHO,NA,Other,SC,0.145,0.145,SouthernDemersals,Other
696,170926,NA,MOUSTACHE JAWFISH,OPISTOGNATHUS LONCHURUS,NA,Other,SC,0.145,0.145,SouthernDemersals,Other
697,170927,NA,MOTTLED JAWFISH,OPISTOGNATHUS MAXILLOSUS,NA,Other,SC,0.145,0.145,SouthernDemersals,Other
698,170998,NA,GOBY FLATHEAD,BEMBROPS GOBIOIDES,NA,Other,SC,0.145,0.145,SouthernDemersals,Other
699,171056,NA,SOUTHERN STARGAZER,ASTROSCOPUS Y-GRAECUM,NA,Other,SC,0.145,0.145,SouthernDemersals,Other
700,172482,432,SWORDFISH,XIPHIAS GLADIUS,NA,Apex Predator,NA,0.175,0.175,LargePelagics,Apex Predator
701,172455,131,BULLET MACKEREL,AUXIS ROCHEI,NA,Other,NA,0.175,0.175,OtherPelagics,Other
702,172456,132,FRIGATE MACKEREL,AUXIS THAZARD,NA,Other,NA,0.175,0.175,OtherPelagics,Other
703,172419,470,ALBACORE,THUNNUS ALALUNGA,NA,Other,NA,0.175,0.175,LargePelagics,Other
704,172423,471,YELLOWFIN TUNA,THUNNUS ALBACARES,NA,Apex Predator,NA,0.175,0.175,LargePelagics,Apex Predator
705,172427,464,BLACKFIN TUNA,THUNNUS ATLANTICUS,NA,Other,NA,0.175,0.175,LargePelagics,Other
706,172428,469,BIGEYE TUNA,THUNNUS OBESUS,NA,Other,NA,0.175,0.175,LargePelagics,Other
707,172491,217,BLUE MARLIN,MAKAIRA NIGRICANS,NA,Other,NA,0.175,0.175,LargePelagics,Other
708,172499,216,WHITE MARLIN,TETRAPTURUS ALBIDUS,NA,Other,NA,0.175,0.175,LargePelagics,Other
725,630400,NA,FRECKLED STARGAZER,XENOCEPHALUS EGREGIUS ,NA,Other,SC,0.145,0.145,SouthernDemersals,Other
726,171061,NA,LANCER STARGAZER,KATHETOSTOMA ALBIGUTTA,NA,Other,SC,0.145,0.145,SouthernDemersals,Other
727,171396,NA,CLINID UNCL,CLINIDAE,NA,Other,SC,0.145,0.145,SouthernDemersals,Other
728,171304,NA,SEAWEED BLENNY,PARABLENNIUS MARMOREUS,NA,Other,SC,0.145,0.145,SouthernDemersals,Other
729,171164,NA,STRIPED BLENNY,CHASMODES BOSQUIANUS,NA,Other,SC,0.145,0.145,SouthernDemersals,Other
730,171198,NA,CRESTED BLENNY,HYPLEUROCHILUS GEMINATUS,NA,Other,SC,0.145,0.145,SouthernDemersals,Other
731,171156,NA,FEATHER BLENNY,HYPSOBLENNIUS HENTZ,NA,Other,SC,0.145,0.145,SouthernDemersals,Other
732,171157,NA,FRECKLED BLENNY,HYPSOBLENNIUS IONTHAS,NA,Other,SC,0.145,0.145,SouthernDemersals,Other
733,171124,NA,COMBTOOTH BLENNY UNCL,BLENNIIDAE,NA,Other,SC,0.145,0.145,SouthernDemersals,Other
734,171673,206,AMERICAN SAND LANCE,AMMODYTES AMERICANUS,NA,Other,SC,0.145,0.145,OtherDemersals,Other
735,171740,NA,SPOTFIN DRAGONET,FOETOREPUS AGASSIZI,NA,Other,SC,0.145,0.145,SouthernDemersals,Other
736,171919,NA,FAT SLEEPER,DORMITATOR MACULATUS,NA,Other,SC,0.145,0.145,SouthernDemersals,Other
737,171820,NA,FRILLFIN GOBY,BATHYGOBIUS SOPORATOR,NA,Other,SC,0.145,0.145,SouthernDemersals,Other
738,171789,NA,NAKED GOBY,GOBIOSOMA BOSC,NA,Other,SC,0.145,0.145,SouthernDemersals,Other
739,171746,NA,GOBY UNCL,GOBIIDAE,NA,Other,SC,0.145,0.145,SouthernDemersals,Other
740,172252,NA,OCEAN SURGEON,ACANTHURUS BAHIANUS,NA,Other,SC,0.145,0.145,SouthernDemersals,Other
741,172253,NA,DOCTORFISH,ACANTHURUS CHIRURGUS,NA,Other,SC,0.145,0.145,SouthernDemersals,Other
742,172254,NA,BLUE TANG,ACANTHURUS COERULEUS,NA,Other,SC,0.145,0.145,SouthernDemersals,Other
743,172402,468,LITTLE TUNNY,EUTHYNNUS ALLETTERATUS,NA,Other,NA,0.175,0.175,OtherPelagics,Other
744,172435,194,KING MACKEREL,SCOMBEROMORUS CAVALLA,NA,Other,NA,0.175,0.175,OtherPelagics,Other
745,172436,384,SPANISH MACKEREL,SCOMBEROMORUS MACULATUS,NA,Other,NA,0.175,0.175,OtherPelagics,Other
746,172437,NA,CERO,SCOMBEROMORUS REGALIS,NA,Other,NA,0.175,0.175,OtherPelagics,Other
747,172421,467,BLUEFIN TUNA,THUNNUS THYNNUS,NA,Apex Predator,NA,0.175,0.175,LargePelagics,Apex Predator
748,172540,NA,SPOTTED DRIFTFISH,ARIOMMA REGULUS,NA,Other,SC,0.145,0.145,Mesopelagics,Other
749,172570,165,HARVESTFISH,PEPRILUS ALEPIDOTUS,NA,Other,SC,0.145,0.145,OtherPelagics,Other
750,172563,NA,BUTTERFISH UNCL,STROMATEIDAE,NA,Other,SC,0.145,0.145,OtherPelagics,Other
751,166794,NA,SPINYCHEEK SCORPIONFISH,NEOMERINTHE HEMINGWAYI,NA,Other,SO,0.145,0.145,SouthernDemersals,Other
752,166803,NA,HIGHFIN SCORPIONFISH,PONTINUS RATHBUNI,NA,Other,SO,0.145,0.145,SouthernDemersals,Other
753,166812,NA,LONGFIN SCORPIONFISH,SCORPAENA AGASSIZI,NA,Other,SO,0.145,0.145,SouthernDemersals,Other
754,166816,NA,BARBFISH,SCORPAENA BRASILIENSIS,NA,Other,SO,0.145,0.145,SouthernDemersals,Other
755,166817,NA,SMOOTHHEAD SCORPIONFISH,SCORPAENA CALCARATA,NA,Other,SO,0.145,0.145,SouthernDemersals,Other
756,166818,NA,HUNCHBACK SCORPIONFISH,SCORPAENA DISPAR,NA,Other,SO,0.145,0.145,SouthernDemersals,Other
757,166820,NA,PLUMED SCORPIONFISH,SCORPAENA GRANDICORNIS,NA,Other,SO,0.145,0.145,SouthernDemersals,Other
758,166825,NA,SPOTTED SCORPIONFISH,SCORPAENA PLUMIERI,NA,Other,SO,0.145,0.145,SouthernDemersals,Other
759,166704,526,SCORPIONFISH AND ROCKFISH UNCL,SCORPAENIDAE,NA,Other,SO,0.145,0.145,Freshwater,Other
760,166998,NA,SHORTFIN SEAROBIN,BELLATOR BRACHYCHIR,NA,Other,SO,0.145,0.145,SouthernDemersals,Other
761,166999,NA,STREAMER SEAROBIN,BELLATOR EGRETTA,NA,Other,SO,0.145,0.145,SouthernDemersals,Other
762,167000,NA,HORNED SEAROBIN,BELLATOR MILITARIS,NA,Other,SO,0.145,0.145,SouthernDemersals,Other
763,167006,NA,SLENDER SEAROBIN,PERISTEDION GRACILE,NA,Other,SO,0.145,0.145,SouthernDemersals,Other
764,166978,NA,SPINY SEAROBIN,PRIONOTUS ALATUS,NA,Other,SO,0.145,0.145,SouthernDemersals,Other
765,166986,NA,BANDTAIL SEAROBIN,PRIONOTUS OPHRYAS,NA,Other,SO,0.145,0.145,SouthernDemersals,Other
766,166990,NA,BLUESPOTTED SEAROBIN,PRIONOTUS ROSEUS,NA,Other,SO,0.145,0.145,SouthernDemersals,Other
767,166996,NA,BIGEYE SEAROBIN,PRIONOTUS LONGISPINOSUS,NA,Other,SO,0.145,0.145,SouthernDemersals,Other
768,166991,NA,BLACKWING SEAROBIN,PRIONOTUS RUBIO,NA,Other,SO,0.145,0.145,SouthernDemersals,Other
769,166976,NA,LEOPARD SEAROBIN,PRIONOTUS SCITULUS,NA,Other,SO,0.145,0.145,SouthernDemersals,Other
770,166977,NA,BIGHEAD SEAROBIN,PRIONOTUS TRIBULUS,NA,Other,SO,0.145,0.145,SouthernDemersals,Other
772,167316,NA,FOURHORN SCULPIN,MYOXOCEPHALUS QUADRICORNIS,NA,Other,SO,0.145,0.145,SouthernDemersals,Other
773,172859,NA,RIGHTEYE FLOUNDER UNCL,PLEURONECTIDAE,NA,Other,SP,0.145,0.145,OtherFlatfish,Other
774,172754,NA,THREE-EYE FLOUNDER,ANCYLOPSETTA DILECTA,NA,Other,SP,0.145,0.145,OtherFlatfish,Other
775,172757,NA,OCELLATED FLOUNDER,ANCYLOPSETTA QUADROCELLATA,NA,Other,SP,0.145,0.145,OtherFlatfish,Other
776,172759,NA,PEACOCK FLOUNDER,BOTHUS LUNATUS,NA,Other,SP,0.145,0.145,OtherFlatfish,Other
777,172761,NA,EYED FLOUNDER,BOTHUS OCELLATUS,NA,Other,SP,0.145,0.145,OtherFlatfish,Other
778,172773,NA,PELICAN FLOUNDER,CHASCANOPSETTA LUGUBRIS,NA,Other,SP,0.145,0.145,OtherFlatfish,Other
779,172720,NA,SAND WHIFF,CITHARICHTHYS ARENACEUS,NA,Other,SP,0.145,0.145,OtherFlatfish,Other
780,172721,NA,HORNED WHIFF,CITHARICHTHYS CORNUTUS,NA,Other,SP,0.145,0.145,OtherFlatfish,Other
781,172724,NA,SPOTTED WHIFF,CITHARICHTHYS MACROPS,NA,Other,SP,0.145,0.145,OtherFlatfish,Other
782,172725,NA,BAY WHIFF,CITHARICHTHYS SPILOPTERUS,NA,Other,SP,0.145,0.145,OtherFlatfish,Other
783,172777,NA,SPOTFIN FLOUNDER,CYCLOPSETTA FIMBRIATA,NA,Other,SP,0.145,0.145,OtherFlatfish,Other
784,172779,NA,SPINY FLOUNDER,ENGYOPHRYS SENTA,NA,Other,SP,0.145,0.145,OtherFlatfish,Other
785,172729,NA,FRINGED FLOUNDER,ETROPUS CROSSOTUS,NA,Other,SP,0.145,0.145,OtherFlatfish,Other
786,172732,NA,GRAY FLOUNDER,ETROPUS RIMOSUS,NA,Other,SP,0.145,0.145,OtherFlatfish,Other
787,172781,NA,SHRIMP FLOUNDER,GASTROPSETTA FRONTALIS,NA,Other,SP,0.145,0.145,OtherFlatfish,Other
788,172736,NA,GULF FLOUNDER,PARALICHTHYS ALBIGUTTA,NA,Other,SP,0.145,0.145,OtherFlatfish,Other
789,172738,130,SOUTHERN FLOUNDER,PARALICHTHYS LETHOSTIGMA,NA,Other,SP,0.145,0.145,OtherFlatfish,Other
790,172740,NA,BROAD FLOUNDER,PARALICHTHYS SQUAMILENTUS,NA,Other,SP,0.145,0.145,OtherFlatfish,Other
791,172791,NA,SHOAL FLOUNDER,SYACIUM GUNTERI,NA,Other,SP,0.145,0.145,OtherFlatfish,Other
792,172792,NA,CHANNEL FLOUNDER,SYACIUM MICRURUM,NA,Other,SP,0.145,0.145,OtherFlatfish,Other
793,172793,NA,DUSKY FLOUNDER,SYACIUM PAPILLOSUM,NA,Other,SP,0.145,0.145,OtherFlatfish,Other
794,172728,NA,ETROPUS UNCL,ETROPUS ,NA,Other,SP,0.145,0.145,OtherFlatfish,Other
795,172714,NA,LEFTEYE FLOUNDER UNCL,BOTHIDAE,NA,Other,SP,0.145,0.145,OtherFlatfish,Other
796,172991,NA,NAKED SOLE,GYMNACHIRUS MELAS,NA,Other,SP,0.145,0.145,SmFlatfishes,Other
797,173063,NA,OFFSHORE TONGUEFISH,SYMPHURUS CIVITATUS,NA,Other,SP,0.145,0.145,SmFlatfishes,Other
798,173064,NA,SPOTTEDFIN TONGUEFISH,SYMPHURUS DIOMEDIANUS,NA,Other,SP,0.145,0.145,SmFlatfishes,Other
799,173066,NA,LARGESCALE TONGUEFISH,SYMPHURUS MINOR,NA,Other,SP,0.145,0.145,SmFlatfishes,Other
820,173128,456,TRIGGERFISH FILEFISH UNCL,BALISTIDAE,NA,Other,SO,0.145,0.145,SouthernDemersals,Other
821,173065,NA,SLENDER TONGUEFISH,SYMPHURUS MARGINATUS,NA,Other,SP,0.145,0.145,SmFlatfishes,Other
822,172378,NA,SNAKE MACKEREL UNCL,TRICHIURIDAE,NA,Other,SC,0.145,0.145,Mesopelagics,Other
823,172364,526,OILFISH,RUVETTUS PRETIOSUS,NA,Other,SC,0.145,0.145,Freshwater,Other
824,172362,385,ESCOLAR,LEPIDOCYBIUM FLAVOBRUNNEUM,NA,Other,SC,0.145,0.145,Mesopelagics,Other
825,173062,NA,BLACKCHEEK TONGUEFISH,SYMPHURUS PLAGIUSA,NA,Other,SP,0.145,0.145,SmFlatfishes,Other
826,173070,NA,NORTHERN TONGUEFISH,SYMPHURUS PUSILLUS,NA,Other,SP,0.145,0.145,SmFlatfishes,Other
827,173071,NA,SPOTTAIL TONGUEFISH,SYMPHURUS UROSPILUS,NA,Other,SP,0.145,0.145,SmFlatfishes,Other
829,173121,NA,JAMBEAU,PARAHOLLARDIA LINEATA,NA,Other,SO,0.145,0.145,Mesopelagics,Other
830,173132,NA,DOTTEREL FILEFISH,ALUTERUS HEUDELOTI,NA,Other,SO,0.145,0.145,SouthernDemersals,Other
831,173133,NA,UNICORN FILEFISH,ALUTERUS MONOCEROS,NA,Other,SO,0.145,0.145,SouthernDemersals,Other
832,173131,NA,ORANGE FILEFISH,ALUTERUS SCHOEPFI,NA,Other,SO,0.145,0.145,SouthernDemersals,Other
833,173134,NA,SCRAWLED FILEFISH,ALUTERUS SCRIPTUS,NA,Other,SO,0.145,0.145,SouthernDemersals,Other
834,173139,456,QUEEN TRIGGERFISH,BALISTES VETULA,NA,Other,SO,0.145,0.145,SouthernDemersals,Other
835,173170,NA,OCEAN TRIGGERFISH,CANTHIDERMIS SUFFLAMEN,NA,Other,SO,0.145,0.145,SouthernDemersals,Other
836,173179,NA,FRINGED FILEFISH,MONACANTHUS CILIATUS,NA,Other,SO,0.145,0.145,SouthernDemersals,Other
837,173238,NA,SPOTTED TRUNKFISH,LACTOPHRYS BICAUDALIS,NA,Other,SO,0.145,0.145,SouthernDemersals,Other
838,173241,NA,HONEYCOMB COWFISH,LACTOPHRYS POLYGONIA,NA,Other,SO,0.145,0.145,SouthernDemersals,Other
839,173240,NA,SCRAWLED COWFISH,LACTOPHRYS QUADRICORNIS,NA,Other,SO,0.145,0.145,SouthernDemersals,Other
840,173237,NA,TRUNKFISH,LACTOPHRYS TRIGONUS,NA,Other,SO,0.145,0.145,SouthernDemersals,Other
841,173239,NA,SMOOTH TRUNKFISH,LACTOPHRYS TRIQUETER,NA,Other,SO,0.145,0.145,SouthernDemersals,Other
842,173320,NA,SHARPNOSE PUFFER,CANTHIGASTER ROSTRATA,NA,Other,SO,0.145,0.145,SouthernDemersals,Other
843,173294,NA,MARBLED PUFFER,SPHOEROIDES DORSALIS,NA,Other,SO,0.145,0.145,SouthernDemersals,Other
844,173297,NA,SOUTHERN PUFFER,SPHOEROIDES NEPHELUS,NA,Other,SO,0.145,0.145,SouthernDemersals,Other
845,173300,NA,BANDTAIL PUFFER,SPHOEROIDES SPENGLERI,NA,Other,SO,0.145,0.145,SouthernDemersals,Other
846,173291,NA,CHECKERED PUFFER,SPHOEROIDES TESTUDINEUS,NA,Other,SO,0.145,0.145,SouthernDemersals,Other
847,173386,NA,WEB BURRFISH,CHILOMYCTERUS ANTILLARUM,NA,Other,SO,0.145,0.145,SouthernDemersals,Other
848,173387,NA,SPOTTED BURRFISH,CHILOMYCTERUS ATINGA,NA,Other,SO,0.145,0.145,SouthernDemersals,Other
849,173392,NA,BALLOONFISH,DIODON HOLOCANTHUS,NA,Other,SO,0.145,0.145,SouthernDemersals,Other
850,173391,NA,PORCUPINEFISH,DIODON HYSTRIX,NA,Other,SO,0.145,0.145,SouthernDemersals,Other
851,553173,686,ANCHOVY UNCL,ENGRAULIDAE,NA,Other,SO,0.145,0.145,SmPelagics,Other
852,162374,NA,LIZARDFISH UNCL,SYNODONTIDAE,NA,Other,SO,0.145,0.145,OtherDemersals,Other
853,172734,126,SUMMER FLOUNDERS,PARALICHTHYS ,NA,Other,SP,0.145,0.145,OtherFlatfish,Other
854,170186,NA,COCOA DAMSELFISH,POMACENTRUS VARIABILIS,NA,Other,SC,0.145,0.145,SouthernDemersals,Other
855,169554,526,BUTTERFLYFISH UNCL,CHAETODONTIDAE,NA,Other,SC,0.145,0.145,Freshwater,Other
856,162067,NA,STRIATED ARGENTINE,ARGENTINA STRIATA,NA,Other,SO,0.145,0.145,SmPelagics,Other
857,171053,30,STARGAZER UNCL,URANOSCOPIDAE,NA,Other,SC,0.145,0.145,SouthernDemersals,Other
858,169237,104,DRUM UNCL,SCIAENIDAE,NA,Other,SC,0.145,0.145,Freshwater,Other
859,161842,NA,DUSKY ANCHOVY,ANCHOA LYOLEPIS,NA,Other,SO,0.145,0.145,SmPelagics,Other
860,172398,NA,MACKEREL AND TUNA UNCL,SCOMBRIDAE,NA,Other,SC,0.145,0.145,OtherPelagics,Other
861,173283,431,PUFFER UNCL,TETRAODONTIDAE,NA,Other,SO,0.145,0.145,SouthernDemersals,Other
862,164572,NA,REDEYE GAPER,CHAUNAX STIGMAEUS,NA,Other,SO,0.145,0.145,SouthernDemersals,Other
863,167703,141,MISTY GROUPER,EPINEPHELUS MYSTACINUS,NA,Other,SC,0.145,0.145,SouthernDemersals,Other
864,169593,NA,LONGSNOUT BUTTERFLYFISH,PROGNATHODES ACULEATUS,NA,Other,SC,0.145,0.145,SouthernDemersals,Other
865,161830,NA,SILVER ANCHOVY,ENGRAULIS EURYSTOLE,NA,Other,NA,0.175,0.175,SmPelagics,Other
866,172715,NA,SANDDABS,CITHARICHTHYS ,NA,Other,SP,0.145,0.145,OtherFlatfish,Other
867,164675,NA,NA,LAEMONEMA BARBATULUM,NA,Other,SG,0.145,0.145,SouthernDemersals,Other
869,164843,NA,MOONEYE CUSK-EEL,OPHIDION SELENOPS,NA,Other,SG,0.145,0.145,SouthernDemersals,Other
870,161192,NA,HONEYCOMB MORAY,GYMNOTHORAX SAXICOLA,NA,Other,SO,0.145,0.145,SouthernDemersals,Other
871,166994,NA,SHORTWING SEAROBIN,PRIONOTUS STEARNSI,NA,Other,SO,0.145,0.145,SouthernDemersals,Other
872,169015,NA,SPOTFIN MOJARRA,EUCINOSTOMUS ARGENTEUS,NA,Other,SC,0.145,0.145,SouthernDemersals,Other
873,172762,NA,TWOSPOT FLOUNDER,BOTHUS ROBINSI,NA,Other,SP,0.145,0.145,OtherFlatfish,Other
874,172360,NA,SNAKE MACKEREL,GEMPYLUS SERPENS,NA,Other,SC,0.145,0.145,Mesopelagics,Other
875,161755,169,SCALED SARDINE,HARENGULA JAGUANA,NA,Other,SO,0.145,0.145,SmPelagics,Other
876,172546,NA,BIGEYE CIGARFISH,CUBICEPS PAUCIRADIATUS,NA,Other,SC,0.145,0.145,OtherPelagics,Other
877,168690,182,LESSER AMBERJACK,SERIOLA FASCIATA,NA,Other,SC,0.145,0.145,OtherPelagics,Other
878,169073,NA,STRIPED GRUNT,HAEMULON STRIATUM,NA,Other,SC,0.145,0.145,SouthernDemersals,Other
879,161553,NA,SNAPPER EEL,ECHIOPHIS PUNCTIFER,NA,Other,SO,0.145,0.145,SouthernDemersals,Other
880,173298,NA,BLUNTHEAD PUFFER,SPHOEROIDES PACHYGASTER,NA,Other,SO,0.145,0.145,SouthernDemersals,Other
881,164460,NA,SKILLETFISH,GOBIESOX STRUMOSUS,NA,Other,SO,0.145,0.145,SouthernDemersals,Other
882,172723,NA,ANGLEFIN WHIFF,CITHARICHTHYS GYMNORHINUS,NA,Other,SP,0.145,0.145,OtherFlatfish,Other
883,164579,NA,POLKA-DOT BATFISH,OGCOCEPHALUS RADIATUS,NA,Other,SO,0.145,0.145,Mesopelagics,Other
885,166859,NA,ATLANTIC THORNYHEAD,TRACHYSCORPIA CRISTULATA,NA,Other,SO,0.145,0.145,Mesopelagics,Other
887,162163,NA,LIGHTFISH UNCL,GONOSTOMATIDAE,NA,Other,NA,0.175,0.175,Mesopelagics,Other
888,168201,NA,BRIDLE CARDINALFISH,APOGON AUROLINEATUS,NA,Other,SC,0.145,0.145,Mesopelagics,Other
889,161840,NA,CUBAN ANCHOVY,ANCHOA CUBANA,NA,Other,NA,0.175,0.175,SmPelagics,Other
891,172538,NA,BROWN DRIFTFISH,ARIOMMA MELANUM,NA,Other,SC,0.145,0.145,Mesopelagics,Other
892,162074,NA,PYGMY ARGENTINE,GLOSSANODON PYGMAEUS,NA,Other,NA,0.175,0.175,SouthernDemersals,Other
894,161996,305,ATLANTIC SALMON,SALMO SALAR,NEFMC,Other,NA,0.175,0.175,OtherPelagics,Other
895,167991,NA,SPOTTED SOAPFISH,RYPTICUS SUBBIFRENATUS,NA,Other,SC,0.145,0.145,SouthernDemersals,Other
896,162463,NA,BARRACUDINAS,PARALEPIDIDAE ,NA,Other,SC,0.145,0.145,OtherPelagics,Other
897,164500,13,BLACKFIN GOOSEFISH,LOPHIUS GASTROPHYSUS,NA,Other,NA,0.175,0.175,SouthernDemersals,Other
898,168746,NA,COTTONMOUTH JACK,URASPIS SECUNDA,NA,Other,SC,0.145,0.145,OtherPelagics,Other
899,166280,NA,RED DORY,CYTTOPSIS ROSEA,NA,Other,NA,0.175,0.175,SouthernDemersals,Other
900,164495,NA,LOPHIIFORM UNCL,LOPHIIFORMES,NA,Other,NA,0.175,0.175,SouthernDemersals,Other
901,166385,NA,BLACKSPOTTED STICKLEBACK,GASTEROSTEUS WHEATLANDI,NA,Other,NA,0.175,0.175,SouthernDemersals,Other
902,166387,522,NINESPINE STICKLEBACK,PUNGITIUS PUNGITIUS,NA,Other,NA,0.175,0.175,SouthernDemersals,Other
910,95966,733,ROYAL RED SHRIMP,PLEOTICUS ROBUSTUS,NA,Other,NA,0.175,0.175,OtherShrimps,Other
911,96071,NA,SCARLET GAMBA SHRIMP,PLESIOPENAEUS EDWARDSIANUS,NA,Other,NA,0.175,0.175,OtherShrimps,Other
912,97707,NA,NA,CALOCARIS TEMPLEMANI,NA,Other,NA,0.175,0.175,Macrobenthos,Other
913,95605,NA,BROWN SHRIMP,PENAEUS AZTECUS,NA,Other,NA,0.175,0.175,OtherShrimps,Other
914,95608,NA,PINK SHRIMP,PENAEUS DUORARUM,NA,Other,NA,0.175,0.175,OtherShrimps,Other
915,95610,NA,WHITE SHRIMP,PENAEUS SETIFERUS,NA,Other,NA,0.175,0.175,OtherShrimps,Other
924,160911,NA,LONGTAIL SKATE,BREVIRAJA PLUTONIA,NA,Other,SE,0.145,0.145,OtherSkates,Other
925,159916,353,THRESHER SHARK,ALOPIAS VULPINUS,NA,Other,SE,0.145,0.145,Sharks,Other
926,159921,354,BIGEYE THRESHER SHARK,ALOPIAS SUPERCILIOSUS,NA,Other,SE,0.145,0.145,Sharks,Other
927,159926,358,LONGFIN MAKO,ISURUS PAUCUS,NA,Other,SE,0.145,0.145,Sharks,Other
928,160409,499,FINETOOTH SHARK,CARCHARHINUS ISODON,NA,Other,SE,0.145,0.145,Sharks,Other
929,160307,483,BIGNOSE SHARK,CARCHARHINUS ALTIMUS,NA,Other,SE,0.145,0.145,Sharks,Other
930,160330,490,OCEANIC WHITETIP SHARK,CARCHARHINUS LONGIMANUS,NA,Other,SE,0.145,0.145,Sharks,Other
931,160401,488,SPINNER SHARK,CARCHARHINUS BREVIPINNA,NA,Other,SE,0.145,0.145,Sharks,Other
932,160340,NA,SMALLTAIL SHARK,CARCHARHINUS POROSUS,NA,Other,SE,0.145,0.145,Sharks,Other
933,160336,NA,REEF SHARK,CARCHARHINUS PEREZII,NA,Other,SE,0.145,0.145,Sharks,Other
934,160413,486,NIGHT SHARK,CARCHARHINUS SIGNATUS,NA,Other,SE,0.145,0.145,Sharks,Other
935,160234,NA,FLORIDA SMOOTHHOUND,MUSTELUS NORRISI,NA,Other,SE,0.145,0.145,Sharks,Other
936,160448,NA,LEOPARD SHARK,TRIAKIS SEMIFASCIATA,NA,Other,SE,0.145,0.145,Sharks,Other
937,160524,NA,SCOOPHEAD SHARK,SPHYRNA MEDIA,NA,Other,SE,0.145,0.145,Sharks,Other
938,172410,NA,STRIPED BONITO,SARDA ORIENTALIS,NA,Other,NA,0.175,0.175,OtherPelagics,Other
939,172488,NA,SAILFISH,ISTIOPHORUS PLATYPTERUS,NA,Other,NA,0.175,0.175,LargePelagics,Other
940,172492,NA,BLACK MARLIN,MAKAIRA INDICA,NA,Other,NA,0.175,0.175,LargePelagics,Other
941,172503,NA,SHORTBILL SPEARFISH,TETRAPTURUS ANGUSTIROSTRIS,NA,Other,NA,0.175,0.175,LargePelagics,Other
942,172504,NA,STRIPED MARLIN,TETRAPTURUS AUDAX,NA,Other,NA,0.175,0.175,LargePelagics,Other
943,172502,402,LONGBILL SPEARFISH,TETRAPTURUS PFLUEGERI,NA,Other,NA,0.175,0.175,LargePelagics,Other
950,173830,813,LOGGERHEAD SEATURTLE,CARETTA CARETTA,NA,Other,NA,0.175,0.175,Turtles,Other
951,173833,809,GREEN SEATURTLE,CHELONIA MYDAS,NA,Other,NA,0.175,0.175,Turtles,Other
952,173843,812,LEATHERBACK SEATURTLE,DERMOCHELYS CORIACEA,NA,Other,NA,0.175,0.175,Turtles,Other
953,173836,814,HAWKSBILL SEATURTLE,ERETMOCHELYS IMBRICATA,NA,Other,NA,0.175,0.175,Turtles,Other
954,173839,NA,KEMP'S RIDLEY SEATURTLE,LEPIDOCHELYS KEMPI,NA,Other,NA,0.175,0.175,Turtles,Other
998,NA,NA,TRASH,TRASH SPECIES IN CATCH,NA,Other,NA,0.175,0.175,Fauna,Other
