Group,Year,Value,Stdev,Scale
AmLobster,1985,0.04809905,0.00480991,1
AmLobster,1986,0.03896635,0.00389664,1
AmLobster,1987,0.04272954,0.00427295,1
AmLobster,1988,0.04752736,0.00475274,1
AmLobster,1989,0.03133411,0.00313341,1
AmLobster,1990,0.03937599,0.0039376,1
AmLobster,1991,0.04256295,0.0042563,1
AmLobster,1992,0.04299689,0.00429969,1
AmLobster,1993,0.04614573,0.00461457,1
AmLobster,1994,0.028791,0.0028791,1
AmLobster,1995,0.02160763,0.00216076,1
AmLobster,1996,0.05868063,0.00586806,1
AmLobster,1997,0.0474416,0.00474416,1
AmLobster,1998,0.051665,0.0051665,1
AmLobster,1999,0.0366486,0.00366486,1
AmLobster,2000,0.04907762,0.00490776,1
AmLobster,2001,0.09697211,0.00969721,1
AmLobster,2002,0.16527119,0.01652712,1
AmLobster,2003,0.2123113,0.02123113,1
AmLobster,2004,0.20546222,0.02054622,1
AmLobster,2005,0.07497207,0.00749721,1
AmLobster,2006,0.05689082,0.00568908,1
AmLobster,2007,0.05683209,0.00568321,1
AmLobster,2008,0.05423507,0.00542351,1
AmLobster,2009,0.05591223,0.00559122,1
AmLobster,2010,0.0646896,0.00646896,1
AmLobster,2011,0.07072626,0.00707263,1
AmLobster,2012,0.10320914,0.01032091,1
AmLobster,2013,0.1058576,0.01058576,1
AmLobster,2014,0.11125616,0.01112562,1
AmLobster,2015,0.09834598,0.0098346,1
AmLobster,2016,0.05929207,0.00592921,1
AmLobster,2017,0.06088224,0.00608822,1
AmLobster,2018,0.07964494,0.00796449,1
AmLobster,2019,0.07916728,0.00791673,1
AmLobster,2020,0.06785104,0.0067851,1
AmLobster,2021,0.05147213,0.00514721,1
AmLobster,2022,0.04489343,0.00448934,1
AmLobster,2023,0.05660059,0.00566006,1
AmLobster,2024,0.09650963,0.00965096,1
AmLobster,2025,0.09093451,0.00909345,1
AmPlaice,1985,0.04371645,0.00437165,1
AmPlaice,1986,0.02382416,0.00238242,1
AmPlaice,1987,0.02211165,0.00221117,1
AmPlaice,1988,0.02422434,0.00242243,1
AmPlaice,1989,0.0174201,0.00174201,1
AmPlaice,1990,0.01429278,0.00142928,1
AmPlaice,1991,0.02537116,0.00253712,1
AmPlaice,1992,0.04286866,0.00428687,1
AmPlaice,1993,0.03431769,0.00343177,1
AmPlaice,1994,0.02745181,0.00274518,1
AmPlaice,1995,0.02940374,0.00294037,1
AmPlaice,1996,0.02603474,0.00260347,1
AmPlaice,1997,0.03235513,0.00323551,1
AmPlaice,1998,0.02630654,0.00263065,1
AmPlaice,1999,0.0300491,0.00300491,1
AmPlaice,2000,0.03304511,0.00330451,1
AmPlaice,2001,0.03350851,0.00335085,1
AmPlaice,2002,0.02763237,0.00276324,1
AmPlaice,2003,0.01728965,0.00172897,1
AmPlaice,2004,0.01362518,0.00136252,1
AmPlaice,2005,0.01173355,0.00117336,1
AmPlaice,2006,0.01107728,0.00110773,1
AmPlaice,2007,0.00986309,9.8631e-4,1
AmPlaice,2008,0.00889781,8.8978e-4,1
AmPlaice,2009,0.01228592,0.00122859,1
AmPlaice,2010,0.01230495,0.00123049,1
AmPlaice,2011,0.01272836,0.00127284,1
AmPlaice,2012,0.01486582,0.00148658,1
AmPlaice,2013,0.00998407,9.9841e-4,1
AmPlaice,2014,0.01028522,0.00102852,1
AmPlaice,2015,0.00821299,8.213e-4,1
AmPlaice,2016,0.00605322,6.0532e-4,1
AmPlaice,2017,0.00519505,5.1951e-4,1
AmPlaice,2018,0.00412831,4.1283e-4,1
AmPlaice,2019,0.00375399,3.754e-4,1
AmPlaice,2020,0.00494607,4.9461e-4,1
AmPlaice,2021,0.00562084,5.6208e-4,1
AmPlaice,2022,0.00572996,5.73e-4,1
AmPlaice,2023,0.00855541,8.5554e-4,1
AmPlaice,2024,0.00532287,5.3229e-4,1
AmPlaice,2025,0.00465101,4.651e-4,1
AtlHerring,1985,0.01743849,0.00174385,1
AtlHerring,1986,0.01289349,0.00128935,1
AtlHerring,1987,0.01167316,0.00116732,1
AtlHerring,1988,0.0139285,0.00139285,1
AtlHerring,1989,0.02346183,0.00234618,1
AtlHerring,1990,0.06495048,0.00649505,1
AtlHerring,1991,0.061378630000000003,0.00613786,1
AtlHerring,1992,0.02505636,0.00250564,1
AtlHerring,1993,0.05870586,0.00587059,1
AtlHerring,1994,0.02315638,0.00231564,1
AtlHerring,1995,0.00173986,1.7399e-4,1
AtlHerring,1996,0.04345059,0.00434506,1
AtlHerring,1997,0.13836431,0.01383643,1
AtlHerring,1998,0.5221035,0.05221035,1
AtlHerring,1999,0.13645686,0.01364569,1
AtlHerring,2000,0.30118445,0.03011844,1
AtlHerring,2001,0.86954671,0.08695467,1
AtlHerring,2002,0.34325306,0.03432531,1
AtlHerring,2003,0.4460378,0.04460378,1
AtlHerring,2004,0.39789862,0.03978986,1
AtlHerring,2005,0.3396514,0.03396514,1
AtlHerring,2006,0.37005,0.037005,1
AtlHerring,2007,0.23886367,0.02388637,1
AtlHerring,2008,0.27296785,0.02729679,1
AtlHerring,2009,0.52777662,0.05277766,1
AtlHerring,2010,0.35053813,0.03505381,1
AtlHerring,2011,0.66862892,0.06686289,1
AtlHerring,2012,0.74303341,0.07430334,1
AtlHerring,2013,0.68165199,0.0681652,1
AtlHerring,2014,0.71399885,0.07139989,1
AtlHerring,2015,0.61452522,0.06145252,1
AtlHerring,2016,0.36284796,0.0362848,1
AtlHerring,2017,0.26506775,0.02650678,1
AtlHerring,2018,0.21399234,0.02139923,1
AtlHerring,2019,0.06002751,0.00600275,1
AtlHerring,2020,0.08782209,0.00878221,1
AtlHerring,2021,0.04245822,0.00424582,1
AtlHerring,2022,0.03001903,0.0030019,1
AtlHerring,2023,0.0948853,0.00948853,1
AtlHerring,2024,0.07187166,0.00718717,1
AtlHerring,2025,0.02072074,0.00207207,1
AtlMackerel,1985,0.06438661,0.00643866,1
AtlMackerel,1986,0.05663169,0.00566317,1
AtlMackerel,1987,0.04503914,0.00450391,1
AtlMackerel,1988,0.0441317,0.00441317,1
AtlMackerel,1989,0.00303339,3.0334e-4,1
AtlMackerel,1990,0.05271447,0.00527145,1
AtlMackerel,1991,0.02965248,0.00296525,1
AtlMackerel,1992,0.03375157,0.00337516,1
AtlMackerel,1993,0.0122271,0.00122271,1
AtlMackerel,1994,0.28159371,0.02815937,1
AtlMackerel,1995,0.01968779,0.00196878,1
AtlMackerel,1996,0.00780826,7.8083e-4,1
AtlMackerel,1997,0.00908572,9.0857e-4,1
AtlMackerel,1998,0.02193019,0.00219302,1
AtlMackerel,1999,0.0250547,0.00250547,1
AtlMackerel,2000,0.015987,0.0015987,1
AtlMackerel,2001,0.00137226,1.3723e-4,1
AtlMackerel,2002,0.03446491,0.00344649,1
AtlMackerel,2003,0.03308564,0.00330856,1
AtlMackerel,2004,0.11555451,0.01155545,1
AtlMackerel,2005,0.07258047,0.00725805,1
AtlMackerel,2006,0.02583399,0.0025834,1
AtlMackerel,2007,0.12843068,0.01284307,1
AtlMackerel,2008,0.09631118,0.00963112,1
AtlMackerel,2009,0.00888883,8.8888e-4,1
AtlMackerel,2010,0.00417349,4.1735e-4,1
AtlMackerel,2011,0.00326764,3.2676e-4,1
AtlMackerel,2012,0.02120241,0.00212024,1
AtlMackerel,2013,0.06173105,0.0061731,1
AtlMackerel,2014,0.06432958,0.00643296,1
AtlMackerel,2015,0.02617351,0.00261735,1
AtlMackerel,2016,0.02588167,0.00258817,1
AtlMackerel,2017,0.0393608,0.00393608,1
AtlMackerel,2018,0.02802648,0.00280265,1
AtlMackerel,2019,0.00921169,9.2117e-4,1
AtlMackerel,2020,0.09804622,0.00980462,1
AtlMackerel,2021,0.07300161,0.00730016,1
AtlMackerel,2022,0.01309899,0.0013099,1
AtlMackerel,2023,0.05771417,0.00577142,1
AtlMackerel,2024,0.02063407,0.00206341,1
AtlMackerel,2025,0.02539133,0.00253913,1
AtlScallop,1985,0.1263311,0.01263311,1
AtlScallop,1986,0.17068346,0.01706835,1
AtlScallop,1987,0.2179395,0.02179395,1
AtlScallop,1988,0.19766261,0.01976626,1
AtlScallop,1989,0.20423766,0.02042377,1
AtlScallop,1990,0.2891474,0.02891474,1
AtlScallop,1991,0.27801429,0.02780143,1
AtlScallop,1992,0.27284701,0.0272847,1
AtlScallop,1993,0.19176384,0.01917638,1
AtlScallop,1994,0.10787505,0.01078751,1
AtlScallop,1995,0.05385259,0.00538526,1
AtlScallop,1996,0.09674867,0.00967487,1
AtlScallop,1997,0.1170794,0.01170794,1
AtlScallop,1998,0.10584326,0.01058433,1
AtlScallop,1999,0.16047593,0.01604759,1
AtlScallop,2000,0.24946239,0.02494624,1
AtlScallop,2001,0.2297835,0.02297835,1
AtlScallop,2002,0.2251126,0.02251126,1
AtlScallop,2003,0.09249676,0.00924968,1
AtlScallop,2004,0.15211811,0.01521181,1
AtlScallop,2005,0.21431197,0.0214312,1
AtlScallop,2006,0.35583795,0.0355838,1
AtlScallop,2007,0.24766074,0.02476607,1
AtlScallop,2008,0.1192457,0.01192457,1
AtlScallop,2009,0.12713748,0.01271375,1
AtlScallop,2010,0.22015799,0.0220158,1
AtlScallop,2011,0.23798786,0.02379879,1
AtlScallop,2012,0.33092667,0.03309267,1
AtlScallop,2013,0.20901947,0.02090195,1
AtlScallop,2014,0.09759593,0.00975959,1
AtlScallop,2015,0.09279369,0.00927937,1
AtlScallop,2016,0.07135901,0.0071359,1
AtlScallop,2017,0.12981922,0.01298192,1
AtlScallop,2018,0.29201858,0.02920186,1
AtlScallop,2019,0.30812302,0.0308123,1
AtlScallop,2020,0.16529595,0.01652959,1
AtlScallop,2021,0.2695071,0.02695071,1
AtlScallop,2022,0.2002546,0.02002546,1
AtlScallop,2023,0.20003334,0.02000333,1
AtlScallop,2024,0.11575085,0.01157508,1
AtlScallop,2025,0.1361789,0.01361789,1
Barndoor,1985,0.02821985,0.00282198,1
Barndoor,1986,0.02486316,0.00248632,1
Barndoor,1987,0.02542717,0.00254272,1
Barndoor,1988,0.02903575,0.00290357,1
Barndoor,1989,0.02202537,0.00220254,1
Barndoor,1990,0.01034037,0.00103404,1
Barndoor,1991,0.0172986,0.00172986,1
Barndoor,1992,0.02623716,0.00262372,1
Barndoor,1993,0.01558064,0.00155806,1
Barndoor,1994,0.01011981,0.00101198,1
Barndoor,1995,0.00375133,3.7513e-4,1
Barndoor,1996,0.01386504,0.0013865,1
Barndoor,1997,0.00830989,8.3099e-4,1
Barndoor,1998,0.0148222,0.00148222,1
Barndoor,1999,0.01742789,0.00174279,1
Barndoor,2000,0.00331744,3.3174e-4,1
Barndoor,2001,0.00418527,4.1853e-4,1
Barndoor,2002,0.00248834,2.4883e-4,1
Barndoor,2003,0.00515245,5.1524e-4,1
Barndoor,2004,0.00498201,4.982e-4,1
Barndoor,2005,0.0235479,0.00235479,1
Barndoor,2006,0.01951234,0.00195123,1
Barndoor,2007,0.02148836,0.00214884,1
Barndoor,2008,0.0112804,0.00112804,1
Barndoor,2009,0.01505232,0.00150523,1
Barndoor,2010,0.0400068,0.00400068,1
Barndoor,2011,0.02304251,0.00230425,1
Barndoor,2012,0.02195194,0.00219519,1
Barndoor,2013,0.01545731,0.00154573,1
Barndoor,2014,0.02348995,0.002349,1
Barndoor,2015,0.0211728,0.00211728,1
Barndoor,2016,0.02581792,0.00258179,1
Barndoor,2017,0.02278603,0.0022786,1
Barndoor,2018,0.02336102,0.0023361,1
Barndoor,2019,0.025893,0.0025893,1
Barndoor,2020,0.01417743,0.00141774,1
Barndoor,2021,0.01430972,0.00143097,1
Barndoor,2022,0.00770208,7.7021e-4,1
Barndoor,2023,0.00777283,7.7728e-4,1
Barndoor,2024,0.00485337,4.8534e-4,1
Barndoor,2025,0.00530714,5.3071e-4,1
BlackSeaBass,1985,2.5058e-4,2.506e-5,1
BlackSeaBass,1986,4.1503e-4,4.15e-5,1
BlackSeaBass,1987,1.8695e-4,1.869e-5,1
BlackSeaBass,1988,9.297e-5,9.3e-6,1
BlackSeaBass,1989,1.343e-4,1.343e-5,1
BlackSeaBass,1990,1.7621e-4,1.762e-5,1
BlackSeaBass,1991,9.911e-5,9.91e-6,1
BlackSeaBass,1992,1.2597e-4,1.26e-5,1
BlackSeaBass,1993,1.2539e-4,1.254e-5,1
BlackSeaBass,1994,1.2612e-4,1.261e-5,1
BlackSeaBass,1995,9.843e-5,9.84e-6,1
BlackSeaBass,1996,1.2739e-4,1.274e-5,1
BlackSeaBass,1997,8.241e-5,8.24e-6,1
BlackSeaBass,1998,1.4158e-4,1.416e-5,1
BlackSeaBass,1999,2.3926e-4,2.393e-5,1
BlackSeaBass,2000,2.0688e-4,2.069e-5,1
BlackSeaBass,2001,1.9996e-4,2e-5,1
BlackSeaBass,2002,2.4191e-4,2.419e-5,1
BlackSeaBass,2003,1.7659e-4,1.766e-5,1
BlackSeaBass,2004,6.4831e-4,6.483e-5,1
BlackSeaBass,2005,2.8433e-4,2.843e-5,1
BlackSeaBass,2006,3.8941e-4,3.894e-5,1
BlackSeaBass,2007,2.7973e-4,2.797e-5,1
BlackSeaBass,2008,1.5125e-4,1.513e-5,1
BlackSeaBass,2009,5.481e-5,5.48e-6,1
BlackSeaBass,2010,1.6356e-4,1.636e-5,1
BlackSeaBass,2011,2.4682e-4,2.468e-5,1
BlackSeaBass,2012,2.8932e-4,2.893e-5,1
BlackSeaBass,2013,9.5356e-4,9.536e-5,1
BlackSeaBass,2014,2.3807e-4,2.381e-5,1
BlackSeaBass,2015,1.7083e-4,1.708e-5,1
BlackSeaBass,2016,2.7573e-4,2.757e-5,1
BlackSeaBass,2017,5.1109e-4,5.111e-5,1
BlackSeaBass,2018,6.1039e-4,6.104e-5,1
BlackSeaBass,2019,6.3303e-4,6.33e-5,1
BlackSeaBass,2020,3.229e-4,3.229e-5,1
BlackSeaBass,2021,3.6488e-4,3.649e-5,1
BlackSeaBass,2022,5.4442e-4,5.444e-5,1
BlackSeaBass,2023,3.8881e-4,3.888e-5,1
BlackSeaBass,2024,5.1131e-4,5.113e-5,1
BlackSeaBass,2025,6.1893e-4,6.189e-5,1
Bluefish,1985,0.00158623,1.5862e-4,1
Bluefish,1986,0.00218028,2.1803e-4,1
Bluefish,1987,0.00233902,2.339e-4,1
Bluefish,1988,0.00217329,2.1733e-4,1
Bluefish,1989,0.00298257,2.9826e-4,1
Bluefish,1990,0.00344104,3.441e-4,1
Bluefish,1991,0.02349018,0.00234902,1
Bluefish,1992,0.00792033,7.9203e-4,1
Bluefish,1993,0.00197711,1.9771e-4,1
Bluefish,1994,0.00878671,8.7867e-4,1
Bluefish,1995,0.00199908,1.9991e-4,1
Bluefish,1996,0.00162533,1.6253e-4,1
Bluefish,1997,0.00151856,1.5186e-4,1
Bluefish,1998,0.00191713,1.9171e-4,1
Bluefish,1999,0.00176061,1.7606e-4,1
Bluefish,2000,8.6361e-4,8.636e-5,1
Bluefish,2001,0.0015825,1.5825e-4,1
Bluefish,2002,0.00132318,1.3232e-4,1
Bluefish,2003,0.00146924,1.4692e-4,1
Bluefish,2004,0.00257354,2.5735e-4,1
Bluefish,2005,0.00203068,2.0307e-4,1
Bluefish,2006,9.0177e-4,9.018e-5,1
Bluefish,2007,0.00356587,3.5659e-4,1
Bluefish,2008,8.3726e-4,8.373e-5,1
Bluefish,2009,5.5058e-4,5.506e-5,1
Bluefish,2010,0.00244648,2.4465e-4,1
Bluefish,2011,9.1665e-4,9.166e-5,1
Bluefish,2012,6.7536e-4,6.754e-5,1
Bluefish,2013,0.00147638,1.4764e-4,1
Bluefish,2014,8.6315e-4,8.632e-5,1
Bluefish,2015,7.6032e-4,7.603e-5,1
Bluefish,2016,0.00151857,1.5186e-4,1
Bluefish,2017,7.6692e-4,7.669e-5,1
Bluefish,2018,4.1259e-4,4.126e-5,1
Bluefish,2019,2.7409e-4,2.741e-5,1
Bluefish,2020,0.00101731,1.0173e-4,1
Bluefish,2021,4.0484e-4,4.048e-5,1
Bluefish,2022,2.4937e-4,2.494e-5,1
Bluefish,2023,3.5049e-4,3.505e-5,1
Bluefish,2024,2.0829e-4,2.083e-5,1
Bluefish,2025,2.8531e-4,2.853e-5,1
Butterfish,1985,0.02307358,0.00230736,1
Butterfish,1986,0.02003217,0.00200322,1
Butterfish,1987,0.01722229,0.00172223,1
Butterfish,1988,0.01460975,0.00146098,1
Butterfish,1989,0.00348,3.48e-4,1
Butterfish,1990,0.00357524,3.5752e-4,1
Butterfish,1991,0.01175502,0.0011755,1
Butterfish,1992,0.00896372,8.9637e-4,1
Butterfish,1993,0.01633805,0.00163381,1
Butterfish,1994,0.03311714,0.00331171,1
Butterfish,1995,0.01222707,0.00122271,1
Butterfish,1996,0.02162227,0.00216223,1
Butterfish,1997,0.00807099,8.071e-4,1
Butterfish,1998,0.01231107,0.00123111,1
Butterfish,1999,0.02072931,0.00207293,1
Butterfish,2000,0.04191769,0.00419177,1
Butterfish,2001,0.01254897,0.0012549,1
Butterfish,2002,0.01057358,0.00105736,1
Butterfish,2003,0.0069125,6.9125e-4,1
Butterfish,2004,0.00579469,5.7947e-4,1
Butterfish,2005,0.00285861,2.8586e-4,1
Butterfish,2006,0.00402922,4.0292e-4,1
Butterfish,2007,0.00293324,2.9332e-4,1
Butterfish,2008,0.00192476,1.9248e-4,1
Butterfish,2009,0.00273395,2.7339e-4,1
Butterfish,2010,0.00838707,8.3871e-4,1
Butterfish,2011,0.00445004,4.45e-4,1
Butterfish,2012,0.00720754,7.2075e-4,1
Butterfish,2013,0.0084209,8.4209e-4,1
Butterfish,2014,0.0372051,0.00372051,1
Butterfish,2015,0.0319721,0.00319721,1
Butterfish,2016,0.01065174,0.00106517,1
Butterfish,2017,0.03785767,0.00378577,1
Butterfish,2018,0.02427087,0.00242709,1
Butterfish,2019,0.02800221,0.00280022,1
Butterfish,2020,0.06608227,0.00660823,1
Butterfish,2021,0.0236554,0.00236554,1
Butterfish,2022,0.01258527,0.00125853,1
Butterfish,2023,0.01363911,0.00136391,1
Butterfish,2024,0.02434497,0.0024345,1
Butterfish,2025,0.00643476,6.4348e-4,1
Cod,1985,0.62260133,0.06226013,1
Cod,1986,0.44014965,0.04401497,1
Cod,1987,0.51363528,0.05136353,1
Cod,1988,0.65722989,0.06572299,1
Cod,1989,0.54786535,0.05478654,1
Cod,1990,0.71567785,0.07156779,1
Cod,1991,0.64242089,0.06424209,1
Cod,1992,0.49175449,0.04917545,1
Cod,1993,0.39518428,0.03951843,1
Cod,1994,0.26293544,0.02629354,1
Cod,1995,0.13792113,0.01379211,1
Cod,1996,0.1591596,0.01591596,1
Cod,1997,0.18387641,0.01838764,1
Cod,1998,0.1575261,0.01575261,1
Cod,1999,0.17857064,0.01785706,1
Cod,2000,0.16231452,0.01623145,1
Cod,2001,0.22796712,0.02279671,1
Cod,2002,0.19166584,0.01916658,1
Cod,2003,0.12230745,0.01223075,1
Cod,2004,0.08481506,0.00848151,1
Cod,2005,0.06578698,0.0065787,1
Cod,2006,0.07355954,0.00735595,1
Cod,2007,0.10813688,0.01081369,1
Cod,2008,0.06521817,0.00652182,1
Cod,2009,0.05877898,0.0058779,1
Cod,2010,0.06396863,0.00639686,1
Cod,2011,0.07199588,0.00719959,1
Cod,2012,0.04289722,0.00428972,1
Cod,2013,0.02272536,0.00227254,1
Cod,2014,0.03353445,0.00335344,1
Cod,2015,0.03163832,0.00316383,1
Cod,2016,0.02553462,0.00255346,1
Cod,2017,0.01664533,0.00166453,1
Cod,2018,0.01982479,0.00198248,1
Cod,2019,0.01926129,0.00192613,1
Cod,2020,0.00916802,9.168e-4,1
Cod,2021,0.00722374,7.2237e-4,1
Cod,2022,0.00508315,5.0832e-4,1
Cod,2023,0.00400307,4.0031e-4,1
Cod,2024,0.00708723,7.0872e-4,1
Cod,2025,0.00369149,3.6915e-4,1
Fourspot,1985,0.0172049,0.00172049,1
Fourspot,1986,0.01516658,0.00151666,1
Fourspot,1987,0.01351588,0.00135159,1
Fourspot,1988,0.01618829,0.00161883,1
Fourspot,1989,0.01821488,0.00182149,1
Fourspot,1990,0.00988746,9.8875e-4,1
Fourspot,1991,0.00654318,6.5432e-4,1
Fourspot,1992,0.01015671,0.00101567,1
Fourspot,1993,0.03265953,0.00326595,1
Fourspot,1994,0.02436526,0.00243653,1
Fourspot,1995,0.00645437,6.4544e-4,1
Fourspot,1996,0.00327595,3.2759e-4,1
Fourspot,1997,0.00940656,9.4066e-4,1
Fourspot,1998,0.01234499,0.0012345,1
Fourspot,1999,0.01226453,0.00122645,1
Fourspot,2000,0.01894449,0.00189445,1
Fourspot,2001,3.8135e-4,3.814e-5,1
Fourspot,2002,0.00458202,4.582e-4,1
Fourspot,2003,0.01168519,0.00116852,1
Fourspot,2004,0.00613039,6.1304e-4,1
Fourspot,2005,0.00712636,7.1264e-4,1
Fourspot,2006,0.00724167,7.2417e-4,1
Fourspot,2007,0.03358397,0.0033584,1
Fourspot,2008,0.00666744,6.6674e-4,1
Fourspot,2009,0.00351503,3.515e-4,1
Fourspot,2010,0.0042534,4.2534e-4,1
Fourspot,2011,0.00419511,4.1951e-4,1
Fourspot,2012,0.00803673,8.0367e-4,1
Fourspot,2013,0.00630253,6.3025e-4,1
Fourspot,2014,0.00452235,4.5223e-4,1
Fourspot,2015,0.00368228,3.6823e-4,1
Fourspot,2016,0.00414673,4.1467e-4,1
Fourspot,2017,0.0057256,5.7256e-4,1
Fourspot,2018,0.00877362,8.7736e-4,1
Fourspot,2019,0.08147434,0.00814743,1
Fourspot,2020,0.00519043,5.1904e-4,1
Fourspot,2021,8.7948e-4,8.795e-5,1
Fourspot,2022,0.00292406,2.9241e-4,1
Fourspot,2023,0.00390581,3.9058e-4,1
Fourspot,2024,0.00475974,4.7597e-4,1
Fourspot,2025,8.6381e-4,8.638e-5,1
Goosefish,1985,0.07153749,0.00715375,1
Goosefish,1986,0.06475667,0.00647567,1
Goosefish,1987,0.0715208,0.00715208,1
Goosefish,1988,0.10574607,0.01057461,1
Goosefish,1989,0.18310441,0.01831044,1
Goosefish,1990,0.16645762,0.01664576,1
Goosefish,1991,0.1263597,0.01263597,1
Goosefish,1992,0.15731819,0.01573182,1
Goosefish,1993,0.19662136,0.01966214,1
Goosefish,1994,0.14978350000000001,0.01497835,1
Goosefish,1995,0.15384301,0.0153843,1
Goosefish,1996,0.13952034,0.01395203,1
Goosefish,1997,0.14714012,0.01471401,1
Goosefish,1998,0.12447752,0.01244775,1
Goosefish,1999,0.13831986,0.01383199,1
Goosefish,2000,0.14267329,0.01426733,1
Goosefish,2001,0.15608196,0.0156082,1
Goosefish,2002,0.15493371,0.01549337,1
Goosefish,2003,0.13883824,0.01388382,1
Goosefish,2004,0.11873301,0.0118733,1
Goosefish,2005,0.11929616,0.01192962,1
Goosefish,2006,0.10965948,0.01096595,1
Goosefish,2007,0.06959377,0.00695938,1
Goosefish,2008,0.04971591,0.00497159,1
Goosefish,2009,0.03788957,0.00378896,1
Goosefish,2010,0.03041173,0.00304117,1
Goosefish,2011,0.03305191,0.00330519,1
Goosefish,2012,0.0485649,0.00485649,1
Goosefish,2013,0.03627809,0.00362781,1
Goosefish,2014,0.03741736,0.00374174,1
Goosefish,2015,0.044506,0.0044506,1
Goosefish,2016,0.05571905,0.0055719,1
Goosefish,2017,0.06768465,0.00676847,1
Goosefish,2018,0.05868622,0.00586862,1
Goosefish,2019,0.04783357,0.00478336,1
Goosefish,2020,0.04448538,0.00444854,1
Goosefish,2021,0.04165843,0.00416584,1
Goosefish,2022,0.04239337,0.00423934,1
Goosefish,2023,0.04729075,0.00472908,1
Goosefish,2024,0.0379551,0.00379551,1
Goosefish,2025,0.03500861,0.00350086,1
HMS,1985,4.632e-4,4.632e-5,1
HMS,1986,5.3704e-4,5.37e-5,1
HMS,1987,6.0788e-4,6.079e-5,1
HMS,1988,3.2476e-4,3.248e-5,1
HMS,1989,4.1204e-4,4.12e-5,1
HMS,1990,7.4071e-4,7.407e-5,1
HMS,1991,2.5907e-4,2.591e-5,1
HMS,1992,1.5054e-4,1.505e-5,1
HMS,1993,1.8487e-4,1.849e-5,1
HMS,1994,1.3964e-4,1.396e-5,1
HMS,1995,1.8321e-4,1.832e-5,1
HMS,1996,9.049e-5,9.05e-6,1
HMS,1997,8.4e-5,8.4e-6,1
HMS,1998,1.3472e-4,1.347e-5,1
HMS,1999,7.874e-5,7.87e-6,1
HMS,2000,9.272e-5,9.27e-6,1
HMS,2001,9.808e-5,9.81e-6,1
HMS,2002,1.2762e-4,1.276e-5,1
HMS,2003,7.077e-5,7.08e-6,1
HMS,2004,8.102e-5,8.1e-6,1
HMS,2005,6.848e-5,6.85e-6,1
HMS,2006,5.395e-5,5.39e-6,1
HMS,2007,1.0489e-4,1.049e-5,1
HMS,2008,4.968e-5,4.97e-6,1
HMS,2009,3.348e-5,3.35e-6,1
HMS,2010,5.305e-5,5.3e-6,1
HMS,2011,7.805e-5,7.81e-6,1
HMS,2012,5.491e-5,5.49e-6,1
HMS,2013,3.099e-5,3.1e-6,1
HMS,2014,5.058e-5,5.06e-6,1
HMS,2015,4.461e-5,4.46e-6,1
HMS,2016,5.487e-5,5.49e-6,1
HMS,2017,4.62e-5,4.62e-6,1
HMS,2018,4.412e-5,4.41e-6,1
HMS,2019,5.733e-5,5.73e-6,1
HMS,2020,5.502e-5,5.5e-6,1
HMS,2021,3.433e-5,3.43e-6,1
HMS,2022,2.731e-5,2.73e-6,1
HMS,2023,2.714e-5,2.71e-6,1
HMS,2024,4.45e-5,4.45e-6,1
HMS,2025,2.626e-5,2.63e-6,1
Haddock,1985,0.16531629,0.01653163,1
Haddock,1986,0.14367017,0.01436702,1
Haddock,1987,0.14550123,0.01455012,1
Haddock,1988,0.17696602,0.0176966,1
Haddock,1989,0.08460746,0.00846075,1
Haddock,1990,0.10298805,0.0102988,1
Haddock,1991,0.13871323,0.01387132,1
Haddock,1992,0.10776982,0.01077698,1
Haddock,1993,0.08671088,0.00867109,1
Haddock,1994,0.27207089,0.02720709,1
Haddock,1995,0.04948283,0.00494828,1
Haddock,1996,0.08059243,0.00805924,1
Haddock,1997,0.06798948,0.00679895,1
Haddock,1998,0.10808875,0.01080887,1
Haddock,1999,0.12473345,0.01247334,1
Haddock,2000,0.15244485,0.01524448,1
Haddock,2001,0.20592411,0.02059241,1
Haddock,2002,0.23059288,0.02305929,1
Haddock,2003,0.10107399,0.0101074,1
Haddock,2004,0.324759,0.0324759,1
Haddock,2005,0.37830066,0.03783007,1
Haddock,2006,0.29196657,0.02919666,1
Haddock,2007,0.29549286,0.02954929,1
Haddock,2008,0.10695059,0.01069506,1
Haddock,2009,0.09770389,0.00977039,1
Haddock,2010,0.45098598,0.0450986,1
Haddock,2011,0.29259796,0.0292598,1
Haddock,2012,0.12285999,0.012286,1
Haddock,2013,0.03561809,0.00356181,1
Haddock,2014,0.35138498,0.0351385,1
Haddock,2015,0.37902983,0.03790298,1
Haddock,2016,0.32186064,0.03218606,1
Haddock,2017,0.31772149,0.03177215,1
Haddock,2018,0.29620042,0.02962004,1
Haddock,2019,0.34884869,0.03488487,1
Haddock,2020,0.12992793,0.01299279,1
Haddock,2021,0.06375455,0.00637546,1
Haddock,2022,0.04582748,0.00458275,1
Haddock,2023,0.05451035,0.00545104,1
Haddock,2024,0.03925808,0.00392581,1
Haddock,2025,0.02613549,0.00261355,1
Illex,1985,0.00928904,9.289e-4,1
Illex,1986,0.00994124,9.9412e-4,1
Illex,1987,0.00778323,7.7832e-4,1
Illex,1988,0.00901341,9.0134e-4,1
Illex,1989,0.02983042,0.00298304,1
Illex,1990,0.03060516,0.00306052,1
Illex,1991,0.00416376,4.1638e-4,1
Illex,1992,0.00274058,2.7406e-4,1
Illex,1993,0.05486003,0.005486,1
Illex,1994,0.00160055,1.6005e-4,1
Illex,1995,0.00525561,5.2556e-4,1
Illex,1996,0.01032403,0.0010324,1
Illex,1997,0.01199512,0.00119951,1
Illex,1998,0.0122319,0.00122319,1
Illex,1999,0.03917557,0.00391756,1
Illex,2000,0.00679044,6.7904e-4,1
Illex,2001,0.00263258,2.6326e-4,1
Illex,2002,0.00149603,1.496e-4,1
Illex,2003,0.00163101,1.631e-4,1
Illex,2004,0.00800813,8.0081e-4,1
Illex,2005,0.00383187,3.8319e-4,1
Illex,2006,0.03336581,0.00333658,1
Illex,2007,0.00400806,4.0081e-4,1
Illex,2008,0.01472636,0.00147264,1
Illex,2009,0.03130917,0.00313092,1
Illex,2010,0.00237439,2.3744e-4,1
Illex,2011,0.01951118,0.00195112,1
Illex,2012,0.00268675,2.6868e-4,1
Illex,2013,0.00336687,3.3669e-4,1
Illex,2014,0.00814664,8.1466e-4,1
Illex,2015,0.00307314,3.0731e-4,1
Illex,2016,0.00124172,1.2417e-4,1
Illex,2017,0.08327715,0.00832772,1
Illex,2018,0.07549129,0.00754913,1
Illex,2019,0.19740972,0.01974097,1
Illex,2020,0.18872077,0.01887208,1
Illex,2021,0.07049156,0.00704916,1
Illex,2022,0.00226363,2.2636e-4,1
Illex,2023,0.00112065,1.1207e-4,1
Illex,2024,0.00204746,2.0475e-4,1
Illex,2025,0.03502482,0.00350248,1
LittleSkate,1985,0.15817117,0.01581712,1
LittleSkate,1986,0.13466078,0.01346608,1
LittleSkate,1987,0.13874226,0.01387423,1
LittleSkate,1988,0.15696066,0.01569607,1
LittleSkate,1989,0.12211257,0.01221126,1
LittleSkate,1990,0.17914476,0.01791448,1
LittleSkate,1991,0.16526681,0.01652668,1
LittleSkate,1992,0.13966853,0.01396685,1
LittleSkate,1993,0.13899828,0.01389983,1
LittleSkate,1994,0.16698651,0.01669865,1
LittleSkate,1995,0.11396697,0.0113967,1
LittleSkate,1996,0.19009599,0.0190096,1
LittleSkate,1997,0.08697327,0.00869733,1
LittleSkate,1998,0.20652439,0.02065244,1
LittleSkate,1999,0.141172,0.0141172,1
LittleSkate,2000,0.17954433,0.01795443,1
LittleSkate,2001,0.23772886,0.02377289,1
LittleSkate,2002,0.15104675,0.01510467,1
LittleSkate,2003,0.13718904,0.0137189,1
LittleSkate,2004,0.16795766,0.01679577,1
LittleSkate,2005,0.2556444,0.02556444,1
LittleSkate,2006,0.24010792,0.02401079,1
LittleSkate,2007,0.197372,0.0197372,1
LittleSkate,2008,0.11267403,0.0112674,1
LittleSkate,2009,0.11548608,0.01154861,1
LittleSkate,2010,0.16463088,0.01646309,1
LittleSkate,2011,0.10045844,0.01004584,1
LittleSkate,2012,0.0870903,0.00870903,1
LittleSkate,2013,0.04285708,0.00428571,1
LittleSkate,2014,0.12499006,0.01249901,1
LittleSkate,2015,0.16152105,0.01615211,1
LittleSkate,2016,0.04888796,0.0048888,1
LittleSkate,2017,0.03063201,0.0030632,1
LittleSkate,2018,0.02896167,0.00289617,1
LittleSkate,2019,0.01611204,0.0016112,1
LittleSkate,2020,0.01141926,0.00114193,1
LittleSkate,2021,0.01291445,0.00129145,1
LittleSkate,2022,0.01378704,0.0013787,1
LittleSkate,2023,0.0097412,9.7412e-4,1
LittleSkate,2024,0.0171874,0.00171874,1
LittleSkate,2025,0.01072323,0.00107232,1
Loligo,1985,0.00457383,4.5738e-4,1
Loligo,1986,0.02327697,0.0023277,1
Loligo,1987,0.00379187,3.7919e-4,1
Loligo,1988,0.00391665,3.9166e-4,1
Loligo,1989,0.04782314,0.00478231,1
Loligo,1990,0.00369429,3.6943e-4,1
Loligo,1991,0.01099115,0.00109912,1
Loligo,1992,0.01625274,0.00162527,1
Loligo,1993,0.00320589,3.2059e-4,1
Loligo,1994,0.00980397,9.804e-4,1
Loligo,1995,0.02073889,0.00207389,1
Loligo,1996,0.04711461,0.00471146,1
Loligo,1997,0.00680893,6.8089e-4,1
Loligo,1998,0.04942014,0.00494201,1
Loligo,1999,0.04082296,0.0040823,1
Loligo,2000,0.0303671,0.00303671,1
Loligo,2001,0.03633069,0.00363307,1
Loligo,2002,0.04156544,0.00415654,1
Loligo,2003,0.06112278,0.00611228,1
Loligo,2004,0.0327297,0.00327297,1
Loligo,2005,0.04642488,0.00464249,1
Loligo,2006,0.02594507,0.00259451,1
Loligo,2007,0.09145146,0.00914515,1
Loligo,2008,0.02250264,0.00225026,1
Loligo,2009,0.00228839,2.2884e-4,1
Loligo,2010,0.01071637,0.00107164,1
Loligo,2011,0.01301464,0.00130146,1
Loligo,2012,0.0077583,7.7583e-4,1
Loligo,2013,0.02108571,0.00210857,1
Loligo,2014,0.01937012,0.00193701,1
Loligo,2015,0.02455336,0.00245534,1
Loligo,2016,0.01083556,0.00108356,1
Loligo,2017,0.01056688,0.00105669,1
Loligo,2018,0.011353,0.0011353,1
Loligo,2019,0.01012051,0.00101205,1
Loligo,2020,0.02407681,0.00240768,1
Loligo,2021,0.01417297,0.0014173,1
Loligo,2022,0.01108327,0.00110833,1
Loligo,2023,0.00630211,6.3021e-4,1
Loligo,2024,0.01214204,0.0012142,1
Loligo,2025,0.01120204,0.0011202,1
Megabenthos,1985,0.05781833,0.00578183,1
Megabenthos,1986,0.04594796,0.0045948,1
Megabenthos,1987,0.06082317,0.00608232,1
Megabenthos,1988,0.09445889,0.00944589,1
Megabenthos,1989,0.09105921,0.00910592,1
Megabenthos,1990,0.10102505,0.0101025,1
Megabenthos,1991,0.12121345,0.01212134,1
Megabenthos,1992,0.13204918,0.01320492,1
Megabenthos,1993,0.14595854,0.01459585,1
Megabenthos,1994,0.03884228,0.00388423,1
Megabenthos,1995,0.04069093,0.00406909,1
Megabenthos,1996,0.07461471,0.00746147,1
Megabenthos,1997,0.09679155,0.00967916,1
Megabenthos,1998,0.07194234,0.00719423,1
Megabenthos,1999,0.0571623,0.00571623,1
Megabenthos,2000,0.11818499,0.0118185,1
Megabenthos,2001,0.19530966,0.01953097,1
Megabenthos,2002,0.16289083,0.01628908,1
Megabenthos,2003,0.14099501,0.0140995,1
Megabenthos,2004,0.16732217,0.01673222,1
Megabenthos,2005,0.09970032,0.00997003,1
Megabenthos,2006,0.07633671,0.00763367,1
Megabenthos,2007,0.14734098,0.0147341,1
Megabenthos,2008,0.09125005,0.009125,1
Megabenthos,2009,0.08662299,0.0086623,1
Megabenthos,2010,0.08441017,0.00844102,1
Megabenthos,2011,0.09666202,0.0096662,1
Megabenthos,2012,0.09279171,0.00927917,1
Megabenthos,2013,0.09298603,0.0092986,1
Megabenthos,2014,0.15268829,0.01526883,1
Megabenthos,2015,0.11619721,0.01161972,1
Megabenthos,2016,0.16118904,0.0161189,1
Megabenthos,2017,0.12392763,0.01239276,1
Megabenthos,2018,0.16079831,0.01607983,1
Megabenthos,2019,0.08046379,0.00804638,1
Megabenthos,2020,0.11497665,0.01149767,1
Megabenthos,2021,0.06937022,0.00693702,1
Megabenthos,2022,0.06198926,0.00619893,1
Megabenthos,2023,0.06543295,0.00654329,1
Megabenthos,2024,0.04175914,0.00417591,1
Megabenthos,2025,0.04243219,0.00424322,1
Mesopelagics,1985,2.472e-5,2.47e-6,1
Mesopelagics,1986,3.581e-5,3.58e-6,1
Mesopelagics,1987,4.391e-5,4.39e-6,1
Mesopelagics,1988,3.565e-5,3.56e-6,1
Mesopelagics,1989,4.699e-5,4.7e-6,1
Mesopelagics,1990,7.589e-5,7.59e-6,1
Mesopelagics,1991,3.252e-5,3.25e-6,1
Mesopelagics,1992,3.145e-5,3.14e-6,1
Mesopelagics,1993,2.05e-5,2.05e-6,1
Mesopelagics,1994,1.223e-5,1.22e-6,1
Mesopelagics,1995,2.273e-5,2.27e-6,1
Mesopelagics,1996,8.22e-6,8.2e-7,1
Mesopelagics,1997,7.96e-6,8e-7,1
Mesopelagics,1998,1.429e-5,1.43e-6,1
Mesopelagics,1999,7.02e-6,7e-7,1
Mesopelagics,2000,9.65e-6,9.6e-7,1
Mesopelagics,2001,1.072e-5,1.07e-6,1
Mesopelagics,2002,1.439e-5,1.44e-6,1
Mesopelagics,2003,4.5e-5,4.5e-6,1
Mesopelagics,2004,7.38e-6,7.4e-7,1
Mesopelagics,2005,8.77e-6,8.8e-7,1
Mesopelagics,2006,5.98e-6,6e-7,1
Mesopelagics,2007,2.32e-5,2.32e-6,1
Mesopelagics,2008,7.28e-6,7.3e-7,1
Mesopelagics,2009,4.8e-6,4.8e-7,1
Mesopelagics,2010,5.42e-6,5.4e-7,1
Mesopelagics,2011,9.18e-6,9.2e-7,1
Mesopelagics,2012,4.93e-5,4.93e-6,1
Mesopelagics,2013,1.178e-5,1.18e-6,1
Mesopelagics,2014,1.101e-5,1.1e-6,1
Mesopelagics,2015,8.31e-6,8.3e-7,1
Mesopelagics,2016,1.439e-5,1.44e-6,1
Mesopelagics,2017,7.27e-6,7.3e-7,1
Mesopelagics,2018,1.779e-5,1.78e-6,1
Mesopelagics,2019,1.117e-5,1.12e-6,1
Mesopelagics,2020,7.65e-6,7.6e-7,1
Mesopelagics,2021,5.49e-6,5.5e-7,1
Mesopelagics,2022,2.51e-6,2.5e-7,1
Mesopelagics,2023,3.29e-6,3.3e-7,1
Mesopelagics,2024,5.53e-6,5.5e-7,1
Mesopelagics,2025,2.79e-6,2.8e-7,1
OceanPout,1985,0.00788096,7.881e-4,1
OceanPout,1986,0.00624348,6.2435e-4,1
OceanPout,1987,0.00752574,7.5257e-4,1
OceanPout,1988,0.00803949,8.0395e-4,1
OceanPout,1989,0.02204109,0.00220411,1
OceanPout,1990,0.03415574,0.00341557,1
OceanPout,1991,0.01784238,0.00178424,1
OceanPout,1992,0.01381375,0.00138138,1
OceanPout,1993,0.01549733,0.00154973,1
OceanPout,1994,0.00927221,9.2722e-4,1
OceanPout,1995,0.00403116,4.0312e-4,1
OceanPout,1996,0.01594965,0.00159496,1
OceanPout,1997,0.00276493,2.7649e-4,1
OceanPout,1998,0.00460947,4.6095e-4,1
OceanPout,1999,0.00527947,5.2795e-4,1
OceanPout,2000,0.00928287,9.2829e-4,1
OceanPout,2001,0.00714691,7.1469e-4,1
OceanPout,2002,0.00556553,5.5655e-4,1
OceanPout,2003,0.00453674,4.5367e-4,1
OceanPout,2004,0.00427193,4.2719e-4,1
OceanPout,2005,0.00244255,2.4426e-4,1
OceanPout,2006,0.00188751,1.8875e-4,1
OceanPout,2007,0.00266869,2.6687e-4,1
OceanPout,2008,0.00123431,1.2343e-4,1
OceanPout,2009,0.00170276,1.7028e-4,1
OceanPout,2010,0.00267882,2.6788e-4,1
OceanPout,2011,0.00131708,1.3171e-4,1
OceanPout,2012,6.0605e-4,6.061e-5,1
OceanPout,2013,4.2775e-4,4.278e-5,1
OceanPout,2014,7.2973e-4,7.297e-5,1
OceanPout,2015,0.00111416,1.1142e-4,1
OceanPout,2016,0.00107007,1.0701e-4,1
OceanPout,2017,8.6227e-4,8.623e-5,1
OceanPout,2018,0.00115757,1.1576e-4,1
OceanPout,2019,8.0385e-4,8.038e-5,1
OceanPout,2020,0.00109999,1.1e-4,1
OceanPout,2021,6.941e-4,6.941e-5,1
OceanPout,2022,5.1238e-4,5.124e-5,1
OceanPout,2023,7.9681e-4,7.968e-5,1
OceanPout,2024,0.00171048,1.7105e-4,1
OceanPout,2025,6.7478e-4,6.748e-5,1
OceanQuahog,1985,4.2747e-4,4.275e-5,1
OceanQuahog,1986,0.00177275,1.7728e-4,1
OceanQuahog,1987,4.5962e-4,4.596e-5,1
OceanQuahog,1988,5.2578e-4,5.258e-5,1
OceanQuahog,1989,0.0017433,1.7433e-4,1
OceanQuahog,1990,0.00322029,3.2203e-4,1
OceanQuahog,1991,4.5652e-4,4.565e-5,1
OceanQuahog,1992,5.1822e-4,5.182e-5,1
OceanQuahog,1993,4.852e-4,4.852e-5,1
OceanQuahog,1994,4.3939e-4,4.394e-5,1
OceanQuahog,1995,0.02167975,0.00216798,1
OceanQuahog,1996,0.0185865,0.00185865,1
OceanQuahog,1997,0.05130742,0.00513074,1
OceanQuahog,1998,0.02226029,0.00222603,1
OceanQuahog,1999,0.01372151,0.00137215,1
OceanQuahog,2000,0.02591053,0.00259105,1
OceanQuahog,2001,0.0072248,7.2248e-4,1
OceanQuahog,2002,4.2273e-4,4.227e-5,1
OceanQuahog,2003,0.00415462,4.1546e-4,1
OceanQuahog,2004,0.00615965,6.1597e-4,1
OceanQuahog,2005,7.4793e-4,7.479e-5,1
OceanQuahog,2006,0.0046738,4.6738e-4,1
OceanQuahog,2007,0.00474032,4.7403e-4,1
OceanQuahog,2008,5.0259e-4,5.026e-5,1
OceanQuahog,2009,3.6402e-4,3.64e-5,1
OceanQuahog,2010,0.00197765,1.9777e-4,1
OceanQuahog,2011,2.492e-4,2.492e-5,1
OceanQuahog,2012,0.00306971,3.0697e-4,1
OceanQuahog,2013,0.00456905,4.5691e-4,1
OceanQuahog,2014,0.01187827,0.00118783,1
OceanQuahog,2015,0.00171848,1.7185e-4,1
OceanQuahog,2016,0.00521652,5.2165e-4,1
OceanQuahog,2017,0.01876472,0.00187647,1
OceanQuahog,2018,0.02658594,0.00265859,1
OceanQuahog,2019,0.03080791,0.00308079,1
OceanQuahog,2020,0.05938732,0.00593873,1
OceanQuahog,2021,0.06280375,0.00628037,1
OceanQuahog,2022,0.12031074,0.01203107,1
OceanQuahog,2023,0.01806099,0.0018061,1
OceanQuahog,2024,0.00976232,9.7623e-4,1
OceanQuahog,2025,0.06986529,0.00698653,1
OtherCephalopods,1985,5.6165e-4,5.617e-5,1
OtherCephalopods,1986,5.2518e-4,5.252e-5,1
OtherCephalopods,1987,4.3966e-4,4.397e-5,1
OtherCephalopods,1988,4.7535e-4,4.753e-5,1
OtherCephalopods,1989,0.00120811,1.2081e-4,1
OtherCephalopods,1990,0.00326696,3.267e-4,1
OtherCephalopods,1991,5.7994e-4,5.799e-5,1
OtherCephalopods,1992,5.1717e-4,5.172e-5,1
OtherCephalopods,1993,5.22e-4,5.22e-5,1
OtherCephalopods,1994,1.4266e-4,1.427e-5,1
OtherCephalopods,1995,6.555e-4,6.555e-5,1
OtherCephalopods,1996,1.6898e-4,1.69e-5,1
OtherCephalopods,1997,5.1137e-4,5.114e-5,1
OtherCephalopods,1998,3.9364e-4,3.936e-5,1
OtherCephalopods,1999,3.6066e-4,3.607e-5,1
OtherCephalopods,2000,3.327e-4,3.327e-5,1
OtherCephalopods,2001,8.5087e-4,8.509e-5,1
OtherCephalopods,2002,2.9195e-4,2.92e-5,1
OtherCephalopods,2003,6.7798e-4,6.78e-5,1
OtherCephalopods,2004,2.7279e-4,2.728e-5,1
OtherCephalopods,2005,3.6961e-4,3.696e-5,1
OtherCephalopods,2006,2.9827e-4,2.983e-5,1
OtherCephalopods,2007,3.6224e-4,3.622e-5,1
OtherCephalopods,2008,2.0418e-4,2.042e-5,1
OtherCephalopods,2009,2.4291e-4,2.429e-5,1
OtherCephalopods,2010,1.7127e-4,1.713e-5,1
OtherCephalopods,2011,2.9907e-4,2.991e-5,1
OtherCephalopods,2012,3.7369e-4,3.737e-5,1
OtherCephalopods,2013,3.2303e-4,3.23e-5,1
OtherCephalopods,2014,2.8416e-4,2.842e-5,1
OtherCephalopods,2015,2.4972e-4,2.497e-5,1
OtherCephalopods,2016,2.6681e-4,2.668e-5,1
OtherCephalopods,2017,3.7208e-4,3.721e-5,1
OtherCephalopods,2018,3.0605e-4,3.061e-5,1
OtherCephalopods,2019,3.378e-4,3.378e-5,1
OtherCephalopods,2020,4.4041e-4,4.404e-5,1
OtherCephalopods,2021,1.8579e-4,1.858e-5,1
OtherCephalopods,2022,1.0656e-4,1.066e-5,1
OtherCephalopods,2023,1.6456e-4,1.646e-5,1
OtherCephalopods,2024,1.4426e-4,1.443e-5,1
OtherCephalopods,2025,1.4605e-4,1.46e-5,1
OtherDemersals,1985,0.08716193,0.00871619,1
OtherDemersals,1986,0.072921,0.0072921,1
OtherDemersals,1987,0.07269226,0.00726923,1
OtherDemersals,1988,0.08354827,0.00835483,1
OtherDemersals,1989,0.09942111,0.00994211,1
OtherDemersals,1990,0.11663021,0.01166302,1
OtherDemersals,1991,0.10305873,0.01030587,1
OtherDemersals,1992,0.10696083,0.01069608,1
OtherDemersals,1993,0.12944785,0.01294478,1
OtherDemersals,1994,0.07852752,0.00785275,1
OtherDemersals,1995,0.04347752,0.00434775,1
OtherDemersals,1996,0.06638414,0.00663841,1
OtherDemersals,1997,0.05859758,0.00585976,1
OtherDemersals,1998,0.08437095,0.0084371,1
OtherDemersals,1999,0.06415993,0.00641599,1
OtherDemersals,2000,0.0924113,0.00924113,1
OtherDemersals,2001,0.14287499,0.0142875,1
OtherDemersals,2002,0.13016313,0.01301631,1
OtherDemersals,2003,0.12571066,0.01257107,1
OtherDemersals,2004,0.14441615,0.01444162,1
OtherDemersals,2005,0.08148726,0.00814873,1
OtherDemersals,2006,0.06722491,0.00672249,1
OtherDemersals,2007,0.067925170000000007,0.00679252,1
OtherDemersals,2008,0.04805583,0.00480558,1
OtherDemersals,2009,0.06161033,0.00616103,1
OtherDemersals,2010,0.06723206,0.00672321,1
OtherDemersals,2011,0.09590458,0.00959046,1
OtherDemersals,2012,0.08869636,0.00886964,1
OtherDemersals,2013,0.09234891,0.00923489,1
OtherDemersals,2014,0.09892866,0.00989287,1
OtherDemersals,2015,0.08635537,0.00863554,1
OtherDemersals,2016,0.07592386,0.00759239,1
OtherDemersals,2017,0.07991397,0.0079914,1
OtherDemersals,2018,0.08398579,0.00839858,1
OtherDemersals,2019,0.0844978,0.00844978,1
OtherDemersals,2020,0.11993714,0.01199371,1
OtherDemersals,2021,0.05789858,0.00578986,1
OtherDemersals,2022,0.03746414,0.00374641,1
OtherDemersals,2023,0.04546028,0.00454603,1
OtherDemersals,2024,0.07782722,0.00778272,1
OtherDemersals,2025,0.09974461,0.00997446,1
OtherPelagics,1985,0.01107557,0.00110756,1
OtherPelagics,1986,0.01452586,0.00145259,1
OtherPelagics,1987,0.01784686,0.00178469,1
OtherPelagics,1988,0.01429383,0.00142938,1
OtherPelagics,1989,0.01808832,0.00180883,1
OtherPelagics,1990,0.02173335,0.00217333,1
OtherPelagics,1991,0.01082349,0.00108235,1
OtherPelagics,1992,0.02657394,0.00265739,1
OtherPelagics,1993,0.00806914,8.0691e-4,1
OtherPelagics,1994,0.00408615,4.0861e-4,1
OtherPelagics,1995,0.00758322,7.5832e-4,1
OtherPelagics,1996,0.0029067,2.9067e-4,1
OtherPelagics,1997,0.00307461,3.0746e-4,1
OtherPelagics,1998,0.00753212,7.5321e-4,1
OtherPelagics,1999,0.00244524,2.4452e-4,1
OtherPelagics,2000,0.00270795,2.7079e-4,1
OtherPelagics,2001,0.00435582,4.3558e-4,1
OtherPelagics,2002,0.0043369,4.3369e-4,1
OtherPelagics,2003,0.00269915,2.6991e-4,1
OtherPelagics,2004,0.00248418,2.4842e-4,1
OtherPelagics,2005,0.00194661,1.9466e-4,1
OtherPelagics,2006,0.00216781,2.1678e-4,1
OtherPelagics,2007,0.00447375,4.4737e-4,1
OtherPelagics,2008,0.00164424,1.6442e-4,1
OtherPelagics,2009,8.9842e-4,8.984e-5,1
OtherPelagics,2010,9.0936e-4,9.094e-5,1
OtherPelagics,2011,0.00577653,5.7765e-4,1
OtherPelagics,2012,0.00453563,4.5356e-4,1
OtherPelagics,2013,0.00194199,1.942e-4,1
OtherPelagics,2014,0.00351627,3.5163e-4,1
OtherPelagics,2015,0.00139985,1.3998e-4,1
OtherPelagics,2016,8.7227e-4,8.723e-5,1
OtherPelagics,2017,0.00214367,2.1437e-4,1
OtherPelagics,2018,0.00666682,6.6668e-4,1
OtherPelagics,2019,0.00448107,4.4811e-4,1
OtherPelagics,2020,0.00401289,4.0129e-4,1
OtherPelagics,2021,0.00143232,1.4323e-4,1
OtherPelagics,2022,8.2449e-4,8.245e-5,1
OtherPelagics,2023,7.7414e-4,7.741e-5,1
OtherPelagics,2024,0.00512406,5.1241e-4,1
OtherPelagics,2025,7.0688e-4,7.069e-5,1
OtherShrimps,1985,0.00160282,1.6028e-4,1
OtherShrimps,1986,6.405e-4,6.405e-5,1
OtherShrimps,1987,0.00373759,3.7376e-4,1
OtherShrimps,1988,0.00358772,3.5877e-4,1
OtherShrimps,1989,0.00107198,1.072e-4,1
OtherShrimps,1990,8.5744e-4,8.574e-5,1
OtherShrimps,1991,0.00126208,1.2621e-4,1
OtherShrimps,1992,0.00116789,1.1679e-4,1
OtherShrimps,1993,6.7838e-4,6.784e-5,1
OtherShrimps,1994,5.2891e-4,5.289e-5,1
OtherShrimps,1995,7.3981e-4,7.398e-5,1
OtherShrimps,1996,9.0257e-4,9.026e-5,1
OtherShrimps,1997,5.7411e-4,5.741e-5,1
OtherShrimps,1998,1.7449e-4,1.745e-5,1
OtherShrimps,1999,1.8316e-4,1.832e-5,1
OtherShrimps,2000,8.447e-5,8.45e-6,1
OtherShrimps,2001,1.7677e-4,1.768e-5,1
OtherShrimps,2002,1.0852e-4,1.085e-5,1
OtherShrimps,2003,3.5353e-4,3.535e-5,1
OtherShrimps,2004,1.3551e-4,1.355e-5,1
OtherShrimps,2005,1.623e-4,1.623e-5,1
OtherShrimps,2006,2.7667e-4,2.767e-5,1
OtherShrimps,2007,4.2482e-4,4.248e-5,1
OtherShrimps,2008,9.694e-5,9.69e-6,1
OtherShrimps,2009,1.7751e-4,1.775e-5,1
OtherShrimps,2010,1.2532e-4,1.253e-5,1
OtherShrimps,2011,1.9015e-4,1.902e-5,1
OtherShrimps,2012,2.0506e-4,2.051e-5,1
OtherShrimps,2013,1.7731e-4,1.773e-5,1
OtherShrimps,2014,2.2962e-4,2.296e-5,1
OtherShrimps,2015,2.3607e-4,2.361e-5,1
OtherShrimps,2016,1.5122e-4,1.512e-5,1
OtherShrimps,2017,3.137e-4,3.137e-5,1
OtherShrimps,2018,2.4949e-4,2.495e-5,1
OtherShrimps,2019,4.3913e-4,4.391e-5,1
OtherShrimps,2020,5.1264e-4,5.126e-5,1
OtherShrimps,2021,1.9503e-4,1.95e-5,1
OtherShrimps,2022,6.099e-5,6.1e-6,1
OtherShrimps,2023,9.052e-5,9.05e-6,1
OtherShrimps,2024,1.0733e-4,1.073e-5,1
OtherShrimps,2025,1.4148e-4,1.415e-5,1
OtherSkates,1985,0.15282401,0.0152824,1
OtherSkates,1986,0.13461045,0.01346105,1
OtherSkates,1987,0.13992445,0.01399245,1
OtherSkates,1988,0.15869168,0.01586917,1
OtherSkates,1989,0.35903837,0.03590384,1
OtherSkates,1990,0.50961789,0.05096179,1
OtherSkates,1991,0.76705858,0.07670586,1
OtherSkates,1992,0.38722193,0.03872219,1
OtherSkates,1993,0.31609197,0.0316092,1
OtherSkates,1994,0.10647067,0.01064707,1
OtherSkates,1995,0.1202944,0.01202944,1
OtherSkates,1996,0.15514664,0.01551466,1
OtherSkates,1997,0.05771072,0.00577107,1
OtherSkates,1998,0.13338033,0.01333803,1
OtherSkates,1999,0.11307792,0.01130779,1
OtherSkates,2000,0.0489058,0.00489058,1
OtherSkates,2001,0.05658956,0.00565896,1
OtherSkates,2002,0.11775785,0.01177579,1
OtherSkates,2003,0.08252823,0.00825282,1
OtherSkates,2004,0.14476496,0.0144765,1
OtherSkates,2005,0.15554914,0.01555491,1
OtherSkates,2006,0.14014037,0.01401404,1
OtherSkates,2007,0.08207554,0.00820755,1
OtherSkates,2008,0.07560025,0.00756003,1
OtherSkates,2009,0.04663578,0.00466358,1
OtherSkates,2010,0.066103,0.0066103,1
OtherSkates,2011,0.05453358,0.00545336,1
OtherSkates,2012,0.04674217,0.00467422,1
OtherSkates,2013,0.07190534,0.00719053,1
OtherSkates,2014,0.05753907,0.00575391,1
OtherSkates,2015,0.06409688,0.00640969,1
OtherSkates,2016,0.0591038,0.00591038,1
OtherSkates,2017,0.03009123,0.00300912,1
OtherSkates,2018,0.03065754,0.00306575,1
OtherSkates,2019,0.02048883,0.00204888,1
OtherSkates,2020,0.01715636,0.00171564,1
OtherSkates,2021,0.01081481,0.00108148,1
OtherSkates,2022,0.00432237,4.3224e-4,1
OtherSkates,2023,0.00789247,7.8925e-4,1
OtherSkates,2024,0.00816864,8.1686e-4,1
OtherSkates,2025,0.00883707,8.8371e-4,1
Pollock,1985,0.09174067,0.00917407,1
Pollock,1986,0.13090879,0.01309088,1
Pollock,1987,0.13146656,0.01314666,1
Pollock,1988,0.10583129,0.01058313,1
Pollock,1989,0.08686297,0.0086863,1
Pollock,1990,0.09160221,0.00916022,1
Pollock,1991,0.07722727,0.00772273,1
Pollock,1992,0.09499727,0.00949973,1
Pollock,1993,0.11216117,0.01121612,1
Pollock,1994,0.08155122,0.00815512,1
Pollock,1995,0.03455554,0.00345555,1
Pollock,1996,0.03513484,0.00351348,1
Pollock,1997,0.04541249,0.00454125,1
Pollock,1998,0.06259175,0.00625918,1
Pollock,1999,0.04747437,0.00474744,1
Pollock,2000,0.04409229,0.00440923,1
Pollock,2001,0.05538843,0.00553884,1
Pollock,2002,0.0558137,0.00558137,1
Pollock,2003,0.02829598,0.0028296,1
Pollock,2004,0.06443833,0.00644383,1
Pollock,2005,0.06096318,0.00609632,1
Pollock,2006,0.04086468,0.00408647,1
Pollock,2007,0.04530408,0.00453041,1
Pollock,2008,0.03835934,0.00383593,1
Pollock,2009,0.03713413,0.00371341,1
Pollock,2010,0.04295899,0.0042959,1
Pollock,2011,0.06985909,0.00698591,1
Pollock,2012,0.0551758,0.00551758,1
Pollock,2013,0.01859572,0.00185957,1
Pollock,2014,0.03159653,0.00315965,1
Pollock,2015,0.03972232,0.00397223,1
Pollock,2016,0.04110106,0.00411011,1
Pollock,2017,0.028259,0.0028259,1
Pollock,2018,0.02431754,0.00243175,1
Pollock,2019,0.02327842,0.00232784,1
Pollock,2020,0.01174415,0.00117442,1
Pollock,2021,0.0122237,0.00122237,1
Pollock,2022,0.01103146,0.00110315,1
Pollock,2023,0.01731648,0.00173165,1
Pollock,2024,0.01124558,0.00112456,1
Pollock,2025,0.00705568,7.0557e-4,1
RedHake,1985,0.07256364,0.00725636,1
RedHake,1986,0.06465729,0.00646573,1
RedHake,1987,0.0613697,0.00613697,1
RedHake,1988,0.07327874,0.00732787,1
RedHake,1989,0.10088602,0.0100886,1
RedHake,1990,0.06633115,0.00663311,1
RedHake,1991,0.11049702,0.0110497,1
RedHake,1992,0.04631621,0.00463162,1
RedHake,1993,0.06302347,0.00630235,1
RedHake,1994,0.17273275,0.01727328,1
RedHake,1995,0.01085234,0.00108523,1
RedHake,1996,0.03177967,0.00317797,1
RedHake,1997,0.05494569,0.00549457,1
RedHake,1998,0.04500703,0.0045007,1
RedHake,1999,0.04926067,0.00492607,1
RedHake,2000,0.1287159,0.01287159,1
RedHake,2001,0.02216376,0.00221638,1
RedHake,2002,0.00444722,4.4472e-4,1
RedHake,2003,0.01984749,0.00198475,1
RedHake,2004,0.01865374,0.00186537,1
RedHake,2005,0.0102183,0.00102183,1
RedHake,2006,0.02136721,0.00213672,1
RedHake,2007,0.06414218,0.00641422,1
RedHake,2008,0.00857629,8.5763e-4,1
RedHake,2009,0.01176068,0.00117607,1
RedHake,2010,0.01739893,0.00173989,1
RedHake,2011,0.03354157,0.00335416,1
RedHake,2012,0.02546633,0.00254663,1
RedHake,2013,0.0265753,0.00265753,1
RedHake,2014,0.02413322,0.00241332,1
RedHake,2015,0.02403538,0.00240354,1
RedHake,2016,0.04731638,0.00473164,1
RedHake,2017,0.02468732,0.00246873,1
RedHake,2018,0.01467937,0.00146794,1
RedHake,2019,0.0540686,0.00540686,1
RedHake,2020,0.00428005,4.2801e-4,1
RedHake,2021,0.00605595,6.056e-4,1
RedHake,2022,0.01229632,0.00122963,1
RedHake,2023,0.01907221,0.00190722,1
RedHake,2024,0.04291982,0.00429198,1
RedHake,2025,0.0363299,0.00363299,1
Redfish,1985,0.02757038,0.00275704,1
Redfish,1986,0.01956787,0.00195679,1
Redfish,1987,0.01612995,0.001613,1
Redfish,1988,0.01308575,0.00130857,1
Redfish,1989,0.0052032,5.2032e-4,1
Redfish,1990,0.00640186,6.4019e-4,1
Redfish,1991,0.00603967,6.0397e-4,1
Redfish,1992,0.0083572,8.3572e-4,1
Redfish,1993,0.01000366,0.00100037,1
Redfish,1994,0.00519773,5.1977e-4,1
Redfish,1995,0.0046957,4.6957e-4,1
Redfish,1996,0.00378227,3.7823e-4,1
Redfish,1997,0.01529289,0.00152929,1
Redfish,1998,0.00610345,6.1035e-4,1
Redfish,1999,0.00523956,5.2396e-4,1
Redfish,2000,0.00433048,4.3305e-4,1
Redfish,2001,0.0073911,7.3911e-4,1
Redfish,2002,0.0061945,6.1945e-4,1
Redfish,2003,0.00327912,3.2791e-4,1
Redfish,2004,0.00533273,5.3327e-4,1
Redfish,2005,0.00704241,7.0424e-4,1
Redfish,2006,0.00799786,7.9979e-4,1
Redfish,2007,0.01492432,0.00149243,1
Redfish,2008,0.0086548,8.6548e-4,1
Redfish,2009,0.01022052,0.00102205,1
Redfish,2010,0.0138944,0.00138944,1
Redfish,2011,0.01980216,0.00198022,1
Redfish,2012,0.01908491,0.00190849,1
Redfish,2013,0.01926616,0.00192662,1
Redfish,2014,0.02146233,0.00214623,1
Redfish,2015,0.02236943,0.00223694,1
Redfish,2016,0.02131524,0.00213152,1
Redfish,2017,0.02718513,0.00271851,1
Redfish,2018,0.01721519,0.00172152,1
Redfish,2019,0.01853557,0.00185356,1
Redfish,2020,0.02457833,0.00245783,1
Redfish,2021,0.02129199,0.0021292,1
Redfish,2022,0.01590904,0.0015909,1
Redfish,2023,0.02171559,0.00217156,1
Redfish,2024,0.02809483,0.00280948,1
Redfish,2025,0.02390671,0.00239067,1
RiverHerring,1985,0.00617934,6.1793e-4,1
RiverHerring,1986,0.00540167,5.4017e-4,1
RiverHerring,1987,0.00467384,4.6738e-4,1
RiverHerring,1988,0.00579717,5.7972e-4,1
RiverHerring,1989,9.8012e-4,9.801e-5,1
RiverHerring,1990,0.00102381,1.0238e-4,1
RiverHerring,1991,0.01156022,0.00115602,1
RiverHerring,1992,0.01060679,0.00106068,1
RiverHerring,1993,0.01175155,0.00117516,1
RiverHerring,1994,0.00471594,4.7159e-4,1
RiverHerring,1995,0.001864,1.864e-4,1
RiverHerring,1996,0.00113965,1.1396e-4,1
RiverHerring,1997,0.00289413,2.8941e-4,1
RiverHerring,1998,0.00315157,3.1516e-4,1
RiverHerring,1999,0.0044326,4.4326e-4,1
RiverHerring,2000,0.0017219,1.7219e-4,1
RiverHerring,2001,9.8201e-4,9.82e-5,1
RiverHerring,2002,0.00237895,2.379e-4,1
RiverHerring,2003,0.01486135,0.00148613,1
RiverHerring,2004,0.00270826,2.7083e-4,1
RiverHerring,2005,0.00215058,2.1506e-4,1
RiverHerring,2006,4.7347e-4,4.735e-5,1
RiverHerring,2007,0.0034451,3.4451e-4,1
RiverHerring,2008,3.5978e-4,3.598e-5,1
RiverHerring,2009,2.7006e-4,2.701e-5,1
RiverHerring,2010,0.00213551,2.1355e-4,1
RiverHerring,2011,0.00317213,3.1721e-4,1
RiverHerring,2012,0.00226709,2.2671e-4,1
RiverHerring,2013,0.00358741,3.5874e-4,1
RiverHerring,2014,0.00416347,4.1635e-4,1
RiverHerring,2015,0.00418346,4.1835e-4,1
RiverHerring,2016,0.00292486,2.9249e-4,1
RiverHerring,2017,0.00557654,5.5765e-4,1
RiverHerring,2018,0.00410818,4.1082e-4,1
RiverHerring,2019,0.00827432,8.2743e-4,1
RiverHerring,2020,0.00813971,8.1397e-4,1
RiverHerring,2021,0.00349278,3.4928e-4,1
RiverHerring,2022,0.00143752,1.4375e-4,1
RiverHerring,2023,0.00198289,1.9829e-4,1
RiverHerring,2024,0.00203806,2.0381e-4,1
RiverHerring,2025,0.00254729,2.5473e-4,1
Scup,1985,3.5191e-4,3.519e-5,1
Scup,1986,4.3818e-4,4.382e-5,1
Scup,1987,4.5744e-4,4.574e-5,1
Scup,1988,1.8204e-4,1.82e-5,1
Scup,1989,0.0020397,2.0397e-4,1
Scup,1990,5.7285e-4,5.728e-5,1
Scup,1991,8.3642e-4,8.364e-5,1
Scup,1992,7.9379e-4,7.938e-5,1
Scup,1993,5.8141e-4,5.814e-5,1
Scup,1994,9.7439e-4,9.744e-5,1
Scup,1995,2.0601e-4,2.06e-5,1
Scup,1996,2.2092e-4,2.209e-5,1
Scup,1997,1.7858e-4,1.786e-5,1
Scup,1998,2.1017e-4,2.102e-5,1
Scup,1999,1.0403e-4,1.04e-5,1
Scup,2000,2.4458e-4,2.446e-5,1
Scup,2001,1.873e-4,1.873e-5,1
Scup,2002,2.7184e-4,2.718e-5,1
Scup,2003,3.336e-4,3.336e-5,1
Scup,2004,0.00334087,3.3409e-4,1
Scup,2005,5.3899e-4,5.39e-5,1
Scup,2006,0.00126622,1.2662e-4,1
Scup,2007,7.3763e-4,7.376e-5,1
Scup,2008,2.9199e-4,2.92e-5,1
Scup,2009,5.0981e-4,5.098e-5,1
Scup,2010,9.7604e-4,9.76e-5,1
Scup,2011,0.00168534,1.6853e-4,1
Scup,2012,0.00250916,2.5092e-4,1
Scup,2013,0.00270221,2.7022e-4,1
Scup,2014,0.00127246,1.2725e-4,1
Scup,2015,0.00105152,1.0515e-4,1
Scup,2016,0.00201545,2.0155e-4,1
Scup,2017,0.00120437,1.2044e-4,1
Scup,2018,0.00101836,1.0184e-4,1
Scup,2019,6.4288e-4,6.429e-5,1
Scup,2020,3.8536e-4,3.854e-5,1
Scup,2021,1.6385e-4,1.638e-5,1
Scup,2022,2.0279e-4,2.028e-5,1
Scup,2023,1.7792e-4,1.779e-5,1
Scup,2024,7.3722e-4,7.372e-5,1
Scup,2025,1.6108e-4,1.611e-5,1
Sharks,1985,0.051324,0.0051324,1
Sharks,1986,0.05138146,0.00513815,1
Sharks,1987,0.05453697,0.0054537,1
Sharks,1988,0.04484162,0.00448416,1
Sharks,1989,0.0405968,0.00405968,1
Sharks,1990,0.05203717,0.00520372,1
Sharks,1991,0.04043187,0.00404319,1
Sharks,1992,0.03240981,0.00324098,1
Sharks,1993,0.02911907,0.00291191,1
Sharks,1994,0.04474207,0.00447421,1
Sharks,1995,0.03429409,0.00342941,1
Sharks,1996,0.06224594,0.00622459,1
Sharks,1997,0.118934,0.0118934,1
Sharks,1998,0.37091183,0.03709118,1
Sharks,1999,0.11481991,0.01148199,1
Sharks,2000,0.2492847,0.02492847,1
Sharks,2001,0.63753047,0.06375305,1
Sharks,2002,0.29210116,0.02921012,1
Sharks,2003,0.35906279,0.03590628,1
Sharks,2004,0.36357947,0.03635795,1
Sharks,2005,0.32427264,0.03242726,1
Sharks,2006,0.30689159,0.03068916,1
Sharks,2007,0.28928087,0.02892809,1
Sharks,2008,0.26572623,0.02657262,1
Sharks,2009,0.38561033,0.03856103,1
Sharks,2010,0.282945,0.0282945,1
Sharks,2011,0.49109289,0.04910929,1
Sharks,2012,0.53897249,0.05389725,1
Sharks,2013,0.52288628,0.05228863,1
Sharks,2014,0.56452544,0.05645254,1
Sharks,2015,0.46795727,0.04679573,1
Sharks,2016,0.28690254,0.02869025,1
Sharks,2017,0.23352298,0.0233523,1
Sharks,2018,0.19008042,0.01900804,1
Sharks,2019,0.06670939,0.00667094,1
Sharks,2020,0.07305712,0.00730571,1
Sharks,2021,0.07599155,0.00759916,1
Sharks,2022,0.02420707,0.00242071,1
Sharks,2023,0.09596079,0.00959608,1
Sharks,2024,0.04762575,0.00476258,1
Sharks,2025,0.01388862,0.00138886,1
SilverHake,1985,0.10052888,0.01005289,1
SilverHake,1986,0.10252656,0.01025266,1
SilverHake,1987,0.11009672,0.01100967,1
SilverHake,1988,0.14821307,0.01482131,1
SilverHake,1989,0.20477661,0.02047766,1
SilverHake,1990,0.17750238,0.01775024,1
SilverHake,1991,0.20579207,0.02057921,1
SilverHake,1992,0.14658708,0.01465871,1
SilverHake,1993,0.370742,0.0370742,1
SilverHake,1994,0.27029937,0.02702994,1
SilverHake,1995,0.06473796,0.0064738,1
SilverHake,1996,0.09310778,0.00931078,1
SilverHake,1997,0.09353224,0.00935322,1
SilverHake,1998,0.11898303,0.0118983,1
SilverHake,1999,0.16542994,0.01654299,1
SilverHake,2000,0.24988402,0.0249884,1
SilverHake,2001,0.0852782,0.00852782,1
SilverHake,2002,0.04631014,0.00463101,1
SilverHake,2003,0.1099505,0.01099505,1
SilverHake,2004,0.08706218,0.00870622,1
SilverHake,2005,0.08534763,0.00853476,1
SilverHake,2006,0.04728406,0.00472841,1
SilverHake,2007,0.05263325,0.00526333,1
SilverHake,2008,0.05582998,0.005583,1
SilverHake,2009,0.05193415,0.00519341,1
SilverHake,2010,0.08667293,0.00866729,1
SilverHake,2011,0.10013605,0.0100136,1
SilverHake,2012,0.08449241,0.00844924,1
SilverHake,2013,0.08496959,0.00849696,1
SilverHake,2014,0.0847732,0.00847732,1
SilverHake,2015,0.0752572,0.00752572,1
SilverHake,2016,0.07279081,0.00727908,1
SilverHake,2017,0.05260822,0.00526082,1
SilverHake,2018,0.05538772,0.00553877,1
SilverHake,2019,0.06331284,0.00633128,1
SilverHake,2020,0.05422922,0.00542292,1
SilverHake,2021,0.0627058,0.00627058,1
SilverHake,2022,0.06346975,0.00634698,1
SilverHake,2023,0.06255078,0.00625508,1
SilverHake,2024,0.05898805,0.00589881,1
SilverHake,2025,0.03877326,0.00387733,1
SmPelagics,1985,0.0038982,3.8982e-4,1
SmPelagics,1986,0.00326082,3.2608e-4,1
SmPelagics,1987,0.0040086,4.0086e-4,1
SmPelagics,1988,0.00467224,4.6722e-4,1
SmPelagics,1989,0.00409685,4.0968e-4,1
SmPelagics,1990,0.00511625,5.1163e-4,1
SmPelagics,1991,0.0050099,5.0099e-4,1
SmPelagics,1992,0.00510469,5.1047e-4,1
SmPelagics,1993,0.00494172,4.9417e-4,1
SmPelagics,1994,0.0024798,2.4798e-4,1
SmPelagics,1995,0.00209571,2.0957e-4,1
SmPelagics,1996,0.00493064,4.9306e-4,1
SmPelagics,1997,0.00431295,4.313e-4,1
SmPelagics,1998,0.00443965,4.4397e-4,1
SmPelagics,1999,0.00530195,5.302e-4,1
SmPelagics,2000,0.00530099,5.301e-4,1
SmPelagics,2001,0.00713701,7.137e-4,1
SmPelagics,2002,0.01033497,0.0010335,1
SmPelagics,2003,0.01198744,0.00119874,1
SmPelagics,2004,0.01373146,0.00137315,1
SmPelagics,2005,0.00897107,8.9711e-4,1
SmPelagics,2006,0.00981687,9.8169e-4,1
SmPelagics,2007,0.01055884,0.00105588,1
SmPelagics,2008,0.00546913,5.4691e-4,1
SmPelagics,2009,0.00548306,5.4831e-4,1
SmPelagics,2010,0.00613394,6.1339e-4,1
SmPelagics,2011,0.00562929,5.6293e-4,1
SmPelagics,2012,0.00379971,3.7997e-4,1
SmPelagics,2013,0.00231118,2.3112e-4,1
SmPelagics,2014,0.01244758,0.00124476,1
SmPelagics,2015,0.01466823,0.00146682,1
SmPelagics,2016,0.00568125,5.6813e-4,1
SmPelagics,2017,2.9441e-4,2.944e-5,1
SmPelagics,2018,0.00791572,7.9157e-4,1
SmPelagics,2019,0.00601608,6.0161e-4,1
SmPelagics,2020,4.0446e-4,4.045e-5,1
SmPelagics,2021,0.00660253,6.6025e-4,1
SmPelagics,2022,0.00543861,5.4386e-4,1
SmPelagics,2023,0.00446923,4.4692e-4,1
SmPelagics,2024,0.00146905,1.4691e-4,1
SmPelagics,2025,0.00734312,7.3431e-4,1
SmoothDogfish,1985,0.00134351,1.3435e-4,1
SmoothDogfish,1986,0.00112829,1.1283e-4,1
SmoothDogfish,1987,0.00111259,1.1126e-4,1
SmoothDogfish,1988,0.00128403,1.284e-4,1
SmoothDogfish,1989,6.4472e-4,6.447e-5,1
SmoothDogfish,1990,0.00156417,1.5642e-4,1
SmoothDogfish,1991,0.0014665,1.4665e-4,1
SmoothDogfish,1992,0.00138953,1.3895e-4,1
SmoothDogfish,1993,0.00138269,1.3827e-4,1
SmoothDogfish,1994,7.7104e-4,7.71e-5,1
SmoothDogfish,1995,3.4451e-4,3.445e-5,1
SmoothDogfish,1996,5.2516e-4,5.252e-5,1
SmoothDogfish,1997,7.5231e-4,7.523e-5,1
SmoothDogfish,1998,8.5224e-4,8.522e-5,1
SmoothDogfish,1999,9.0347e-4,9.035e-5,1
SmoothDogfish,2000,0.00122446,1.2245e-4,1
SmoothDogfish,2001,0.00124804,1.248e-4,1
SmoothDogfish,2002,8.2336e-4,8.234e-5,1
SmoothDogfish,2003,4.8461e-4,4.846e-5,1
SmoothDogfish,2004,3.2558e-4,3.256e-5,1
SmoothDogfish,2005,6.3529e-4,6.353e-5,1
SmoothDogfish,2006,4.2975e-4,4.297e-5,1
SmoothDogfish,2007,6.7337e-4,6.734e-5,1
SmoothDogfish,2008,0.00263286,2.6329e-4,1
SmoothDogfish,2009,3.1324e-4,3.132e-5,1
SmoothDogfish,2010,2.6598e-4,2.66e-5,1
SmoothDogfish,2011,6.3334e-4,6.333e-5,1
SmoothDogfish,2012,4.7858e-4,4.786e-5,1
SmoothDogfish,2013,4.7928e-4,4.793e-5,1
SmoothDogfish,2014,2.9413e-4,2.941e-5,1
SmoothDogfish,2015,1.9838e-4,1.984e-5,1
SmoothDogfish,2016,6.4652e-4,6.465e-5,1
SmoothDogfish,2017,5.7087e-4,5.709e-5,1
SmoothDogfish,2018,5.6891e-4,5.689e-5,1
SmoothDogfish,2019,7.3615e-4,7.361e-5,1
SmoothDogfish,2020,0.0022507,2.2507e-4,1
SmoothDogfish,2021,4.6639e-4,4.664e-5,1
SmoothDogfish,2022,9.8818e-4,9.882e-5,1
SmoothDogfish,2023,0.00118326,1.1833e-4,1
SmoothDogfish,2024,0.00154818,1.5482e-4,1
SmoothDogfish,2025,4.3314e-4,4.331e-5,1
SouthernDemersals,1985,0.00764272,7.6427e-4,1
SouthernDemersals,1986,0.01007796,0.0010078,1
SouthernDemersals,1987,0.01923675,0.00192367,1
SouthernDemersals,1988,0.00869248,8.6925e-4,1
SouthernDemersals,1989,0.00309386,3.0939e-4,1
SouthernDemersals,1990,0.00668031,6.6803e-4,1
SouthernDemersals,1991,0.00114513,1.1451e-4,1
SouthernDemersals,1992,0.00285658,2.8566e-4,1
SouthernDemersals,1993,0.00452457,4.5246e-4,1
SouthernDemersals,1994,0.0012094,1.2094e-4,1
SouthernDemersals,1995,6.3779e-4,6.378e-5,1
SouthernDemersals,1996,0.00186339,1.8634e-4,1
SouthernDemersals,1997,7.1804e-4,7.18e-5,1
SouthernDemersals,1998,0.00155605,1.556e-4,1
SouthernDemersals,1999,7.7849e-4,7.785e-5,1
SouthernDemersals,2000,0.00105156,1.0516e-4,1
SouthernDemersals,2001,0.0018481,1.8481e-4,1
SouthernDemersals,2002,0.00215135,2.1514e-4,1
SouthernDemersals,2003,0.00146755,1.4675e-4,1
SouthernDemersals,2004,0.00418484,4.1848e-4,1
SouthernDemersals,2005,0.00114841,1.1484e-4,1
SouthernDemersals,2006,9.4645e-4,9.464e-5,1
SouthernDemersals,2007,9.3168e-4,9.317e-5,1
SouthernDemersals,2008,7.2645e-4,7.265e-5,1
SouthernDemersals,2009,7.369e-4,7.369e-5,1
SouthernDemersals,2010,5.4094e-4,5.409e-5,1
SouthernDemersals,2011,6.7627e-4,6.763e-5,1
SouthernDemersals,2012,5.5116e-4,5.512e-5,1
SouthernDemersals,2013,0.00115433,1.1543e-4,1
SouthernDemersals,2014,0.0013669,1.3669e-4,1
SouthernDemersals,2015,0.00128098,1.281e-4,1
SouthernDemersals,2016,0.00111487,1.1149e-4,1
SouthernDemersals,2017,0.00141173,1.4117e-4,1
SouthernDemersals,2018,9.4642e-4,9.464e-5,1
SouthernDemersals,2019,0.00103545,1.0354e-4,1
SouthernDemersals,2020,0.00173213,1.7321e-4,1
SouthernDemersals,2021,7.3733e-4,7.373e-5,1
SouthernDemersals,2022,0.00112406,1.1241e-4,1
SouthernDemersals,2023,0.00200273,2.0027e-4,1
SouthernDemersals,2024,0.00202568,2.0257e-4,1
SouthernDemersals,2025,4.6905e-4,4.69e-5,1
SpinyDogfish,1985,0.14128578,0.01412858,1
SpinyDogfish,1986,0.13940606,0.01394061,1
SpinyDogfish,1987,0.15483367,0.01548337,1
SpinyDogfish,1988,0.1634244,0.01634244,1
SpinyDogfish,1989,0.20559625,0.02055963,1
SpinyDogfish,1990,0.26836453,0.02683645,1
SpinyDogfish,1991,0.25399913,0.02539991,1
SpinyDogfish,1992,0.21294197,0.0212942,1
SpinyDogfish,1993,0.16438022,0.01643802,1
SpinyDogfish,1994,0.26942136,0.02694214,1
SpinyDogfish,1995,0.1417084,0.01417084,1
SpinyDogfish,1996,0.17932802,0.0179328,1
SpinyDogfish,1997,0.63031734,0.06303173,1
SpinyDogfish,1998,0.12885138,0.01288514,1
SpinyDogfish,1999,0.14553276,0.01455328,1
SpinyDogfish,2000,0.1832034,0.01832034,1
SpinyDogfish,2001,0.14936112000000001,0.01493611,1
SpinyDogfish,2002,0.17317394,0.01731739,1
SpinyDogfish,2003,0.1064181,0.01064181,1
SpinyDogfish,2004,0.07832306,0.00783231,1
SpinyDogfish,2005,0.04085343,0.00408534,1
SpinyDogfish,2006,0.12736729,0.01273673,1
SpinyDogfish,2007,0.12246205,0.0122462,1
SpinyDogfish,2008,0.04401916,0.00440192,1
SpinyDogfish,2009,0.06641592,0.00664159,1
SpinyDogfish,2010,0.06901622,0.00690162,1
SpinyDogfish,2011,0.08012072,0.00801207,1
SpinyDogfish,2012,0.10657627,0.01065763,1
SpinyDogfish,2013,0.07559914,0.00755991,1
SpinyDogfish,2014,0.11865734,0.01186573,1
SpinyDogfish,2015,0.10495821,0.01049582,1
SpinyDogfish,2016,0.13201579,0.01320158,1
SpinyDogfish,2017,0.1026608,0.01026608,1
SpinyDogfish,2018,0.08108811,0.00810881,1
SpinyDogfish,2019,0.07440745,0.00744074,1
SpinyDogfish,2020,0.06318895,0.0063189,1
SpinyDogfish,2021,0.04550367,0.00455037,1
SpinyDogfish,2022,0.04412695,0.0044127,1
SpinyDogfish,2023,0.05150339,0.00515034,1
SpinyDogfish,2024,0.03675767,0.00367577,1
SpinyDogfish,2025,0.01463664,0.00146366,1
SummerFlounder,1985,0.03162527,0.00316253,1
SummerFlounder,1986,0.02764417,0.00276442,1
SummerFlounder,1987,0.02270771,0.00227077,1
SummerFlounder,1988,0.0254816,0.00254816,1
SummerFlounder,1989,0.01743106,0.00174311,1
SummerFlounder,1990,0.00817166,8.1717e-4,1
SummerFlounder,1991,0.00632346,6.3235e-4,1
SummerFlounder,1992,0.01013412,0.00101341,1
SummerFlounder,1993,0.00876382,8.7638e-4,1
SummerFlounder,1994,0.00954724,9.5472e-4,1
SummerFlounder,1995,0.00805423,8.0542e-4,1
SummerFlounder,1996,0.00595543,5.9554e-4,1
SummerFlounder,1997,0.00242114,2.4211e-4,1
SummerFlounder,1998,0.00752879,7.5288e-4,1
SummerFlounder,1999,0.00687114,6.8711e-4,1
SummerFlounder,2000,0.00789953,7.8995e-4,1
SummerFlounder,2001,0.00406554,4.0655e-4,1
SummerFlounder,2002,0.00680984,6.8098e-4,1
SummerFlounder,2003,0.00803686,8.0369e-4,1
SummerFlounder,2004,0.00846729,8.4673e-4,1
SummerFlounder,2005,0.01862549,0.00186255,1
SummerFlounder,2006,0.01464555,0.00146455,1
SummerFlounder,2007,0.02179504,0.0021795,1
SummerFlounder,2008,0.01138764,0.00113876,1
SummerFlounder,2009,0.0063278,6.3278e-4,1
SummerFlounder,2010,0.01473516,0.00147352,1
SummerFlounder,2011,0.00809561,8.0956e-4,1
SummerFlounder,2012,0.00817576,8.1758e-4,1
SummerFlounder,2013,0.01543662,0.00154366,1
SummerFlounder,2014,0.0053925,5.3925e-4,1
SummerFlounder,2015,0.00735619,7.3562e-4,1
SummerFlounder,2016,0.00356699,3.567e-4,1
SummerFlounder,2017,0.00224162,2.2416e-4,1
SummerFlounder,2018,0.00778365,7.7836e-4,1
SummerFlounder,2019,0.00135778,1.3578e-4,1
SummerFlounder,2020,0.00321446,3.2145e-4,1
SummerFlounder,2021,0.00265105,2.651e-4,1
SummerFlounder,2022,0.00243267,2.4327e-4,1
SummerFlounder,2023,0.00608885,6.0889e-4,1
SummerFlounder,2024,0.00342342,3.4234e-4,1
SummerFlounder,2025,0.00182165,1.8216e-4,1
SurfClam,1985,0.04964611,0.00496461,1
SurfClam,1986,0.04760614,0.00476061,1
SurfClam,1987,0.02903129,0.00290313,1
SurfClam,1988,0.03853282,0.00385328,1
SurfClam,1989,0.03169233,0.00316923,1
SurfClam,1990,0.01808016,0.00180802,1
SurfClam,1991,0.01548431,0.00154843,1
SurfClam,1992,0.01268076,0.00126808,1
SurfClam,1993,0.0117936,0.00117936,1
SurfClam,1994,0.00386942,3.8694e-4,1
SurfClam,1995,0.00936177,9.3618e-4,1
SurfClam,1996,0.00252424,2.5242e-4,1
SurfClam,1997,0.00546651,5.4665e-4,1
SurfClam,1998,0.00447809,4.4781e-4,1
SurfClam,1999,0.00254451,2.5445e-4,1
SurfClam,2000,0.00690235,6.9024e-4,1
SurfClam,2001,0.00218431,2.1843e-4,1
SurfClam,2002,0.0422757,0.00422757,1
SurfClam,2003,0.00880886,8.8089e-4,1
SurfClam,2004,0.03408201,0.0034082,1
SurfClam,2005,0.03202334,0.00320233,1
SurfClam,2006,0.01607513,0.00160751,1
SurfClam,2007,0.0097866,9.7866e-4,1
SurfClam,2008,0.00939251,9.3925e-4,1
SurfClam,2009,0.02997088,0.00299709,1
SurfClam,2010,0.07118158,0.00711816,1
SurfClam,2011,0.08478685,0.00847868,1
SurfClam,2012,0.13214361,0.01321436,1
SurfClam,2013,0.17161236,0.01716124,1
SurfClam,2014,0.15065867,0.01506587,1
SurfClam,2015,0.14252904,0.0142529,1
SurfClam,2016,0.1516002,0.01516002,1
SurfClam,2017,0.13908589,0.01390859,1
SurfClam,2018,0.12762809,0.01276281,1
SurfClam,2019,0.09813569,0.00981357,1
SurfClam,2020,0.07074242,0.00707424,1
SurfClam,2021,0.04706209,0.00470621,1
SurfClam,2022,0.02196948,0.00219695,1
SurfClam,2023,0.01643649,0.00164365,1
SurfClam,2024,0.01140586,0.00114059,1
SurfClam,2025,0.03319924,0.00331992,1
WhiteHake,1985,0.03372955,0.00337296,1
WhiteHake,1986,0.02889313,0.00288931,1
WhiteHake,1987,0.03387419,0.00338742,1
WhiteHake,1988,0.03990286,0.00399029,1
WhiteHake,1989,0.04598185,0.00459819,1
WhiteHake,1990,0.04619461,0.00461946,1
WhiteHake,1991,0.04110084,0.00411008,1
WhiteHake,1992,0.0573502,0.00573502,1
WhiteHake,1993,0.1031046,0.01031046,1
WhiteHake,1994,0.04833675,0.00483368,1
WhiteHake,1995,0.02995376,0.00299538,1
WhiteHake,1996,0.02236493,0.00223649,1
WhiteHake,1997,0.01523624,0.00152362,1
WhiteHake,1998,0.01747983,0.00174798,1
WhiteHake,1999,0.02280999,0.002281,1
WhiteHake,2000,0.02173064,0.00217306,1
WhiteHake,2001,0.02962977,0.00296298,1
WhiteHake,2002,0.02400635,0.00240064,1
WhiteHake,2003,0.01866847,0.00186685,1
WhiteHake,2004,0.01584405,0.0015844,1
WhiteHake,2005,0.01038031,0.00103803,1
WhiteHake,2006,0.00944627,9.4463e-4,1
WhiteHake,2007,0.00737104,7.371e-4,1
WhiteHake,2008,0.00680087,6.8009e-4,1
WhiteHake,2009,0.00856055,8.5606e-4,1
WhiteHake,2010,0.01317707,0.00131771,1
WhiteHake,2011,0.01744983,0.00174498,1
WhiteHake,2012,0.01595282,0.00159528,1
WhiteHake,2013,0.01003218,0.00100322,1
WhiteHake,2014,0.01017098,0.0010171,1
WhiteHake,2015,0.00892826,8.9283e-4,1
WhiteHake,2016,0.00689955,6.8995e-4,1
WhiteHake,2017,0.0083536,8.3536e-4,1
WhiteHake,2018,0.00761553,7.6155e-4,1
WhiteHake,2019,0.00755403,7.554e-4,1
WhiteHake,2020,0.01055395,0.00105539,1
WhiteHake,2021,0.01124435,0.00112443,1
WhiteHake,2022,0.00796624,7.9662e-4,1
WhiteHake,2023,0.01035903,0.0010359,1
WhiteHake,2024,0.00578893,5.7889e-4,1
WhiteHake,2025,0.00641849,6.4185e-4,1
Windowpane,1985,0.05881463,0.00588146,1
Windowpane,1986,0.04554302,0.0045543,1
Windowpane,1987,0.03447662,0.00344766,1
Windowpane,1988,0.0371964,0.00371964,1
Windowpane,1989,0.03807273,0.00380727,1
Windowpane,1990,0.0594983,0.00594983,1
Windowpane,1991,0.08804235,0.00880424,1
Windowpane,1992,0.03808996,0.003809,1
Windowpane,1993,0.03062219,0.00306222,1
Windowpane,1994,0.01085114,0.00108511,1
Windowpane,1995,0.01690331,0.00169033,1
Windowpane,1996,0.03539104,0.0035391,1
Windowpane,1997,0.01790318,0.00179032,1
Windowpane,1998,0.01211847,0.00121185,1
Windowpane,1999,0.00408355,4.0835e-4,1
Windowpane,2000,0.00508714,5.0871e-4,1
Windowpane,2001,0.00395326,3.9533e-4,1
Windowpane,2002,0.00257348,2.5735e-4,1
Windowpane,2003,0.00513742,5.1374e-4,1
Windowpane,2004,0.0033494,3.3494e-4,1
Windowpane,2005,0.01265542,0.00126554,1
Windowpane,2006,0.01321083,0.00132108,1
Windowpane,2007,0.01476963,0.00147696,1
Windowpane,2008,0.00492091,4.9209e-4,1
Windowpane,2009,0.00529588,5.2959e-4,1
Windowpane,2010,0.00617955,6.1795e-4,1
Windowpane,2011,0.00430117,4.3012e-4,1
Windowpane,2012,0.00407162,4.0716e-4,1
Windowpane,2013,0.00260415,2.6041e-4,1
Windowpane,2014,0.00465952,4.6595e-4,1
Windowpane,2015,0.00338,3.38e-4,1
Windowpane,2016,0.00186191,1.8619e-4,1
Windowpane,2017,8.9839e-4,8.984e-5,1
Windowpane,2018,0.00186014,1.8601e-4,1
Windowpane,2019,0.00104024,1.0402e-4,1
Windowpane,2020,8.6707e-4,8.671e-5,1
Windowpane,2021,0.00120122,1.2012e-4,1
Windowpane,2022,4.879e-4,4.879e-5,1
Windowpane,2023,3.8822e-4,3.882e-5,1
Windowpane,2024,0.00116549,1.1655e-4,1
Windowpane,2025,4.0995e-4,4.1e-5,1
WinterFlounder,1985,0.08627079,0.00862708,1
WinterFlounder,1986,0.06705266,0.00670527,1
WinterFlounder,1987,0.08513953,0.00851395,1
WinterFlounder,1988,0.08383671,0.00838367,1
WinterFlounder,1989,0.06430123,0.00643012,1
WinterFlounder,1990,0.07491152,0.00749115,1
WinterFlounder,1991,0.08682275,0.00868228,1
WinterFlounder,1992,0.06833923,0.00683392,1
WinterFlounder,1993,0.06961203,0.0069612,1
WinterFlounder,1994,0.03902731,0.00390273,1
WinterFlounder,1995,0.03761736,0.00376174,1
WinterFlounder,1996,0.05683342,0.00568334,1
WinterFlounder,1997,0.06899564,0.00689956,1
WinterFlounder,1998,0.06046491,0.00604649,1
WinterFlounder,1999,0.05455629,0.00545563,1
WinterFlounder,2000,0.06562618,0.00656262,1
WinterFlounder,2001,0.10237341,0.01023734,1
WinterFlounder,2002,0.07583832,0.00758383,1
WinterFlounder,2003,0.07360544,0.00736054,1
WinterFlounder,2004,0.06370616,0.00637062,1
WinterFlounder,2005,0.04819334,0.00481933,1
WinterFlounder,2006,0.02826391,0.00282639,1
WinterFlounder,2007,0.02769306,0.00276931,1
WinterFlounder,2008,0.02935219,0.00293522,1
WinterFlounder,2009,0.03146266,0.00314627,1
WinterFlounder,2010,0.03079598,0.0030796,1
WinterFlounder,2011,0.03710943,0.00371094,1
WinterFlounder,2012,0.03927291,0.00392729,1
WinterFlounder,2013,0.03983155,0.00398315,1
WinterFlounder,2014,0.02717588,0.00271759,1
WinterFlounder,2015,0.0228636,0.00228636,1
WinterFlounder,2016,0.01322877,0.00132288,1
WinterFlounder,2017,0.01266141,0.00126614,1
WinterFlounder,2018,0.01116913,0.00111691,1
WinterFlounder,2019,0.00851389,8.5139e-4,1
WinterFlounder,2020,0.00795134,7.9513e-4,1
WinterFlounder,2021,0.00555198,5.552e-4,1
WinterFlounder,2022,0.00406752,4.0675e-4,1
WinterFlounder,2023,0.00444768,4.4477e-4,1
WinterFlounder,2024,0.01230718,0.00123072,1
WinterFlounder,2025,0.00871383,8.7138e-4,1
WinterSkate,1985,0.16984825,0.01698482,1
WinterSkate,1986,0.14614556,0.01461456,1
WinterSkate,1987,0.15426395,0.01542639,1
WinterSkate,1988,0.17624968,0.01762497,1
WinterSkate,1989,0.06712505,0.00671251,1
WinterSkate,1990,0.25252002,0.025252,1
WinterSkate,1991,0.23373625,0.02337362,1
WinterSkate,1992,0.21074899,0.0210749,1
WinterSkate,1993,0.18701032,0.01870103,1
WinterSkate,1994,0.14872856,0.01487286,1
WinterSkate,1995,0.07619558,0.00761956,1
WinterSkate,1996,0.17119543,0.01711954,1
WinterSkate,1997,0.10872485,0.01087249,1
WinterSkate,1998,0.13536282,0.01353628,1
WinterSkate,1999,0.13939073,0.01393907,1
WinterSkate,2000,0.12243636,0.01224364,1
WinterSkate,2001,0.51171106,0.05117111,1
WinterSkate,2002,0.18621736,0.01862174,1
WinterSkate,2003,0.24453525,0.02445352,1
WinterSkate,2004,0.20400498,0.0204005,1
WinterSkate,2005,0.18754105,0.01875411,1
WinterSkate,2006,0.17443304,0.0174433,1
WinterSkate,2007,0.32682232,0.03268223,1
WinterSkate,2008,0.22779005,0.02277901,1
WinterSkate,2009,0.23806515,0.02380652,1
WinterSkate,2010,0.32913494,0.03291349,1
WinterSkate,2011,0.25494204,0.0254942,1
WinterSkate,2012,0.167303,0.0167303,1
WinterSkate,2013,0.07379665,0.00737966,1
WinterSkate,2014,0.16899618,0.01689962,1
WinterSkate,2015,0.22882285,0.02288229,1
WinterSkate,2016,0.18382438,0.01838244,1
WinterSkate,2017,0.17893694,0.01789369,1
WinterSkate,2018,0.19783243,0.01978324,1
WinterSkate,2019,0.126331,0.0126331,1
WinterSkate,2020,0.12934985,0.01293499,1
WinterSkate,2021,0.07716054,0.00771605,1
WinterSkate,2022,0.08083226,0.00808323,1
WinterSkate,2023,0.08516956,0.00851696,1
WinterSkate,2024,0.10352044,0.01035204,1
WinterSkate,2025,0.1057537,0.01057537,1
WitchFlounder,1985,0.03153327,0.00315333,1
WitchFlounder,1986,0.02107755,0.00210776,1
WitchFlounder,1987,0.01513159,0.00151316,1
WitchFlounder,1988,0.0190694,0.00190694,1
WitchFlounder,1989,0.01258911,0.00125891,1
WitchFlounder,1990,0.00937809,9.3781e-4,1
WitchFlounder,1991,0.01138285,0.00113828,1
WitchFlounder,1992,0.01417902,0.0014179,1
WitchFlounder,1993,0.01526247,0.00152625,1
WitchFlounder,1994,0.0195492,0.00195492,1
WitchFlounder,1995,0.01507511,0.00150751,1
WitchFlounder,1996,0.012751,0.0012751,1
WitchFlounder,1997,0.01297071,0.00129707,1
WitchFlounder,1998,0.01540785,0.00154078,1
WitchFlounder,1999,0.02180212,0.00218021,1
WitchFlounder,2000,0.02378672,0.00237867,1
WitchFlounder,2001,0.02995296,0.0029953,1
WitchFlounder,2002,0.02703514,0.00270351,1
WitchFlounder,2003,0.02693047,0.00269305,1
WitchFlounder,2004,0.02752031,0.00275203,1
WitchFlounder,2005,0.02268514,0.00226851,1
WitchFlounder,2006,0.01903519,0.00190352,1
WitchFlounder,2007,0.01160249,0.00116025,1
WitchFlounder,2008,0.00946694,9.4669e-4,1
WitchFlounder,2009,0.00855625,8.5562e-4,1
WitchFlounder,2010,0.00686157,6.8616e-4,1
WitchFlounder,2011,0.00875999,8.76e-4,1
WitchFlounder,2012,0.00888874,8.8887e-4,1
WitchFlounder,2013,0.00485456,4.8546e-4,1
WitchFlounder,2014,0.00431622,4.3162e-4,1
WitchFlounder,2015,0.00358668,3.5867e-4,1
WitchFlounder,2016,0.00359524,3.5952e-4,1
WitchFlounder,2017,0.00353847,3.5385e-4,1
WitchFlounder,2018,0.00351937,3.5194e-4,1
WitchFlounder,2019,0.01069348,0.00106935,1
WitchFlounder,2020,0.00862435,8.6243e-4,1
WitchFlounder,2021,0.00553534,5.5353e-4,1
WitchFlounder,2022,0.00578812,5.7881e-4,1
WitchFlounder,2023,0.00743036,7.4304e-4,1
WitchFlounder,2024,0.00621754,6.2175e-4,1
WitchFlounder,2025,0.00505928,5.0593e-4,1
YTFlounder,1985,0.08350241,0.00835024,1
YTFlounder,1986,0.10202555,0.01020256,1
YTFlounder,1987,0.08197929,0.00819793,1
YTFlounder,1988,0.05761005,0.005761,1
YTFlounder,1989,0.09133085,0.00913308,1
YTFlounder,1990,0.30343819,0.03034382,1
YTFlounder,1991,0.09405631,0.00940563,1
YTFlounder,1992,0.07317491,0.00731749,1
YTFlounder,1993,0.05421743,0.00542174,1
YTFlounder,1994,0.05965544,0.00596554,1
YTFlounder,1995,0.02235147,0.00223515,1
YTFlounder,1996,0.02959768,0.00295977,1
YTFlounder,1997,0.04018599,0.0040186,1
YTFlounder,1998,0.06152196,0.0061522,1
YTFlounder,1999,0.08548266,0.00854827,1
YTFlounder,2000,0.13036192,0.01303619,1
YTFlounder,2001,0.13969905,0.01396991,1
YTFlounder,2002,0.10963831,0.01096383,1
YTFlounder,2003,0.07029929,0.00702993,1
YTFlounder,2004,0.11817874,0.01181787,1
YTFlounder,2005,0.06568668,0.00656867,1
YTFlounder,2006,0.03018637,0.00301864,1
YTFlounder,2007,0.03120852,0.00312085,1
YTFlounder,2008,0.02585045,0.00258505,1
YTFlounder,2009,0.02743537,0.00274354,1
YTFlounder,2010,0.020822,0.0020822,1
YTFlounder,2011,0.02269784,0.00226978,1
YTFlounder,2012,0.01482082,0.00148208,1
YTFlounder,2013,0.0054089,5.4089e-4,1
YTFlounder,2014,0.0030897,3.0897e-4,1
YTFlounder,2015,0.00261811,2.6181e-4,1
YTFlounder,2016,0.00128138,1.2814e-4,1
YTFlounder,2017,0.00161237,1.6124e-4,1
YTFlounder,2018,0.00132248,1.3225e-4,1
YTFlounder,2019,8.6816e-4,8.682e-5,1
YTFlounder,2020,0.00196643,1.9664e-4,1
YTFlounder,2021,0.00190848,1.9085e-4,1
YTFlounder,2022,4.6331e-4,4.633e-5,1
YTFlounder,2023,7.6053e-4,7.605e-5,1
YTFlounder,2024,8.448e-4,8.448e-5,1
YTFlounder,2025,3.5486e-4,3.549e-5,1
