"","Group","Year","Landings"
"1","AmLobster",1981,0.00855717590312739
"2","AmLobster",1982,0.0100800108048267
"3","AmLobster",1983,0.0138800015169871
"4","AmLobster",1984,0.0113395367408066
"5","AmLobster",1985,0.0138598680466912
"6","AmLobster",1986,0.0116604533866567
"7","AmLobster",1987,0.0125547649656609
"8","AmLobster",1988,0.0129758387921378
"9","AmLobster",1989,0.0161010762260092
"10","AmLobster",1990,0.0167766567461224
"11","AmLobster",1991,0.0178454539169371
"12","AmLobster",1992,0.0170218654443138
"13","AmLobster",1993,0.0171630901739863
"14","AmLobster",1994,0.0108986828555228
"15","AmLobster",1995,0.00854350999603188
"16","AmLobster",1996,0.0357617840690438
"17","AmLobster",1997,0.029090994445415
"18","AmLobster",1998,0.0240994614417651
"19","AmLobster",1999,0.0198900708196571
"20","AmLobster",2000,0.0241793183964928
"21","AmLobster",2001,0.0613936989347755
"22","AmLobster",2002,0.0665064928144017
"23","AmLobster",2003,0.0631670323222148
"24","AmLobster",2004,0.0975156985404212
"25","AmLobster",2005,0.159106098912177
"26","AmLobster",2006,0.0393194651450072
"27","AmLobster",2007,0.0740049777547334
"28","AmLobster",2008,0.0496383244424211
"29","AmLobster",2009,0.0503798219933476
"30","AmLobster",2010,0.039753738730136
"31","AmLobster",2011,0.0511535983231748
"32","AmLobster",2012,0.0475674918866277
"33","AmLobster",2013,0.0401235065649284
"34","AmLobster",2014,0.0394148944530588
"35","AmLobster",2015,0.04028868877746
"36","AmLobster",2016,0.0461338480499649
"37","AmLobster",2017,0.0492951552827483
"38","AmLobster",2018,0.0501982898749971
"39","AmLobster",2019,0.050000387224859
"40","AmLobster",2020,0.0353058586954383
"41","AmLobster",2021,0.0343453987326302
"42","AmLobster",2022,0.0277939656613055
"43","AmPlaice",1981,0.0117388448917746
"44","AmPlaice",1982,0.0188203318730683
"45","AmPlaice",1983,0.0201699726547201
"46","AmPlaice",1984,0.0149855625980685
"47","AmPlaice",1985,0.0159685309474788
"48","AmPlaice",1986,0.0083874425570455
"49","AmPlaice",1987,0.00809519081126523
"50","AmPlaice",1988,0.00928818452281539
"51","AmPlaice",1989,0.00582990019873274
"52","AmPlaice",1990,0.005114171525288
"53","AmPlaice",1991,0.0102391301925328
"54","AmPlaice",1992,0.017948825920797
"55","AmPlaice",1993,0.0164907589544075
"56","AmPlaice",1994,0.00953393282402404
"57","AmPlaice",1995,0.00921574776603764
"58","AmPlaice",1996,0.00804699261154341
"59","AmPlaice",1997,0.0112005375976665
"60","AmPlaice",1998,0.00862312131882469
"61","AmPlaice",1999,0.0108686758418806
"62","AmPlaice",2000,0.0121551886733623
"63","AmPlaice",2001,0.0115376979936003
"64","AmPlaice",2002,0.0106215728423887
"65","AmPlaice",2003,0.00714263964171511
"66","AmPlaice",2004,0.0057489780129954
"67","AmPlaice",2005,0.00489973934965595
"68","AmPlaice",2006,0.00377919153188358
"69","AmPlaice",2007,0.00290552897222861
"70","AmPlaice",2008,0.00259883080533379
"71","AmPlaice",2009,0.00378519755682177
"72","AmPlaice",2010,0.00324033732190846
"73","AmPlaice",2011,0.00374446452259544
"74","AmPlaice",2012,0.00421839057406296
"75","AmPlaice",2013,0.00246329903153335
"76","AmPlaice",2014,0.00251570503758558
"77","AmPlaice",2015,0.00215884561922327
"78","AmPlaice",2016,0.00148100518477336
"79","AmPlaice",2017,0.00143108247324574
"80","AmPlaice",2018,0.000891708697102494
"81","AmPlaice",2019,0.000922240189093996
"82","AmPlaice",2020,0.00138715273320652
"83","AmPlaice",2021,0.00194599970833515
"84","AmPlaice",2022,0.00184023995432523
"85","AtlHerring",1981,0.00308124623008628
"86","AtlHerring",1982,3.60247766278869e-05
"87","AtlHerring",1983,6.91882977577111e-05
"88","AtlHerring",1984,8.94660488676858e-05
"89","AtlHerring",1985,0.00143800358027278
"90","AtlHerring",1986,3.03022656317615e-05
"91","AtlHerring",1987,0.000173264983525059
"92","AtlHerring",1988,9.86840033204743e-05
"93","AtlHerring",1989,0.000202428154700472
"94","AtlHerring",1990,0.000659898596627547
"95","AtlHerring",1991,0.0061838853678528
"96","AtlHerring",1992,0.000505587294287321
"97","AtlHerring",1993,0.00212048772654602
"98","AtlHerring",1994,1.16658096377849e-05
"99","AtlHerring",1995,6.22176514015195e-05
"100","AtlHerring",1996,0.0590950653333757
"101","AtlHerring",1997,0.0943678994075884
"102","AtlHerring",1998,0.303915439579666
"103","AtlHerring",1999,0.0983541228226866
"104","AtlHerring",2000,0.179201713009682
"105","AtlHerring",2001,0.503726392521933
"106","AtlHerring",2002,0.203212337579147
"107","AtlHerring",2003,0.263713393386841
"108","AtlHerring",2004,0.21462229137515
"109","AtlHerring",2005,0.185152550228932
"110","AtlHerring",2006,0.20392280104738
"111","AtlHerring",2007,0.146034211174704
"112","AtlHerring",2008,0.150442747847155
"113","AtlHerring",2009,0.304703807119683
"114","AtlHerring",2010,0.212597445895977
"115","AtlHerring",2011,0.38129503065644
"116","AtlHerring",2012,0.399314869778228
"117","AtlHerring",2013,0.413618462458903
"118","AtlHerring",2014,0.375765191585483
"119","AtlHerring",2015,0.359347816728877
"120","AtlHerring",2016,0.21413877231486
"121","AtlHerring",2017,0.151204652671782
"122","AtlHerring",2018,0.110453557493332
"123","AtlHerring",2019,0.0295831970706156
"124","AtlHerring",2020,0.0392955971403233
"125","AtlHerring",2021,0.0223460351468219
"126","AtlMackerel",1981,0.00350985386785177
"127","AtlMackerel",1982,0.00360863889878868
"128","AtlMackerel",1983,0.00499791067616103
"129","AtlMackerel",1984,0.00417206863362925
"130","AtlMackerel",1985,0.0135576654086785
"131","AtlMackerel",1986,0.0236617849024385
"132","AtlMackerel",1987,0.0144998183162398
"133","AtlMackerel",1988,0.0172154284804989
"134","AtlMackerel",1989,0.0102935632118342
"135","AtlMackerel",1990,0.0173715786664049
"136","AtlMackerel",1991,0.0245199298469417
"137","AtlMackerel",1992,0.0182308018824696
"138","AtlMackerel",1993,0.0108304765475807
"139","AtlMackerel",1994,0.00716097077998554
"140","AtlMackerel",1995,0.011936150403967
"141","AtlMackerel",1996,0.0159252422901388
"142","AtlMackerel",1997,0.0103997752132092
"143","AtlMackerel",1998,0.00667330747425558
"144","AtlMackerel",1999,0.00701117446571139
"145","AtlMackerel",2000,0.00296938480154524
"146","AtlMackerel",2001,0.0018187486707862
"147","AtlMackerel",2002,0.0214528514782211
"148","AtlMackerel",2003,0.0110501541830857
"149","AtlMackerel",2004,0.0522794413246566
"150","AtlMackerel",2005,0.0216085845471652
"151","AtlMackerel",2006,0.0452752953820243
"152","AtlMackerel",2007,0.0594179871775349
"153","AtlMackerel",2008,0.0321257432526318
"154","AtlMackerel",2009,0.00689149337588472
"155","AtlMackerel",2010,0.00197540224948402
"156","AtlMackerel",2011,0.00195065003408542
"157","AtlMackerel",2012,0.00240077588886901
"158","AtlMackerel",2013,0.0366458778683194
"159","AtlMackerel",2014,0.038826789677273
"160","AtlMackerel",2015,0.0173711984753531
"161","AtlMackerel",2016,0.0154285251638596
"162","AtlMackerel",2017,0.0229799904874928
"163","AtlMackerel",2018,0.0165061502067812
"164","AtlMackerel",2019,0.00316515070582792
"165","AtlMackerel",2020,0.0152591289949045
"166","AtlMackerel",2021,0.0421937128274472
"167","AtlMackerel",2022,0.00272688504267154
"168","AtlScallop",1981,0.14701601176284
"169","AtlScallop",1982,0.110237193742003
"170","AtlScallop",1983,0.074208544957974
"171","AtlScallop",1984,0.0558553106562911
"172","AtlScallop",1985,0.0911078995572008
"173","AtlScallop",1986,0.119181918982823
"174","AtlScallop",1987,0.156915508394255
"175","AtlScallop",1988,0.142535775993262
"176","AtlScallop",1989,0.143707344971257
"177","AtlScallop",1990,0.216690282577623
"178","AtlScallop",1991,0.203663060923249
"179","AtlScallop",1992,0.189724587335771
"180","AtlScallop",1993,0.135634041390612
"181","AtlScallop",1994,0.085167161038929
"182","AtlScallop",1995,0.0406400260337945
"183","AtlScallop",1996,0.0719409941181436
"184","AtlScallop",1997,0.0928567336166277
"185","AtlScallop",1998,0.0839793052990939
"186","AtlScallop",1999,0.129042375935263
"187","AtlScallop",2000,0.157479156022826
"188","AtlScallop",2001,0.159042888406469
"189","AtlScallop",2002,0.152174971246799
"190","AtlScallop",2003,0.0652140229101685
"191","AtlScallop",2004,0.124458171604151
"192","AtlScallop",2005,0.167063006558268
"193","AtlScallop",2006,0.265639560819454
"194","AtlScallop",2007,0.171503834488865
"195","AtlScallop",2008,0.0648847613010602
"196","AtlScallop",2009,0.091824214174641
"197","AtlScallop",2010,0.132338294974008
"198","AtlScallop",2011,0.178858335214552
"199","AtlScallop",2012,0.235418857485833
"200","AtlScallop",2013,0.146543040963932
"201","AtlScallop",2014,0.072455001244766
"202","AtlScallop",2015,0.0704218005819804
"203","AtlScallop",2016,0.0500390487098177
"204","AtlScallop",2017,0.0818725201952275
"205","AtlScallop",2018,0.16955019633474
"206","AtlScallop",2019,0.169841265152362
"207","AtlScallop",2020,0.0984006391154105
"208","AtlScallop",2021,0.198144944499299
"209","AtlScallop",2022,0.168546641946722
"210","Barndoor",2005,2.20797189925381e-06
"211","Barndoor",2012,2.39478566316027e-07
"212","Barndoor",2013,2.58315361294428e-06
"213","Barndoor",2014,4.13054675261448e-05
"214","Barndoor",2015,0.000173389115476013
"215","Barndoor",2016,8.46834021724502e-06
"216","Barndoor",2018,9.79378450388015e-06
"217","Barndoor",2019,0.000280953063333754
"218","Barndoor",2020,0.000297137408146769
"219","Barndoor",2021,0.000768006399000186
"220","Barndoor",2022,0.000307915442138705
"221","BlackSeaBass",1981,0.00116288296257244
"222","BlackSeaBass",1982,0.0019416733182977
"223","BlackSeaBass",1983,0.00411917052220893
"224","BlackSeaBass",1984,0.00407656411975814
"225","BlackSeaBass",1985,0.00294031329691176
"226","BlackSeaBass",1986,0.00333776666352987
"227","BlackSeaBass",1987,0.00215741405400245
"228","BlackSeaBass",1988,0.00275550205333386
"229","BlackSeaBass",1989,0.00221490341146446
"230","BlackSeaBass",1990,0.00275419827372437
"231","BlackSeaBass",1991,0.0014594318033496
"232","BlackSeaBass",1992,0.000373378384846692
"233","BlackSeaBass",1993,0.000285762314482114
"234","BlackSeaBass",1994,0.000214022946559366
"235","BlackSeaBass",1995,0.000308069553144643
"236","BlackSeaBass",1996,0.00035530262722721
"237","BlackSeaBass",1997,0.000632236476687669
"238","BlackSeaBass",1998,0.00159070843721198
"239","BlackSeaBass",1999,0.00346977125383117
"240","BlackSeaBass",2000,0.0032747715426359
"241","BlackSeaBass",2001,0.00340957875613208
"242","BlackSeaBass",2002,0.00511912079197971
"243","BlackSeaBass",2003,0.00253000532638458
"244","BlackSeaBass",2004,0.00167583309186418
"245","BlackSeaBass",2005,0.00208889151540152
"246","BlackSeaBass",2006,0.00186976941056021
"247","BlackSeaBass",2007,0.00147392824470379
"248","BlackSeaBass",2008,0.000951951552851185
"249","BlackSeaBass",2009,0.000407234925865731
"250","BlackSeaBass",2010,0.000973024247312112
"251","BlackSeaBass",2011,0.00110326314843812
"252","BlackSeaBass",2012,0.00100034299506236
"253","BlackSeaBass",2013,0.00178752134720502
"254","BlackSeaBass",2014,0.00124459170793606
"255","BlackSeaBass",2015,0.00132219920969009
"256","BlackSeaBass",2016,0.0013331241139441
"257","BlackSeaBass",2017,0.00252474651765689
"258","BlackSeaBass",2018,0.00196114496900528
"259","BlackSeaBass",2019,0.00231534824036248
"260","BlackSeaBass",2020,0.00371252029089922
"261","BlackSeaBass",2021,0.00387109614467552
"262","BlackSeaBass",2022,0.00488420666847323
"263","Bluefish",1981,0.0016004280017679
"264","Bluefish",1982,0.0019096417199232
"265","Bluefish",1983,0.0014478082013866
"266","Bluefish",1984,0.00242421492984926
"267","Bluefish",1985,0.00322458383012876
"268","Bluefish",1986,0.00324495318000316
"269","Bluefish",1987,0.0033215736189192
"270","Bluefish",1988,0.00238879085154881
"271","Bluefish",1989,0.00450210554251858
"272","Bluefish",1990,0.00529444290069616
"273","Bluefish",1991,0.00452512465473817
"274","Bluefish",1992,0.0043153194276359
"275","Bluefish",1993,0.00363052148070079
"276","Bluefish",1994,0.00229431729134012
"277","Bluefish",1995,0.00180848829821307
"278","Bluefish",1996,0.00325383219001436
"279","Bluefish",1997,0.0018190256053416
"280","Bluefish",1998,0.00137949399069247
"281","Bluefish",1999,0.00153759704053661
"282","Bluefish",2000,0.0010360665182366
"283","Bluefish",2001,0.00157091855462216
"284","Bluefish",2002,0.00149135126894205
"285","Bluefish",2003,0.00176123486712313
"286","Bluefish",2004,0.00198697766623153
"287","Bluefish",2005,0.00200631940831578
"288","Bluefish",2006,0.00135460840913685
"289","Bluefish",2007,0.00310405738427907
"290","Bluefish",2008,0.000793724262626173
"291","Bluefish",2009,0.000603742088261138
"292","Bluefish",2010,0.00124548918901261
"293","Bluefish",2011,0.00105956530856756
"294","Bluefish",2012,0.00113627741577905
"295","Bluefish",2013,0.00150011263863369
"296","Bluefish",2014,0.000716068040293681
"297","Bluefish",2015,0.00117461440267759
"298","Bluefish",2016,0.00153921534417251
"299","Bluefish",2017,0.00105408674310501
"300","Bluefish",2018,0.000354147123245836
"301","Bluefish",2019,0.000335966103721875
"302","Bluefish",2020,0.000487921450936139
"303","Bluefish",2021,0.000453666320771587
"304","Bluefish",2022,0.000462153977129339
"305","Butterfish",1981,0.0110176812091444
"306","Butterfish",1982,0.0151044040890109
"307","Butterfish",1983,0.0070700593459038
"308","Butterfish",1984,0.0183072330691902
"309","Butterfish",1985,0.00616486101123571
"310","Butterfish",1986,0.0065472665859116
"311","Butterfish",1987,0.00638650857667804
"312","Butterfish",1988,0.00208826986083742
"313","Butterfish",1989,0.00388370593502426
"314","Butterfish",1990,0.00240371683216282
"315","Butterfish",1991,0.00254041133184212
"316","Butterfish",1992,0.0028896380012125
"317","Butterfish",1993,0.00579092564832743
"318","Butterfish",1994,0.00638562147424888
"319","Butterfish",1995,0.00232292542463415
"320","Butterfish",1996,0.0118038564469787
"321","Butterfish",1997,0.0037365908693801
"322","Butterfish",1998,0.00214910071831729
"323","Butterfish",1999,0.00540223133180483
"324","Butterfish",2000,0.00128331950015577
"325","Butterfish",2001,0.0093039493406159
"326","Butterfish",2002,0.00149546198699353
"327","Butterfish",2003,0.00166252241940177
"328","Butterfish",2004,0.000951202761163925
"329","Butterfish",2005,0.000576725835009534
"330","Butterfish",2006,0.000712663064379516
"331","Butterfish",2007,0.000881049600261814
"332","Butterfish",2008,0.000554190075450723
"333","Butterfish",2009,0.000968994298986541
"334","Butterfish",2010,0.00146225172749194
"335","Butterfish",2011,0.00104036285578597
"336","Butterfish",2012,0.00130777157203018
"337","Butterfish",2013,0.00202916656122725
"338","Butterfish",2014,0.0072866639425944
"339","Butterfish",2015,0.00819360789723801
"340","Butterfish",2016,0.003302677947655
"341","Butterfish",2017,0.00606145028293015
"342","Butterfish",2018,0.00385688386913874
"343","Butterfish",2019,0.00441480868665763
"344","Butterfish",2020,0.00322974919237011
"345","Butterfish",2021,0.00189708361382227
"346","Butterfish",2022,0.00148132473657743
"347","Cod",1981,0.342900552786306
"348","Cod",1982,0.501934466860386
"349","Cod",1983,0.397295410165372
"350","Cod",1984,0.271686904228089
"351","Cod",1985,0.411364228862753
"352","Cod",1986,0.301289472851692
"353","Cod",1987,0.346787618376566
"354","Cod",1988,0.443354737368283
"355","Cod",1989,0.361789076822579
"356","Cod",1990,0.484374091911363
"357","Cod",1991,0.436589367370014
"358","Cod",1992,0.331539600305445
"359","Cod",1993,0.268525651882936
"360","Cod",1994,0.161182168198825
"361","Cod",1995,0.0780158578799857
"362","Cod",1996,0.0944246074881673
"363","Cod",1997,0.10978345157014
"364","Cod",1998,0.0906672009629766
"365","Cod",1999,0.104467863781368
"366","Cod",2000,0.094828507134496
"367","Cod",2001,0.134863596290584
"368","Cod",2002,0.112823467228441
"369","Cod",2003,0.0722954420100975
"370","Cod",2004,0.0531541389219089
"371","Cod",2005,0.0373140167207063
"372","Cod",2006,0.0412045477097281
"373","Cod",2007,0.050529777709862
"374","Cod",2008,0.0307789149774961
"375","Cod",2009,0.028014838925057
"376","Cod",2010,0.0368920551087898
"377","Cod",2011,0.0413111489597519
"378","Cod",2012,0.022744067561489
"379","Cod",2013,0.0107809948670441
"380","Cod",2014,0.0186921538994313
"381","Cod",2015,0.017506292340779
"382","Cod",2016,0.014675354172402
"383","Cod",2017,0.0100838787626459
"384","Cod",2018,0.0114931159917327
"385","Cod",2019,0.00594968297901358
"386","Cod",2020,0.00441777518421285
"387","Cod",2021,0.00343165222162232
"388","Cod",2022,0.00254542657595378
"389","Fourspot",1981,5.53039541608524e-05
"390","Fourspot",1982,4.21366397996025e-05
"391","Fourspot",1983,4.97775133523044e-05
"392","Fourspot",1984,5.15974695592953e-05
"393","Fourspot",1985,0.000113437029268724
"394","Fourspot",1986,0.000149671427147566
"395","Fourspot",1987,2.05376101405382e-05
"396","Fourspot",1988,1.40695971933604e-05
"397","Fourspot",1989,1.57183852018499e-05
"398","Fourspot",1990,1.83633351415367e-06
"399","Fourspot",1991,2.39981250451271e-07
"400","Fourspot",1992,1.72726206737671e-06
"401","Fourspot",1993,7.19396364261572e-07
"402","Fourspot",1994,3.4173431953913e-06
"403","Fourspot",1995,5.88787072821147e-06
"404","Fourspot",1996,2.48074002581787e-05
"405","Fourspot",1997,4.15492852113195e-06
"406","Fourspot",1998,6.29492074346455e-06
"407","Fourspot",1999,3.76832036773245e-06
"408","Fourspot",2000,2.38916043033455e-06
"409","Fourspot",2001,2.09109141469013e-06
"410","Fourspot",2002,2.35680563931668e-06
"411","Fourspot",2003,1.43777023140218e-06
"412","Fourspot",2004,1.41541333995093e-06
"413","Fourspot",2005,8.09446690149243e-07
"414","Fourspot",2006,2.48277143736445e-06
"415","Fourspot",2007,5.42621551474396e-06
"416","Fourspot",2008,1.00405703523363e-05
"417","Fourspot",2009,8.68598583540649e-06
"418","Fourspot",2010,9.71090502116834e-06
"419","Fourspot",2011,4.00406784079112e-06
"420","Fourspot",2012,8.60085557420593e-06
"421","Fourspot",2013,3.05242516126416e-06
"422","Fourspot",2014,2.07515028991649e-06
"423","Fourspot",2015,1.55591038632266e-06
"424","Fourspot",2016,7.79488511372948e-07
"425","Fourspot",2017,1.22983514885224e-05
"426","Fourspot",2018,4.16708754613734e-06
"427","Fourspot",2019,5.89068302923759e-06
"428","Fourspot",2020,4.48233543233655e-07
"429","Fourspot",2021,6.71222363259437e-07
"430","Fourspot",2022,8.62439155514594e-07
"431","Goosefish",1981,0.0121591883580485
"432","Goosefish",1982,0.0167249836137115
"433","Goosefish",1983,0.011411705350773
"434","Goosefish",1984,0.0162738114497883
"435","Goosefish",1985,0.0304028714099794
"436","Goosefish",1986,0.0273301326834192
"437","Goosefish",1987,0.0281386356439113
"438","Goosefish",1988,0.0479411283577854
"439","Goosefish",1989,0.0833457502595993
"440","Goosefish",1990,0.083908525300214
"441","Goosefish",1991,0.060977872748265
"442","Goosefish",1992,0.0736702675905617
"443","Goosefish",1993,0.0976852774685127
"444","Goosefish",1994,0.0661167726578537
"445","Goosefish",1995,0.0637304975879664
"446","Goosefish",1996,0.0623556496899249
"447","Goosefish",1997,0.0664789189159435
"448","Goosefish",1998,0.060099531324573
"449","Goosefish",1999,0.0662616080777551
"450","Goosefish",2000,0.0570719800475189
"451","Goosefish",2001,0.0559420622743556
"452","Goosefish",2002,0.0578581783836953
"453","Goosefish",2003,0.0576768093842456
"454","Goosefish",2004,0.0516773849622136
"455","Goosefish",2005,0.0590386918309653
"456","Goosefish",2006,0.0493376069509509
"457","Goosefish",2007,0.0286102804734227
"458","Goosefish",2008,0.0235229374615457
"459","Goosefish",2009,0.0189088570210144
"460","Goosefish",2010,0.0124778073843665
"461","Goosefish",2011,0.0158619161301069
"462","Goosefish",2012,0.0208673136765886
"463","Goosefish",2013,0.0159986995313017
"464","Goosefish",2014,0.0173458204195096
"465","Goosefish",2015,0.0184566994155219
"466","Goosefish",2016,0.0185726089802262
"467","Goosefish",2017,0.0235495830980036
"468","Goosefish",2018,0.0189510931338737
"469","Goosefish",2019,0.0146008440862583
"470","Goosefish",2020,0.0153508188651634
"471","Goosefish",2021,0.0131096571611505
"472","Goosefish",2022,0.0126561834419016
"473","HMS",1981,2.92328662664992e-05
"474","HMS",1982,1.84873223067644e-05
"475","HMS",1983,0.000116341784123414
"476","HMS",1984,3.04491263278967e-05
"477","HMS",1985,0.00020327948084533
"478","HMS",1986,0.000185628233257612
"479","HMS",1987,0.000115473798995353
"480","HMS",1988,1.17284101603265e-05
"481","HMS",1989,2.49165872862718e-05
"482","HMS",1990,5.77478471542892e-05
"483","HMS",1991,9.81621817489959e-06
"484","HMS",1992,2.70556630562828e-09
"485","HMS",1993,1.8055167747369e-06
"486","HMS",1994,3.03674956209942e-06
"487","HMS",1995,2.92162642317393e-06
"488","HMS",1996,7.14164411936352e-06
"489","HMS",1997,9.42546098023458e-06
"490","HMS",1998,4.95404295896023e-06
"491","HMS",1999,1.16638103920036e-06
"492","HMS",2000,6.93953240528523e-06
"493","HMS",2001,6.1914899845091e-06
"494","HMS",2002,8.34976097952314e-06
"495","HMS",2003,9.43810699844383e-07
"496","HMS",2004,2.2097602302789e-06
"497","Haddock",1981,0.158063011846483
"498","Haddock",1982,0.111291711491689
"499","Haddock",1983,0.0731041601968607
"500","Haddock",1984,0.0496210922768046
"501","Haddock",1985,0.0876327279227484
"502","Haddock",1986,0.0846878039818797
"503","Haddock",1987,0.0877480554767812
"504","Haddock",1988,0.109685983369654
"505","Haddock",1989,0.0572559742304481
"506","Haddock",1990,0.0694945253462329
"507","Haddock",1991,0.0902456681536811
"508","Haddock",1992,0.0821995723895803
"509","Haddock",1993,0.0575443680857798
"510","Haddock",1994,0.0332321461602779
"511","Haddock",1995,0.02875285209016
"512","Haddock",1996,0.0503200120524919
"513","Haddock",1997,0.0424798499302409
"514","Haddock",1998,0.0589098942024574
"515","Haddock",1999,0.0673380345276461
"516","Haddock",2000,0.0963718762717631
"517","Haddock",2001,0.126669894632425
"518","Haddock",2002,0.14180807739949
"519","Haddock",2003,0.0600646871848518
"520","Haddock",2004,0.204634375309406
"521","Haddock",2005,0.252837976982987
"522","Haddock",2006,0.183843647230554
"523","Haddock",2007,0.184581086583626
"524","Haddock",2008,0.0575934293407738
"525","Haddock",2009,0.0562024064641617
"526","Haddock",2010,0.330054286637375
"527","Haddock",2011,0.216922744854276
"528","Haddock",2012,0.0827391815811156
"529","Haddock",2013,0.013808745204578
"530","Haddock",2014,0.206712571916814
"531","Haddock",2015,0.21859926744939
"532","Haddock",2016,0.18708225265771
"533","Haddock",2017,0.182856729802967
"534","Haddock",2018,0.188741456939693
"535","Haddock",2019,0.0380472623882117
"536","Haddock",2020,0.0485926203281721
"537","Haddock",2021,0.0269353297122609
"538","Haddock",2022,0.0173863957801257
"539","Illex",1981,0.00755649657466361
"540","Illex",1982,0.0028343657928216
"541","Illex",1983,0.00202406232721901
"542","Illex",1984,0.000377408084140775
"543","Illex",1985,0.000503366197410831
"544","Illex",1986,2.54428396740924e-05
"545","Illex",1987,0.000104226521186798
"546","Illex",1988,9.05026882327518e-05
"547","Illex",1989,0.000211973971569751
"548","Illex",1990,0.00270769197244722
"549","Illex",1991,0.00124402718442965
"550","Illex",1992,0.000249834721760846
"551","Illex",1993,0.00413659025086305
"552","Illex",1994,0.00856946652022094
"553","Illex",1995,0.00262960476809617
"554","Illex",1996,0.0056960164565429
"555","Illex",1997,0.00206856047953309
"556","Illex",1998,0.00804343368971507
"557","Illex",1999,0.00376842591299125
"558","Illex",2000,0.00167423785691667
"559","Illex",2001,0.000516844443379871
"560","Illex",2002,3.48885797217006e-05
"561","Illex",2003,2.78527436120378e-05
"562","Illex",2004,0.001250654267091
"563","Illex",2005,0.00102920522126253
"564","Illex",2006,0.00150025040832902
"565","Illex",2007,3.49995424079258e-05
"566","Illex",2008,0.000774377686332566
"567","Illex",2009,0.010681888116253
"568","Illex",2010,0.0008342617441668
"569","Illex",2011,0.00224050684123878
"570","Illex",2012,7.81587089341785e-05
"571","Illex",2013,0.000446557490288644
"572","Illex",2014,0.00153806436545734
"573","Illex",2015,0.000217332638413363
"574","Illex",2016,0.000150013086945742
"575","Illex",2017,0.00593744239587309
"576","Illex",2018,0.00775506140771741
"577","Illex",2019,0.0285829058207309
"578","Illex",2020,0.0180047325969618
"579","Illex",2021,0.00729920262740635
"580","Illex",2022,0.000276032527033569
"581","LittleSkate",1981,5.90658588097793e-05
"582","LittleSkate",1982,0.00012214413825222
"583","LittleSkate",1983,0.0003070178850334
"584","LittleSkate",1984,0.000423155749447306
"585","LittleSkate",1985,0.000143168463293582
"586","LittleSkate",1986,0.000214255876916932
"587","LittleSkate",1987,0.000550519929478569
"588","LittleSkate",1988,0.0004872592608315
"589","LittleSkate",1989,0.00112873630781886
"590","LittleSkate",1990,0.0080012317508998
"591","LittleSkate",1991,0.00962351780164049
"592","LittleSkate",1992,0.0103619270703833
"593","LittleSkate",1993,0.0146348119344947
"594","LittleSkate",1994,0.0164980505821359
"595","LittleSkate",1995,0.0103672582169929
"596","LittleSkate",1996,0.032929459919306
"597","LittleSkate",1997,0.0238935324737564
"598","LittleSkate",1998,0.0294331673534586
"599","LittleSkate",1999,0.0216762211611647
"600","LittleSkate",2000,0.0252281019532039
"601","LittleSkate",2001,0.0213083791293917
"602","LittleSkate",2002,0.0171524387105523
"603","LittleSkate",2003,0.0257004783234876
"604","LittleSkate",2004,0.0174527277946995
"605","LittleSkate",2005,0.0257545089832773
"606","LittleSkate",2006,0.0309867922333406
"607","LittleSkate",2007,0.0365344377539663
"608","LittleSkate",2008,0.0329221064460676
"609","LittleSkate",2009,0.0269215071041721
"610","LittleSkate",2010,0.0213793298182777
"611","LittleSkate",2011,0.0125617388697881
"612","LittleSkate",2012,0.016456092173822
"613","LittleSkate",2013,0.0135599980792945
"614","LittleSkate",2014,0.00655126898780087
"615","LittleSkate",2015,0.00362097688826941
"616","LittleSkate",2016,0.00218390140866284
"617","LittleSkate",2017,0.00362034302052358
"618","LittleSkate",2018,0.00321895054318548
"619","LittleSkate",2019,0.00227612965532346
"620","LittleSkate",2020,0.00194855220875501
"621","LittleSkate",2021,0.00194953423514211
"622","LittleSkate",2022,0.00293879753623059
"623","Loligo",1981,0.105309012119387
"624","Loligo",1982,0.0464338439870146
"625","Loligo",1983,0.105414425557383
"626","Loligo",1984,0.0604638329463859
"627","Loligo",1985,0.0405089035693053
"628","Loligo",1986,0.0667605959193383
"629","Loligo",1987,0.0427895973849265
"630","Loligo",1988,0.0982494857898229
"631","Loligo",1989,0.0909892972721225
"632","Loligo",1990,0.0525105591497485
"633","Loligo",1991,0.0581004812939615
"634","Loligo",1992,0.0292333827190332
"635","Loligo",1993,0.0397380122137892
"636","Loligo",1994,0.044169618583056
"637","Loligo",1995,0.0410704628117196
"638","Loligo",1996,0.0434870727134163
"639","Loligo",1997,0.0302618254901185
"640","Loligo",1998,0.0474305825213229
"641","Loligo",1999,0.0493472660562432
"642","Loligo",2000,0.0471687721583945
"643","Loligo",2001,0.03875429047594
"644","Loligo",2002,0.0512004411767851
"645","Loligo",2003,0.0500860105937755
"646","Loligo",2004,0.0463305315403274
"647","Loligo",2005,0.0458011814573911
"648","Loligo",2006,0.0378325902647408
"649","Loligo",2007,0.0599185200280109
"650","Loligo",2008,0.036410380305046
"651","Loligo",2009,0.0204688809266175
"652","Loligo",2010,0.0152195181228376
"653","Loligo",2011,0.0186861801515696
"654","Loligo",2012,0.0390422739916972
"655","Loligo",2013,0.0131280293305321
"656","Loligo",2014,0.0447571639773605
"657","Loligo",2015,0.0421469454096138
"658","Loligo",2016,0.0637603553652056
"659","Loligo",2017,0.0235754917106884
"660","Loligo",2018,0.022838788442794
"661","Loligo",2019,0.0292290928814545
"662","Loligo",2020,0.0218236266445258
"663","Loligo",2021,0.0295937956042735
"664","Loligo",2022,0.0476849432662629
"665","Macrobenthos",1981,0.0002171952438499
"666","Macrobenthos",1982,0.00012673818518897
"667","Macrobenthos",1983,0.000116478740996216
"668","Macrobenthos",1984,0.000141730120474524
"669","Macrobenthos",1985,0.00028062371504463
"670","Macrobenthos",1986,0.000572049784557152
"671","Macrobenthos",1987,0.00172421432614142
"672","Macrobenthos",1988,0.000834479698193004
"673","Macrobenthos",1989,0.00465337204267674
"674","Macrobenthos",1990,0.0119822715723607
"675","Macrobenthos",1991,0.00899768877440916
"676","Macrobenthos",1992,0.0137311719837357
"677","Macrobenthos",1993,0.00982509893153381
"678","Macrobenthos",1994,0.000585764569560161
"679","Macrobenthos",1995,0.00133789448701972
"680","Macrobenthos",1996,0.00148449203939535
"681","Macrobenthos",1997,0.00137518023496111
"682","Macrobenthos",1998,0.00151744577878219
"683","Macrobenthos",1999,0.00207495952121229
"684","Macrobenthos",2000,0.00143732919673907
"685","Macrobenthos",2001,0.00274715462359833
"686","Macrobenthos",2002,0.00252481153689778
"687","Macrobenthos",2003,0.00295779192810291
"688","Macrobenthos",2004,0.000476840200266411
"689","Macrobenthos",2005,0.00855461306312759
"690","Macrobenthos",2006,0.00951795999552511
"691","Macrobenthos",2007,0.0119672690142706
"692","Macrobenthos",2008,0.0106989960156125
"693","Macrobenthos",2009,0.00843148202234231
"694","Macrobenthos",2010,0.00936981245846264
"695","Macrobenthos",2011,0.0162907161601329
"696","Macrobenthos",2012,0.0208028135281708
"697","Macrobenthos",2013,0.0148519637897371
"698","Macrobenthos",2014,0.00962034444217071
"699","Macrobenthos",2015,0.0144565077978819
"700","Macrobenthos",2016,0.0543303525928329
"701","Macrobenthos",2017,0.0264145570809306
"702","Macrobenthos",2018,0.0657917285732224
"703","Macrobenthos",2019,0.0703165666058563
"704","Macrobenthos",2020,0.00352767521724425
"705","Macrobenthos",2021,0.00363281334625764
"706","Macrobenthos",2022,0.00353402034580907
"707","Megabenthos",1981,0.00520944129836034
"708","Megabenthos",1982,0.00468993147646134
"709","Megabenthos",1983,0.0108476384382834
"710","Megabenthos",1984,0.00893616144234445
"711","Megabenthos",1985,0.00382067894081755
"712","Megabenthos",1986,0.00403072409095236
"713","Megabenthos",1987,0.0107650553075213
"714","Megabenthos",1988,0.0316777006125052
"715","Megabenthos",1989,0.0489240158918951
"716","Megabenthos",1990,0.0502612878692401
"717","Megabenthos",1991,0.0461354289631396
"718","Megabenthos",1992,0.0512512939584662
"719","Megabenthos",1993,0.0186090730156033
"720","Megabenthos",1994,0.00646814059075256
"721","Megabenthos",1995,0.00473821837748423
"722","Megabenthos",1996,0.010116186101007
"723","Megabenthos",1997,0.020745942367768
"724","Megabenthos",1998,0.00641363741705239
"725","Megabenthos",1999,0.0107292850769679
"726","Megabenthos",2000,0.0281650773310081
"727","Megabenthos",2001,0.0355235811201729
"728","Megabenthos",2002,0.0373754947699445
"729","Megabenthos",2003,0.0367418938438914
"730","Megabenthos",2004,0.0224892280107126
"731","Megabenthos",2005,0.0304166658665066
"732","Megabenthos",2006,0.0191146258522197
"733","Megabenthos",2007,0.0302403009411399
"734","Megabenthos",2008,0.0252948813691157
"735","Megabenthos",2009,0.0186338106857954
"736","Megabenthos",2010,0.0211053996965285
"737","Megabenthos",2011,0.0156134651558815
"738","Megabenthos",2012,0.022999204775692
"739","Megabenthos",2013,0.0296241034106542
"740","Megabenthos",2014,0.0352202600095331
"741","Megabenthos",2015,0.0291461853656607
"742","Megabenthos",2016,0.0357321684481798
"743","Megabenthos",2017,0.0415288951657101
"744","Megabenthos",2018,0.0416552182500691
"745","Megabenthos",2019,0.0285487729586446
"746","Megabenthos",2020,0.0257017769828296
"747","Megabenthos",2021,0.0216233178180119
"748","Megabenthos",2022,0.0298801585129843
"749","Mesopelagics",1991,1.51291705127077e-09
"750","Mesopelagics",1992,1.33766515918398e-06
"751","Mesopelagics",1993,4.90278614497591e-08
"752","Mesopelagics",1995,7.41302314040588e-07
"753","Mesopelagics",1998,4.11544019922792e-10
"754","Mesopelagics",2001,3.199933750491e-09
"755","Mesopelagics",2005,2.23139484428379e-07
"756","Mesopelagics",2007,2.02622632504427e-06
"757","Mesopelagics",2008,1.36989494036293e-09
"758","Mesopelagics",2009,1.15313693295203e-07
"759","Mesopelagics",2011,6.3397571638488e-08
"760","Mesopelagics",2012,2.18535604447182e-06
"761","Mesopelagics",2013,6.94730985945957e-07
"762","Mesopelagics",2014,6.5732558697507e-07
"763","Mesopelagics",2015,5.86340648223629e-10
"764","Mesopelagics",2016,4.0039242636603e-10
"765","Mesopelagics",2017,1.37451169101845e-09
"766","Mesopelagics",2018,2.85415240148624e-09
"767","Mesopelagics",2019,5.17933964562732e-07
"768","Mesopelagics",2021,8.98548259443137e-08
"769","Mesopelagics",2022,1.37181339974264e-10
"770","OceanPout",1981,1.0986402230001e-05
"771","OceanPout",1982,7.98120175733515e-05
"772","OceanPout",1983,0.000826022795661366
"773","OceanPout",1984,0.0011347784174639
"774","OceanPout",1985,0.000904383378769084
"775","OceanPout",1986,0.00040390307638993
"776","OceanPout",1987,0.00128863200701546
"777","OceanPout",1988,0.00118073827069505
"778","OceanPout",1989,0.00196520352886912
"779","OceanPout",1990,0.00180579053084962
"780","OceanPout",1991,0.00185092958437988
"781","OceanPout",1992,0.000596742360781847
"782","OceanPout",1993,0.0003194101795883
"783","OceanPout",1994,0.000194843934545104
"784","OceanPout",1995,0.000227157547973861
"785","OceanPout",1996,3.46390843800504e-05
"786","OceanPout",1997,3.03336712172161e-05
"787","OceanPout",1998,2.25529461409682e-05
"788","OceanPout",1999,3.25653282053326e-05
"789","OceanPout",2000,1.4719431427011e-05
"790","OceanPout",2001,9.17266437825447e-06
"791","OceanPout",2002,1.74414935465734e-05
"792","OceanPout",2003,0.000102301950276766
"793","OceanPout",2004,2.62439078379495e-06
"794","OceanPout",2005,2.78970426261393e-07
"795","OceanPout",2006,8.86599878300407e-08
"796","OceanPout",2007,1.49882519014964e-06
"797","OceanPout",2008,1.44506313660394e-07
"798","OceanPout",2009,1.02952032131108e-07
"799","OceanPout",2010,1.90010241687057e-07
"800","OceanPout",2013,1.28336243991736e-09
"801","OceanPout",2014,7.18682966353723e-09
"802","OceanPout",2016,2.97740086060828e-08
"803","OceanPout",2017,5.13344975966945e-09
"804","OceanPout",2018,2.39379404946026e-08
"805","OceanPout",2020,0
"806","OceanPout",2021,0
"807","OceanPout",2022,0
"808","OceanQuahog",1984,5.77279772275183e-05
"809","OceanQuahog",1985,0.000915710038771509
"810","OceanQuahog",1986,0.0014273302199158
"811","OceanQuahog",1987,0.000660119536300833
"812","OceanQuahog",1988,0.00432034928530913
"813","OceanQuahog",1989,0.0037420145000598
"814","OceanQuahog",1990,0.00320442991991519
"815","OceanQuahog",1991,0.00290595174779447
"816","OceanQuahog",1992,0.00245512869883581
"817","OceanQuahog",1993,0.00983107539407531
"818","OceanQuahog",1994,0.00267075476387519
"819","OceanQuahog",1995,0.0229714515436926
"820","OceanQuahog",1996,0.0294071764782248
"821","OceanQuahog",1997,0.0352945012729276
"822","OceanQuahog",1998,0.017741931896255
"823","OceanQuahog",1999,0.0229702566106597
"824","OceanQuahog",2000,0.0234113553826437
"825","OceanQuahog",2001,0.0167469927902005
"826","OceanQuahog",2002,0.0128054051351335
"827","OceanQuahog",2003,0.00718024493179437
"828","OceanQuahog",2004,0.0107140551273025
"829","OceanQuahog",2005,0.00323156747214228
"830","OceanQuahog",2006,0.00428596136125318
"831","OceanQuahog",2007,0.0069374627651171
"832","OceanQuahog",2008,0.00474735070907898
"833","OceanQuahog",2009,0.00888163188135979
"834","OceanQuahog",2010,0.00866949357437233
"835","OceanQuahog",2011,0.00427639431709347
"836","OceanQuahog",2012,0.00820655136792116
"837","OceanQuahog",2013,0.0135321170798987
"838","OceanQuahog",2014,0.0190445105695395
"839","OceanQuahog",2015,0.00640458110420185
"840","OceanQuahog",2016,0.0116656752746204
"841","OceanQuahog",2017,0.0239610307445667
"842","OceanQuahog",2018,0.0182671086239267
"843","OceanQuahog",2019,0.0178539667824471
"844","OceanQuahog",2020,0.0235558887544896
"845","OceanQuahog",2021,0.0257839172105857
"846","OceanQuahog",2022,0.0587090201469977
"847","OtherCephalopods",1981,2.96143413640973e-05
"848","OtherCephalopods",1982,0.000883797241713422
"849","OtherCephalopods",1983,0.00353814575297062
"850","OtherCephalopods",1984,0.000389362947252138
"851","OtherCephalopods",1985,0.000175993526498825
"852","OtherCephalopods",1986,7.131030775919e-05
"853","OtherCephalopods",1987,8.63913043098228e-05
"854","OtherCephalopods",1988,9.73055815789573e-06
"855","OtherCephalopods",1989,0.000268510166069407
"856","OtherCephalopods",1990,0.00144508938371184
"857","OtherCephalopods",1991,0.00192131395437469
"858","OtherCephalopods",1992,0.00353609210939841
"859","OtherCephalopods",1993,0.0009924310389033
"860","OtherCephalopods",1994,0.000569453055006442
"861","OtherCephalopods",1995,0.0021963730115217
"862","OtherCephalopods",1996,0.000671235968741486
"863","OtherCephalopods",1997,0.00100440720376817
"864","OtherCephalopods",1998,0.000124026919411318
"865","OtherCephalopods",1999,0.000131641620561998
"866","OtherCephalopods",2000,0.000131407792134513
"867","OtherCephalopods",2001,0.000308900069809643
"868","OtherCephalopods",2002,0.000209858379197518
"869","OtherCephalopods",2003,3.40474115185012e-06
"870","OtherCephalopods",2004,8.99790043268314e-06
"871","OtherCephalopods",2011,2.43051038576998e-09
"872","OtherCephalopods",2012,1.04352957933541e-06
"873","OtherCephalopods",2013,7.25594013799882e-07
"874","OtherCephalopods",2014,6.74160531618635e-07
"875","OtherCephalopods",2015,2.93915338538261e-08
"876","OtherCephalopods",2016,3.95830177221353e-07
"877","OtherCephalopods",2019,5.10750386879357e-07
"878","OtherCephalopods",2020,4.34681180322857e-08
"879","OtherCephalopods",2022,1.21322917763933e-06
"880","OtherDemersals",1981,0.0276459756596232
"881","OtherDemersals",1982,0.0178732776665509
"882","OtherDemersals",1983,0.0106886146867293
"883","OtherDemersals",1984,0.0101311936549685
"884","OtherDemersals",1985,0.0104335568583339
"885","OtherDemersals",1986,0.00752493342553428
"886","OtherDemersals",1987,0.00848197392628791
"887","OtherDemersals",1988,0.0100348211514253
"888","OtherDemersals",1989,0.0147229901110407
"889","OtherDemersals",1990,0.0117501311278938
"890","OtherDemersals",1991,0.0157143656023233
"891","OtherDemersals",1992,0.0187766069392539
"892","OtherDemersals",1993,0.0151972445161858
"893","OtherDemersals",1994,0.00901454827706097
"894","OtherDemersals",1995,0.00634746152866635
"895","OtherDemersals",1996,0.00553459205606562
"896","OtherDemersals",1997,0.00640697537281004
"897","OtherDemersals",1998,0.00442684774847281
"898","OtherDemersals",1999,0.00368013885573956
"899","OtherDemersals",2000,0.00551263498526661
"900","OtherDemersals",2001,0.00763427520541061
"901","OtherDemersals",2002,0.00653914210134757
"902","OtherDemersals",2003,0.00529263673891298
"903","OtherDemersals",2004,0.0145830226266488
"904","OtherDemersals",2005,0.00779118181832227
"905","OtherDemersals",2006,0.00773741095294792
"906","OtherDemersals",2007,0.00493435592370773
"907","OtherDemersals",2008,0.00495847685303576
"908","OtherDemersals",2009,0.0047124421848868
"909","OtherDemersals",2010,0.0174654869158695
"910","OtherDemersals",2011,0.0100021092788098
"911","OtherDemersals",2012,0.00805694701303006
"912","OtherDemersals",2013,0.00572864152627493
"913","OtherDemersals",2014,0.00696769612491774
"914","OtherDemersals",2015,0.00534650187148218
"915","OtherDemersals",2016,0.00717348245208942
"916","OtherDemersals",2017,0.00723974560383565
"917","OtherDemersals",2018,0.00924062336080048
"918","OtherDemersals",2019,0.00435886507650559
"919","OtherDemersals",2020,0.00168112834125139
"920","OtherDemersals",2021,0.00163966103889884
"921","OtherDemersals",2022,0.00123635979556523
"922","OtherPelagics",1981,2.25444651374243e-06
"923","OtherPelagics",1982,1.57358864574214e-06
"924","OtherPelagics",1983,6.98417492740193e-06
"925","OtherPelagics",1984,0.00359402000350573
"926","OtherPelagics",1985,0.000938688484728107
"927","OtherPelagics",1986,4.33167286870931e-06
"928","OtherPelagics",1987,3.08915639844163e-05
"929","OtherPelagics",1988,1.20856541166547e-05
"930","OtherPelagics",1989,4.44784826090988e-05
"931","OtherPelagics",1990,5.14315615307279e-05
"932","OtherPelagics",1991,0.000102004751724357
"933","OtherPelagics",1992,5.62832315433741e-05
"934","OtherPelagics",1993,4.13907139869017e-05
"935","OtherPelagics",1994,0.000763863420941312
"936","OtherPelagics",1995,0.000208192532078949
"937","OtherPelagics",1996,2.51755238191671e-05
"938","OtherPelagics",1997,2.62182290917555e-05
"939","OtherPelagics",1998,9.28172081631867e-05
"940","OtherPelagics",1999,1.52863593869299e-05
"941","OtherPelagics",2000,2.41574263519402e-05
"942","OtherPelagics",2001,0.000170632504842753
"943","OtherPelagics",2002,4.05548813409281e-05
"944","OtherPelagics",2003,9.86360933208773e-05
"945","OtherPelagics",2004,3.10489969192875e-05
"946","OtherPelagics",2005,1.56208928138722e-05
"947","OtherPelagics",2006,3.03635986607863e-05
"948","OtherPelagics",2007,0.000458280874196866
"949","OtherPelagics",2008,0.000238221939254044
"950","OtherPelagics",2009,6.01945762642225e-05
"951","OtherPelagics",2010,6.62152540397539e-05
"952","OtherPelagics",2011,0.00110464310949105
"953","OtherPelagics",2012,0.00175197651799593
"954","OtherPelagics",2013,9.98249532685204e-05
"955","OtherPelagics",2014,0.00184921851639112
"956","OtherPelagics",2015,0.00163473106307058
"957","OtherPelagics",2016,3.5283128422481e-05
"958","OtherPelagics",2017,0.000890016222093894
"959","OtherPelagics",2018,0.00325177262027439
"960","OtherPelagics",2019,0.000909405702774089
"961","OtherPelagics",2020,0.000387125875347443
"962","OtherPelagics",2021,0.00119269380536572
"963","OtherPelagics",2022,0.00151796809939015
"964","OtherShrimps",1982,2.21882266970853e-06
"965","OtherShrimps",1983,1.18332499623425e-05
"966","OtherShrimps",1984,1.40530807479622e-06
"967","OtherShrimps",1985,0.000410482847752827
"968","OtherShrimps",1986,0.000113961261583146
"969","OtherShrimps",1987,0.00112591537995383
"970","OtherShrimps",1988,0.00106459865611076
"971","OtherShrimps",1989,0.000196215264124939
"972","OtherShrimps",1990,0.000110135252295147
"973","OtherShrimps",1991,0.000328122401593823
"974","OtherShrimps",1992,0.000178696828060495
"975","OtherShrimps",1993,5.64191942910984e-06
"976","OtherShrimps",1994,0.000147144666691155
"977","OtherShrimps",1995,0.000286057632140106
"978","OtherShrimps",1996,0.000287202227201607
"979","OtherShrimps",1997,0.000168140529174627
"980","OtherShrimps",1998,1.97721750954646e-05
"981","OtherShrimps",1999,1.08029383133762e-05
"982","OtherShrimps",2001,5.61621435037562e-06
"983","OtherShrimps",2004,4.93587742222393e-06
"984","OtherShrimps",2005,2.42934775831344e-06
"985","OtherShrimps",2006,6.83808770610274e-05
"986","OtherShrimps",2007,0.000122246247199437
"987","OtherShrimps",2009,4.15208682430039e-05
"988","OtherShrimps",2010,1.83051834093769e-05
"989","OtherShrimps",2011,1.31980713361547e-05
"990","OtherShrimps",2012,3.49321538493783e-05
"991","OtherShrimps",2018,3.7835211991869e-06
"992","OtherShrimps",2021,5.19297861538638e-09
"993","OtherSkates",1981,0.00025712774993079
"994","OtherSkates",1982,0.000156552656188102
"995","OtherSkates",1983,0.000816916011598142
"996","OtherSkates",1984,0.000270475685999878
"997","OtherSkates",1985,0.000389319781924978
"998","OtherSkates",1986,0.00017823902916312
"999","OtherSkates",1987,0.00051122719697556
"1000","OtherSkates",1988,0.00046658634233805
"1001","OtherSkates",1989,0.0166058840005011
"1002","OtherSkates",1990,0.0192168449727622
"1003","OtherSkates",1991,0.0210630245771274
"1004","OtherSkates",1992,0.0248646111016316
"1005","OtherSkates",1993,0.0146602811636844
"1006","OtherSkates",1994,0.0148122088148478
"1007","OtherSkates",1995,0.00699116602695782
"1008","OtherSkates",1996,0.00477926065798357
"1009","OtherSkates",1997,0.00562786113578785
"1010","OtherSkates",1998,0.00318911171236743
"1011","OtherSkates",1999,0.00267535500244375
"1012","OtherSkates",2000,0.00829347612982516
"1013","OtherSkates",2001,0.00684287293117892
"1014","OtherSkates",2002,0.00675321797317154
"1015","OtherSkates",2003,0.00946690491398931
"1016","OtherSkates",2004,0.0214798633299907
"1017","OtherSkates",2005,0.0125134708241529
"1018","OtherSkates",2006,0.0160612828241058
"1019","OtherSkates",2007,0.0199031903358023
"1020","OtherSkates",2008,0.0117223216368807
"1021","OtherSkates",2009,0.0163472012271699
"1022","OtherSkates",2010,0.00637298747464396
"1023","OtherSkates",2011,0.00482162721955375
"1024","OtherSkates",2012,0.00860662212016881
"1025","OtherSkates",2013,0.0101017560446568
"1026","OtherSkates",2014,0.00245355210420267
"1027","OtherSkates",2015,0.00563551432427003
"1028","OtherSkates",2016,0.000514649086348109
"1029","OtherSkates",2017,0.000173997459123152
"1030","OtherSkates",2018,0.00025951339679557
"1031","OtherSkates",2019,0.000133541691534905
"1032","OtherSkates",2020,0.00028922344883817
"1033","OtherSkates",2021,0.000347964651961947
"1034","OtherSkates",2022,0.000215232693762174
"1035","Pollock",1981,0.056117587545825
"1036","Pollock",1982,0.0658267838773409
"1037","Pollock",1983,0.0515671816856161
"1038","Pollock",1984,0.0289167959751358
"1039","Pollock",1985,0.0317467602370247
"1040","Pollock",1986,0.0464766611683924
"1041","Pollock",1987,0.0527220936934758
"1042","Pollock",1988,0.0475313999154416
"1043","Pollock",1989,0.0345744811056681
"1044","Pollock",1990,0.038557154549346
"1045","Pollock",1991,0.0383309498298591
"1046","Pollock",1992,0.0513459919554193
"1047","Pollock",1993,0.0641313687895
"1048","Pollock",1994,0.0472797344848469
"1049","Pollock",1995,0.0176882968018891
"1050","Pollock",1996,0.018502208496686
"1051","Pollock",1997,0.0208373499063727
"1052","Pollock",1998,0.0314933875829271
"1053","Pollock",1999,0.0202234251436918
"1054","Pollock",2000,0.0208393425040353
"1055","Pollock",2001,0.0271005154167623
"1056","Pollock",2002,0.029190315910921
"1057","Pollock",2003,0.00804869496180831
"1058","Pollock",2004,0.0341735638834909
"1059","Pollock",2005,0.0299408708800433
"1060","Pollock",2006,0.0172855382183602
"1061","Pollock",2007,0.0173889885674745
"1062","Pollock",2008,0.00946002640938198
"1063","Pollock",2009,0.00980588752967931
"1064","Pollock",2010,0.0185524941781852
"1065","Pollock",2011,0.0310616346840711
"1066","Pollock",2012,0.0250793716763459
"1067","Pollock",2013,0.00437641758334093
"1068","Pollock",2014,0.0161264269801791
"1069","Pollock",2015,0.0201173454089523
"1070","Pollock",2016,0.0234641307531004
"1071","Pollock",2017,0.0136791506350236
"1072","Pollock",2018,0.0122039753419025
"1073","Pollock",2019,0.00243818856350634
"1074","Pollock",2020,0.00280455684951052
"1075","Pollock",2021,0.00303846096783967
"1076","Pollock",2022,0.00276428511165184
"1077","RedHake",1981,0.00360963412885667
"1078","RedHake",1982,0.00178213459068504
"1079","RedHake",1983,0.00142146705769641
"1080","RedHake",1984,0.00156125087828477
"1081","RedHake",1985,0.00124258974913467
"1082","RedHake",1986,0.00128815438898864
"1083","RedHake",1987,0.00317881798771064
"1084","RedHake",1988,0.00315528155642413
"1085","RedHake",1989,0.00388065977409291
"1086","RedHake",1990,0.00285518720116599
"1087","RedHake",1991,0.00184118321150141
"1088","RedHake",1992,0.00332267622091159
"1089","RedHake",1993,0.0024035461718686
"1090","RedHake",1994,0.00336033828881705
"1091","RedHake",1995,0.00216479262276816
"1092","RedHake",1996,0.00218653309211639
"1093","RedHake",1997,0.00244448694141391
"1094","RedHake",1998,0.00362882236286403
"1095","RedHake",1999,0.00362992216466477
"1096","RedHake",2000,0.00383938504268607
"1097","RedHake",2001,0.00484844196634446
"1098","RedHake",2002,0.00272107911447557
"1099","RedHake",2003,0.00521351861809526
"1100","RedHake",2004,0.00405852181350039
"1101","RedHake",2005,0.00190865235461607
"1102","RedHake",2006,0.00227627310980775
"1103","RedHake",2007,0.00228766045289789
"1104","RedHake",2008,0.00180633902002067
"1105","RedHake",2009,0.00250335593700169
"1106","RedHake",2010,0.00204693437431711
"1107","RedHake",2011,0.00229793965560683
"1108","RedHake",2012,0.00220956587909905
"1109","RedHake",2013,0.00197352021671023
"1110","RedHake",2014,0.00183353384938436
"1111","RedHake",2015,0.00113354749787131
"1112","RedHake",2016,0.00110633765167592
"1113","RedHake",2017,0.00084660946606144
"1114","RedHake",2018,0.000919310411991695
"1115","RedHake",2019,0.000353043464900064
"1116","RedHake",2020,0.000511945667286734
"1117","RedHake",2021,0.000499677906272608
"1118","RedHake",2022,0.000455699875776001
"1119","Redfish",1981,0.00653604198674065
"1120","Redfish",1982,0.00507246281580118
"1121","Redfish",1983,0.00296836250760285
"1122","Redfish",1984,0.00314245619166555
"1123","Redfish",1985,0.00500925148602681
"1124","Redfish",1986,0.00429779691255141
"1125","Redfish",1987,0.00275587185071495
"1126","Redfish",1988,0.00285774540164853
"1127","Redfish",1989,0.00102560334351951
"1128","Redfish",1990,0.000951397848696284
"1129","Redfish",1991,0.00112265784712817
"1130","Redfish",1992,0.00174069087574794
"1131","Redfish",1993,0.00190039388058465
"1132","Redfish",1994,0.000699975332536361
"1133","Redfish",1995,0.000973677366078979
"1134","Redfish",1996,0.000705268526008545
"1135","Redfish",1997,0.000707647257069094
"1136","Redfish",1998,0.00118837708992425
"1137","Redfish",1999,0.000746453687537922
"1138","Redfish",2000,0.00062304655020647
"1139","Redfish",2001,0.00121234905421896
"1140","Redfish",2002,0.00124723381781923
"1141","Redfish",2003,0.000620029985698202
"1142","Redfish",2004,0.000927278126831966
"1143","Redfish",2005,0.0020693171894252
"1144","Redfish",2006,0.00154354292102107
"1145","Redfish",2007,0.00169494122576188
"1146","Redfish",2008,0.00150686157005879
"1147","Redfish",2009,0.00202441602521048
"1148","Redfish",2010,0.00391573886306036
"1149","Redfish",2011,0.00434734919699706
"1150","Redfish",2012,0.00397576135119269
"1151","Redfish",2013,0.00296024384319886
"1152","Redfish",2014,0.00361748364062509
"1153","Redfish",2015,0.0040712534529123
"1154","Redfish",2016,0.00487747989228045
"1155","Redfish",2017,0.00497902556884031
"1156","Redfish",2018,0.00401135102522436
"1157","Redfish",2019,0.00254836997983949
"1158","Redfish",2020,0.00371055046450612
"1159","Redfish",2021,0.00355705527592577
"1160","Redfish",2022,0.00268852001167742
"1161","RiverHerring",1981,6.06281820087281e-06
"1162","RiverHerring",1982,1.49511653772069e-05
"1163","RiverHerring",1983,5.79537911546118e-06
"1164","RiverHerring",1984,3.7661077128349e-05
"1165","RiverHerring",1985,0.000122765338069457
"1166","RiverHerring",1986,2.81079034054834e-05
"1167","RiverHerring",1987,5.27159913136605e-05
"1168","RiverHerring",1988,5.55353139823108e-05
"1169","RiverHerring",1989,0.000129536162131565
"1170","RiverHerring",1990,0.000115750520731366
"1171","RiverHerring",1991,8.66122035664901e-05
"1172","RiverHerring",1992,7.11644247224853e-05
"1173","RiverHerring",1993,7.70454699427796e-05
"1174","RiverHerring",1994,1.02103777371511e-05
"1175","RiverHerring",1995,4.82190033324419e-06
"1176","RiverHerring",1996,3.84652984838738e-06
"1177","RiverHerring",1997,2.94584551955215e-05
"1178","RiverHerring",1998,1.20988624623902e-05
"1179","RiverHerring",1999,1.18132495106253e-05
"1180","RiverHerring",2000,1.21376372848732e-05
"1181","RiverHerring",2001,6.58364050330019e-06
"1182","RiverHerring",2002,6.23507553570617e-06
"1183","RiverHerring",2003,7.32543836682671e-06
"1184","RiverHerring",2004,2.62620163082074e-05
"1185","RiverHerring",2005,2.15686568570152e-06
"1186","RiverHerring",2006,6.12841556788443e-07
"1187","RiverHerring",2007,5.43180833201509e-07
"1188","RiverHerring",2008,1.40514959894188e-06
"1189","RiverHerring",2009,6.05943692704456e-07
"1190","RiverHerring",2010,1.99724382284345e-08
"1191","RiverHerring",2011,3.62807391762104e-08
"1192","RiverHerring",2012,3.85550985576225e-07
"1193","RiverHerring",2017,5.4028649881929e-05
"1194","RiverHerring",2018,1.50195937078392e-07
"1195","RiverHerring",2019,6.39012078367661e-08
"1196","RiverHerring",2020,0
"1197","RiverHerring",2021,4.35695072507526e-08
"1198","RiverHerring",2022,5.5568020035947e-09
"1199","Scup",1981,0.0131843615053908
"1200","Scup",1982,0.0121678535595303
"1201","Scup",1983,0.0175728765322659
"1202","Scup",1984,0.0111884643731425
"1203","Scup",1985,0.0107602684581731
"1204","Scup",1986,0.0181825814136583
"1205","Scup",1987,0.0160007409473003
"1206","Scup",1988,0.00966413730463823
"1207","Scup",1989,0.0102366576331652
"1208","Scup",1990,0.0115954287940981
"1209","Scup",1991,0.00910162926627932
"1210","Scup",1992,0.0100850167074288
"1211","Scup",1993,0.00809907153357215
"1212","Scup",1994,0.00530984365438393
"1213","Scup",1995,0.00421139777633477
"1214","Scup",1996,0.00545353262163157
"1215","Scup",1997,0.00780806103075736
"1216","Scup",1998,0.00517599457859531
"1217","Scup",1999,0.00316455273000581
"1218","Scup",2000,0.00190470363432877
"1219","Scup",2001,0.00243523667939087
"1220","Scup",2002,0.00334136255395784
"1221","Scup",2003,0.00470961299360181
"1222","Scup",2004,0.00365087909982368
"1223","Scup",2005,0.00356099516568283
"1224","Scup",2006,0.00336649038040162
"1225","Scup",2007,0.00262962024141305
"1226","Scup",2008,0.00178748146094704
"1227","Scup",2009,0.00332222312911007
"1228","Scup",2010,0.00530738626225538
"1229","Scup",2011,0.00612368629610614
"1230","Scup",2012,0.00843092800367085
"1231","Scup",2013,0.00860659357557104
"1232","Scup",2014,0.0077478788188902
"1233","Scup",2015,0.00804128824259968
"1234","Scup",2016,0.00835490665787299
"1235","Scup",2017,0.00877592945715401
"1236","Scup",2018,0.00585288618195737
"1237","Scup",2019,0.00662209142247664
"1238","Scup",2020,0.00449357563771487
"1239","Scup",2021,0.00445040292049841
"1240","Scup",2022,0.00483331686586
"1241","Sharks",1981,0.000168132892958899
"1242","Sharks",1982,0.000385135242323139
"1243","Sharks",1983,0.000185571095552671
"1244","Sharks",1984,7.63380602619395e-05
"1245","Sharks",1985,0.000870824098350281
"1246","Sharks",1986,0.000376404042560632
"1247","Sharks",1987,0.000329346037446189
"1248","Sharks",1988,0.00030412681739716
"1249","Sharks",1989,0.000394407513666926
"1250","Sharks",1990,0.000586445683709818
"1251","Sharks",1991,0.000361228440605763
"1252","Sharks",1992,0.0018252147384498
"1253","Sharks",1993,0.000744710274947558
"1254","Sharks",1994,0.00128882531475986
"1255","Sharks",1995,0.000456117028490512
"1256","Sharks",1996,0.000418484272790546
"1257","Sharks",1997,0.000427088045909757
"1258","Sharks",1998,0.000833467717162578
"1259","Sharks",1999,0.000913429766026692
"1260","Sharks",2000,0.000428892754496361
"1261","Sharks",2001,0.000161075463559956
"1262","Sharks",2002,0.000179188310359873
"1263","Sharks",2003,5.56039423501828e-05
"1264","Sharks",2004,5.37702169725034e-05
"1265","Sharks",2005,9.81316158824681e-05
"1266","Sharks",2006,7.46979706713034e-05
"1267","Sharks",2007,8.69662352443812e-05
"1268","Sharks",2008,7.12458688383008e-05
"1269","Sharks",2009,2.22340583216883e-05
"1270","Sharks",2010,7.58626089056464e-05
"1271","Sharks",2011,0.000179000274447349
"1272","Sharks",2012,0.000188632791100439
"1273","Sharks",2013,7.64679950882391e-05
"1274","Sharks",2014,0.000134598052534193
"1275","Sharks",2015,2.09109230621773e-05
"1276","Sharks",2016,9.58636500530254e-05
"1277","Sharks",2017,3.94526487394761e-05
"1278","Sharks",2018,1.18967097769223e-05
"1279","Sharks",2019,4.2539146243393e-06
"1280","Sharks",2020,1.59311452557701e-05
"1281","Sharks",2021,2.98197415262003e-07
"1282","Sharks",2022,1.24542733017637e-06
"1283","SilverHake",1981,0.0204773896149908
"1284","SilverHake",1982,0.0343872675176528
"1285","SilverHake",1983,0.0188571377310635
"1286","SilverHake",1984,0.0260316764241181
"1287","SilverHake",1985,0.0225863495977062
"1288","SilverHake",1986,0.0284194214970716
"1289","SilverHake",1987,0.0337392564789122
"1290","SilverHake",1988,0.0563101246589823
"1291","SilverHake",1989,0.0654690532568463
"1292","SilverHake",1990,0.0689359690586737
"1293","SilverHake",1991,0.0776261687437209
"1294","SilverHake",1992,0.0895842309632321
"1295","SilverHake",1993,0.0584853818572231
"1296","SilverHake",1994,0.0404086596419714
"1297","SilverHake",1995,0.0454947015995233
"1298","SilverHake",1996,0.0587196334029378
"1299","SilverHake",1997,0.0571453632975289
"1300","SilverHake",1998,0.0654040370485508
"1301","SilverHake",1999,0.0793227480101984
"1302","SilverHake",2000,0.0646033499681699
"1303","SilverHake",2001,0.0676085580088139
"1304","SilverHake",2002,0.0364741667257225
"1305","SilverHake",2003,0.0690106582676906
"1306","SilverHake",2004,0.0585766555839032
"1307","SilverHake",2005,0.0519290399656602
"1308","SilverHake",2006,0.0346083034599045
"1309","SilverHake",2007,0.0347806336756323
"1310","SilverHake",2008,0.0303903495550802
"1311","SilverHake",2009,0.0389597678274876
"1312","SilverHake",2010,0.0494255616652296
"1313","SilverHake",2011,0.0480567315851737
"1314","SilverHake",2012,0.0396681262794252
"1315","SilverHake",2013,0.0444298719348789
"1316","SilverHake",2014,0.0526365103549267
"1317","SilverHake",2015,0.0438118353939866
"1318","SilverHake",2016,0.0430350146818034
"1319","SilverHake",2017,0.0346331697926683
"1320","SilverHake",2018,0.0288661549037275
"1321","SilverHake",2019,0.0176707149733661
"1322","SilverHake",2020,0.0274107974616922
"1323","SilverHake",2021,0.032166257788268
"1324","SilverHake",2022,0.0325419231255563
"1325","SmPelagics",1995,6.68426075921434e-06
"1326","SmPelagics",1997,4.00483526229675e-07
"1327","SmPelagics",1999,4.29089492388937e-07
"1328","SmPelagics",2002,5.92143499496734e-06
"1329","SmPelagics",2003,3.814128821235e-07
"1330","SmPelagics",2004,1.53497967073514e-10
"1331","SmPelagics",2008,3.17255037358292e-09
"1332","SmPelagics",2013,9.97096898699282e-06
"1333","SmoothDogfish",1983,7.29270980984523e-08
"1334","SmoothDogfish",1985,1.41510639491167e-05
"1335","SmoothDogfish",1987,4.55618814294306e-06
"1336","SmoothDogfish",1991,1.53960319727314e-05
"1337","SmoothDogfish",1992,2.39572169321157e-05
"1338","SmoothDogfish",1993,1.03105174976064e-05
"1339","SmoothDogfish",1994,3.4813077612042e-05
"1340","SmoothDogfish",1996,5.15770031543769e-06
"1341","SmoothDogfish",1997,0.00027658373020936
"1342","SmoothDogfish",1998,3.40362790975543e-06
"1343","SmoothDogfish",1999,1.3568351730342e-05
"1344","SmoothDogfish",2000,4.37053657131011e-06
"1345","SmoothDogfish",2001,1.44414548158705e-05
"1346","SmoothDogfish",2002,1.47020495115395e-05
"1347","SmoothDogfish",2003,1.81585711284997e-05
"1348","SmoothDogfish",2004,2.0741576769449e-05
"1349","SmoothDogfish",2005,5.1122774818789e-05
"1350","SmoothDogfish",2006,0.000178022485803228
"1351","SmoothDogfish",2007,4.60214085766934e-05
"1352","SmoothDogfish",2008,2.4328883532138e-05
"1353","SmoothDogfish",2009,0.000129790465432675
"1354","SmoothDogfish",2010,0.000133639667121309
"1355","SmoothDogfish",2011,0.000170469027364146
"1356","SmoothDogfish",2012,2.31240355465426e-05
"1357","SmoothDogfish",2013,6.31275285835725e-05
"1358","SmoothDogfish",2014,3.98095565158428e-05
"1359","SmoothDogfish",2015,8.41768677115746e-05
"1360","SmoothDogfish",2016,6.52903045073859e-05
"1361","SmoothDogfish",2017,0.000153906173870563
"1362","SmoothDogfish",2018,8.83388195108012e-05
"1363","SmoothDogfish",2019,9.72722174472415e-05
"1364","SmoothDogfish",2020,8.64900366300882e-05
"1365","SmoothDogfish",2021,0.000142929019649244
"1366","SmoothDogfish",2022,0.000160035330569684
"1367","SouthernDemersals",1981,0.000341445920742329
"1368","SouthernDemersals",1982,0.000270593238210674
"1369","SouthernDemersals",1983,0.000181413753953863
"1370","SouthernDemersals",1984,0.000114205615381318
"1371","SouthernDemersals",1985,0.000378676759799009
"1372","SouthernDemersals",1986,0.000635761012745762
"1373","SouthernDemersals",1987,0.000693976797095439
"1374","SouthernDemersals",1988,0.000197218065295966
"1375","SouthernDemersals",1989,0.000232646360904551
"1376","SouthernDemersals",1990,0.000333409904569532
"1377","SouthernDemersals",1991,0.000168403862266518
"1378","SouthernDemersals",1992,0.000442467472169911
"1379","SouthernDemersals",1993,0.000849059711489398
"1380","SouthernDemersals",1994,0.000305800112075848
"1381","SouthernDemersals",1995,0.000128299071744366
"1382","SouthernDemersals",1996,0.000157402636369281
"1383","SouthernDemersals",1997,0.000229314846861397
"1384","SouthernDemersals",1998,0.000237508479949738
"1385","SouthernDemersals",1999,0.000131574549319912
"1386","SouthernDemersals",2000,8.21062340694939e-05
"1387","SouthernDemersals",2001,0.000196589856041429
"1388","SouthernDemersals",2002,0.00114246209352531
"1389","SouthernDemersals",2003,0.000282355394810427
"1390","SouthernDemersals",2004,0.00154722471558619
"1391","SouthernDemersals",2005,0.000479405136936629
"1392","SouthernDemersals",2006,0.000398663259218724
"1393","SouthernDemersals",2007,0.000309692103615161
"1394","SouthernDemersals",2008,0.000399287553102476
"1395","SouthernDemersals",2009,0.000352681477692802
"1396","SouthernDemersals",2010,0.00013804242264221
"1397","SouthernDemersals",2011,0.000151413463363606
"1398","SouthernDemersals",2012,0.000181446101712896
"1399","SouthernDemersals",2013,0.000392926612706171
"1400","SouthernDemersals",2014,0.000372744552344641
"1401","SouthernDemersals",2015,0.0003546180978776
"1402","SouthernDemersals",2016,0.000141306563353405
"1403","SouthernDemersals",2017,0.000167463833603438
"1404","SouthernDemersals",2018,0.000154735220275836
"1405","SouthernDemersals",2019,0.000130802154514236
"1406","SouthernDemersals",2020,0.000201575685283055
"1407","SouthernDemersals",2021,0.000257528172109801
"1408","SouthernDemersals",2022,0.000434758614836287
"1409","SpinyDogfish",1981,2.52512976250232e-05
"1410","SpinyDogfish",1982,0.000130271656712179
"1411","SpinyDogfish",1983,1.38082825439406e-06
"1412","SpinyDogfish",1984,1.34012516593816e-05
"1413","SpinyDogfish",1985,0.000268594430503154
"1414","SpinyDogfish",1986,0.0015028124811945
"1415","SpinyDogfish",1987,0.000608958537382535
"1416","SpinyDogfish",1988,0.00125240174981711
"1417","SpinyDogfish",1989,0.000152118087052977
"1418","SpinyDogfish",1990,0.00586664959344271
"1419","SpinyDogfish",1991,0.0112625751269501
"1420","SpinyDogfish",1992,0.021777732330176
"1421","SpinyDogfish",1993,0.0599758229146715
"1422","SpinyDogfish",1994,0.0491850323031879
"1423","SpinyDogfish",1995,0.0754964601260154
"1424","SpinyDogfish",1996,0.0650445623255308
"1425","SpinyDogfish",1997,0.0478211197261491
"1426","SpinyDogfish",1998,0.0533120055265039
"1427","SpinyDogfish",1999,0.0500103198579168
"1428","SpinyDogfish",2000,0.0300734192180998
"1429","SpinyDogfish",2001,0.0217252061674953
"1430","SpinyDogfish",2002,0.0142775984713646
"1431","SpinyDogfish",2003,0.0109937340124272
"1432","SpinyDogfish",2004,0.00340913713384058
"1433","SpinyDogfish",2005,0.00527809550191267
"1434","SpinyDogfish",2006,0.00668016520185832
"1435","SpinyDogfish",2007,0.00750117329079113
"1436","SpinyDogfish",2008,0.00571731606006966
"1437","SpinyDogfish",2009,0.00743875637472408
"1438","SpinyDogfish",2010,0.0142495506124566
"1439","SpinyDogfish",2011,0.0239485914701765
"1440","SpinyDogfish",2012,0.0388001935195082
"1441","SpinyDogfish",2013,0.0279955206827864
"1442","SpinyDogfish",2014,0.0455267777654082
"1443","SpinyDogfish",2015,0.043412236658988
"1444","SpinyDogfish",2016,0.083001769914066
"1445","SpinyDogfish",2017,0.0605968615715087
"1446","SpinyDogfish",2018,0.0486656363685438
"1447","SpinyDogfish",2019,0.041143669828254
"1448","SpinyDogfish",2020,0.0416540375741944
"1449","SpinyDogfish",2021,0.0239474440809332
"1450","SpinyDogfish",2022,0.0239799243940974
"1451","SummerFlounder",1981,0.00684006951318135
"1452","SummerFlounder",1982,0.0111563035844073
"1453","SummerFlounder",1983,0.0141638047979602
"1454","SummerFlounder",1984,0.0169685481965469
"1455","SummerFlounder",1985,0.0180953090162392
"1456","SummerFlounder",1986,0.0166048384480715
"1457","SummerFlounder",1987,0.0163416299341553
"1458","SummerFlounder",1988,0.0193197229213058
"1459","SummerFlounder",1989,0.0111876226637791
"1460","SummerFlounder",1990,0.00416113925954691
"1461","SummerFlounder",1991,0.00523809912836306
"1462","SummerFlounder",1992,0.00577237082971205
"1463","SummerFlounder",1993,0.00554243806861234
"1464","SummerFlounder",1994,0.0071305117922415
"1465","SummerFlounder",1995,0.00788502023122364
"1466","SummerFlounder",1996,0.00618177426877661
"1467","SummerFlounder",1997,0.00487820244623975
"1468","SummerFlounder",1998,0.00472413608147698
"1469","SummerFlounder",1999,0.00571732016129519
"1470","SummerFlounder",2000,0.00630150411854395
"1471","SummerFlounder",2001,0.00505318165917911
"1472","SummerFlounder",2002,0.00759678614334006
"1473","SummerFlounder",2003,0.00752919978077518
"1474","SummerFlounder",2004,0.00823326248539103
"1475","SummerFlounder",2005,0.00671459190534338
"1476","SummerFlounder",2006,0.00500596766217088
"1477","SummerFlounder",2007,0.00368057594678225
"1478","SummerFlounder",2008,0.00377819544507523
"1479","SummerFlounder",2009,0.00388801414079227
"1480","SummerFlounder",2010,0.00565490075513814
"1481","SummerFlounder",2011,0.00663017135656045
"1482","SummerFlounder",2012,0.00590562882028007
"1483","SummerFlounder",2013,0.00831438307064512
"1484","SummerFlounder",2014,0.00454351600685474
"1485","SummerFlounder",2015,0.00483926586451314
"1486","SummerFlounder",2016,0.00394211952532118
"1487","SummerFlounder",2017,0.00258005128116289
"1488","SummerFlounder",2018,0.00300913160449842
"1489","SummerFlounder",2019,0.00421048802289068
"1490","SummerFlounder",2020,0.00391486451899934
"1491","SummerFlounder",2021,0.00377261766993881
"1492","SummerFlounder",2022,0.00511079053304967
"1493","SurfClam",1982,0.0163079850380444
"1494","SurfClam",1983,0.0205841171967904
"1495","SurfClam",1984,0.0523136491470146
"1496","SurfClam",1985,0.0536810467692101
"1497","SurfClam",1986,0.0583216702796282
"1498","SurfClam",1987,0.0391037449343905
"1499","SurfClam",1988,0.039729767700594
"1500","SurfClam",1989,0.0313772747867078
"1501","SurfClam",1990,0.0183710000908853
"1502","SurfClam",1991,0.0151536773633353
"1503","SurfClam",1992,0.0121214770592649
"1504","SurfClam",1993,0.0164950922398471
"1505","SurfClam",1994,0.00837824988165954
"1506","SurfClam",1995,0.0450498188414012
"1507","SurfClam",1996,0.0095619878529337
"1508","SurfClam",1997,0.0122125210339726
"1509","SurfClam",1998,0.00814779649781065
"1510","SurfClam",1999,0.00346936500474363
"1511","SurfClam",2000,0.00827041261237537
"1512","SurfClam",2001,0.00344759486029948
"1513","SurfClam",2002,0.0455521951600733
"1514","SurfClam",2003,0.0115062097786593
"1515","SurfClam",2004,0.04299086141552
"1516","SurfClam",2005,0.0385847358392053
"1517","SurfClam",2006,0.01588191738963
"1518","SurfClam",2007,0.011262717551825
"1519","SurfClam",2008,0.0142252669574223
"1520","SurfClam",2009,0.0332967671881213
"1521","SurfClam",2010,0.0768653064425737
"1522","SurfClam",2011,0.0886826145339629
"1523","SurfClam",2012,0.134684851043946
"1524","SurfClam",2013,0.170300557017211
"1525","SurfClam",2014,0.15236373552608
"1526","SurfClam",2015,0.142449726516174
"1527","SurfClam",2016,0.152287195754778
"1528","SurfClam",2017,0.140271740497402
"1529","SurfClam",2018,0.127316779565333
"1530","SurfClam",2019,0.112894576891485
"1531","SurfClam",2020,0.0876295887197416
"1532","SurfClam",2021,0.0594546523044284
"1533","SurfClam",2022,0.0305383116701462
"1534","WhiteHake",1981,0.00697014366056367
"1535","WhiteHake",1982,0.00676907719389634
"1536","WhiteHake",1983,0.00608246630536165
"1537","WhiteHake",1984,0.00871863007024553
"1538","WhiteHake",1985,0.00975676481673555
"1539","WhiteHake",1986,0.0112028768763182
"1540","WhiteHake",1987,0.0113413828722174
"1541","WhiteHake",1988,0.011983095795775
"1542","WhiteHake",1989,0.01106349969514
"1543","WhiteHake",1990,0.0112572621106186
"1544","WhiteHake",1991,0.0128884321234211
"1545","WhiteHake",1992,0.0229009657546691
"1546","WhiteHake",1993,0.0344720349655318
"1547","WhiteHake",1994,0.0227691202533457
"1548","WhiteHake",1995,0.0117921953579454
"1549","WhiteHake",1996,0.00729588980521027
"1550","WhiteHake",1997,0.0050727714824573
"1551","WhiteHake",1998,0.00573620734845577
"1552","WhiteHake",1999,0.00628028717949466
"1553","WhiteHake",2000,0.00603809672314884
"1554","WhiteHake",2001,0.00718967619495181
"1555","WhiteHake",2002,0.0059068665861803
"1556","WhiteHake",2003,0.003327088258051
"1557","WhiteHake",2004,0.0036683383973099
"1558","WhiteHake",2005,0.00244199098013979
"1559","WhiteHake",2006,0.00212026014776258
"1560","WhiteHake",2007,0.00194282094306907
"1561","WhiteHake",2008,0.00111784512619903
"1562","WhiteHake",2009,0.00203922377655062
"1563","WhiteHake",2010,0.00356956874166097
"1564","WhiteHake",2011,0.00367964319588209
"1565","WhiteHake",2012,0.00310958109228707
"1566","WhiteHake",2013,0.00180814376604554
"1567","WhiteHake",2014,0.00228239588035091
"1568","WhiteHake",2015,0.00199419761056882
"1569","WhiteHake",2016,0.00146735916177163
"1570","WhiteHake",2017,0.00136413489513842
"1571","WhiteHake",2018,0.00130033591190209
"1572","WhiteHake",2019,0.000737875643884787
"1573","WhiteHake",2020,0.00115761818883623
"1574","WhiteHake",2021,0.00157732970982302
"1575","WhiteHake",2022,0.00114092164498259
"1576","Windowpane",1981,0.00819618885864238
"1577","Windowpane",1982,0.00608343730456662
"1578","Windowpane",1983,0.00762089050229955
"1579","Windowpane",1984,0.011530614032088
"1580","Windowpane",1985,0.0368487177896412
"1581","Windowpane",1986,0.031815237544868
"1582","Windowpane",1987,0.0237836739943096
"1583","Windowpane",1988,0.023081231904605
"1584","Windowpane",1989,0.0247661004162284
"1585","Windowpane",1990,0.0175125718875234
"1586","Windowpane",1991,0.0419522349858802
"1587","Windowpane",1992,0.0246746717141742
"1588","Windowpane",1993,0.0185925261978926
"1589","Windowpane",1994,0.00443117975239937
"1590","Windowpane",1995,0.00842629671758053
"1591","Windowpane",1996,0.0104137544738563
"1592","Windowpane",1997,0.00524273784597886
"1593","Windowpane",1998,0.00563774851924938
"1594","Windowpane",1999,0.000581777281523524
"1595","Windowpane",2000,0.00220166245500987
"1596","Windowpane",2001,0.000639590637632675
"1597","Windowpane",2002,0.000187319997439701
"1598","Windowpane",2003,0.00020380956007299
"1599","Windowpane",2004,0.000342353934580557
"1600","Windowpane",2005,0.000767894962814273
"1601","Windowpane",2006,0.000689795509260251
"1602","Windowpane",2007,0.00173354792530355
"1603","Windowpane",2008,0.000623313241296979
"1604","Windowpane",2009,0.000355432163569577
"1605","Windowpane",2010,1.03876795556956e-05
"1606","Windowpane",2011,1.04824737727849e-06
"1607","Windowpane",2012,3.56626988552845e-06
"1608","Windowpane",2013,7.82912554219239e-08
"1609","Windowpane",2014,2.84177585606391e-06
"1610","Windowpane",2015,2.81317445281289e-06
"1611","Windowpane",2017,1.74022226915938e-05
"1612","Windowpane",2018,4.04603430120716e-06
"1613","Windowpane",2019,2.95856467980211e-07
"1614","Windowpane",2020,0
"1615","Windowpane",2021,2.25286091371895e-07
"1616","Windowpane",2022,9.84327709516519e-08
"1617","WinterFlounder",1981,0.125293324290214
"1618","WinterFlounder",1982,0.0922071439063104
"1619","WinterFlounder",1983,0.0964811152180358
"1620","WinterFlounder",1984,0.0909174320705512
"1621","WinterFlounder",1985,0.0780958491430927
"1622","WinterFlounder",1986,0.0603184982769819
"1623","WinterFlounder",1987,0.0740413820004707
"1624","WinterFlounder",1988,0.0710595659125761
"1625","WinterFlounder",1989,0.0570433989955043
"1626","WinterFlounder",1990,0.0614875989922583
"1627","WinterFlounder",1991,0.0660452043793781
"1628","WinterFlounder",1992,0.0555824680631673
"1629","WinterFlounder",1993,0.0487698461332734
"1630","WinterFlounder",1994,0.0297621396461004
"1631","WinterFlounder",1995,0.0286288678926961
"1632","WinterFlounder",1996,0.0424463417629085
"1633","WinterFlounder",1997,0.0504416121502997
"1634","WinterFlounder",1998,0.0445928612761727
"1635","WinterFlounder",1999,0.0407294096663313
"1636","WinterFlounder",2000,0.051753760514254
"1637","WinterFlounder",2001,0.0693934424544985
"1638","WinterFlounder",2002,0.0597732462925072
"1639","WinterFlounder",2003,0.0623991433042293
"1640","WinterFlounder",2004,0.0551954888609265
"1641","WinterFlounder",2005,0.0415691032471563
"1642","WinterFlounder",2006,0.0226492566582594
"1643","WinterFlounder",2007,0.0213923745911647
"1644","WinterFlounder",2008,0.0212736498603961
"1645","WinterFlounder",2009,0.0250849798848872
"1646","WinterFlounder",2010,0.0206295995652672
"1647","WinterFlounder",2011,0.0275530462559858
"1648","WinterFlounder",2012,0.0286600023675205
"1649","WinterFlounder",2013,0.0296374819815582
"1650","WinterFlounder",2014,0.0212354224157463
"1651","WinterFlounder",2015,0.017836048784192
"1652","WinterFlounder",2016,0.0104093339286023
"1653","WinterFlounder",2017,0.00917383778052142
"1654","WinterFlounder",2018,0.00813411672942901
"1655","WinterFlounder",2019,0.00523285158888436
"1656","WinterFlounder",2020,0.00480115172982007
"1657","WinterFlounder",2021,0.00397875432239874
"1658","WinterFlounder",2022,0.00278786775841479
"1659","WinterSkate",1981,0.000850417037812976
"1660","WinterSkate",1982,0.00131024706299224
"1661","WinterSkate",1983,0.00269247211592859
"1662","WinterSkate",1984,0.00294294025551749
"1663","WinterSkate",1985,0.00271124301853153
"1664","WinterSkate",1986,0.00179966175483971
"1665","WinterSkate",1987,0.00482360937564742
"1666","WinterSkate",1988,0.00645250178171936
"1667","WinterSkate",1989,0.0156826785179178
"1668","WinterSkate",1990,0.0552120546770832
"1669","WinterSkate",1991,0.0486270684065176
"1670","WinterSkate",1992,0.05033061743065
"1671","WinterSkate",1993,0.0370247564469368
"1672","WinterSkate",1994,0.0456520792969543
"1673","WinterSkate",1995,0.0196365886546241
"1674","WinterSkate",1996,0.0674532009133671
"1675","WinterSkate",1997,0.0269995618962621
"1676","WinterSkate",1998,0.0467529100319058
"1677","WinterSkate",1999,0.0365553024091943
"1678","WinterSkate",2000,0.050429597261381
"1679","WinterSkate",2001,0.0601036857807895
"1680","WinterSkate",2002,0.0510768359082393
"1681","WinterSkate",2003,0.0709818679993509
"1682","WinterSkate",2004,0.0863178932321629
"1683","WinterSkate",2005,0.0654108871128417
"1684","WinterSkate",2006,0.0771424644230753
"1685","WinterSkate",2007,0.112407976689544
"1686","WinterSkate",2008,0.0981965702617189
"1687","WinterSkate",2009,0.08131856568569
"1688","WinterSkate",2010,0.0598146049927768
"1689","WinterSkate",2011,0.061230346297995
"1690","WinterSkate",2012,0.0528244441065446
"1691","WinterSkate",2013,0.0387653673631909
"1692","WinterSkate",2014,0.0663899601182328
"1693","WinterSkate",2015,0.0531178020089662
"1694","WinterSkate",2016,0.068468600164919
"1695","WinterSkate",2017,0.0728091878373674
"1696","WinterSkate",2018,0.0766666757830387
"1697","WinterSkate",2019,0.0595995040934531
"1698","WinterSkate",2020,0.0869708346708534
"1699","WinterSkate",2021,0.0392447757483995
"1700","WinterSkate",2022,0.0434167573327221
"1701","WitchFlounder",1981,0.00371797266573703
"1702","WitchFlounder",1982,0.00579218047839253
"1703","WitchFlounder",1983,0.0063270541053173
"1704","WitchFlounder",1984,0.00894284878089577
"1705","WitchFlounder",1985,0.0105879750966477
"1706","WitchFlounder",1986,0.00665609056572498
"1707","WitchFlounder",1987,0.00442792850158699
"1708","WitchFlounder",1988,0.00635752166372948
"1709","WitchFlounder",1989,0.00466839137582137
"1710","WitchFlounder",1990,0.00368874267023532
"1711","WitchFlounder",1991,0.00428314162545289
"1712","WitchFlounder",1992,0.00592266880557855
"1713","WitchFlounder",1993,0.00714037920825377
"1714","WitchFlounder",1994,0.00549604771961763
"1715","WitchFlounder",1995,0.00467997642424609
"1716","WitchFlounder",1996,0.00410444962604443
"1717","WitchFlounder",1997,0.00408765315065202
"1718","WitchFlounder",1998,0.00458773901629755
"1719","WitchFlounder",1999,0.00662398892861503
"1720","WitchFlounder",2000,0.00745801538868068
"1721","WitchFlounder",2001,0.0090027378810871
"1722","WitchFlounder",2002,0.00905847067005005
"1723","WitchFlounder",2003,0.00854212398527585
"1724","WitchFlounder",2004,0.00923002976413946
"1725","WitchFlounder",2005,0.00803489796173745
"1726","WitchFlounder",2006,0.00652541616030594
"1727","WitchFlounder",2007,0.0039860928499835
"1728","WitchFlounder",2008,0.00322325463021378
"1729","WitchFlounder",2009,0.00295408088557078
"1730","WitchFlounder",2010,0.00211169095348546
"1731","WitchFlounder",2011,0.00250500141947188
"1732","WitchFlounder",2012,0.00238073986103742
"1733","WitchFlounder",2013,0.00132981115209599
"1734","WitchFlounder",2014,0.00104791959248746
"1735","WitchFlounder",2015,0.000869660039600258
"1736","WitchFlounder",2016,0.000670672599961067
"1737","WitchFlounder",2017,0.000870793361391932
"1738","WitchFlounder",2018,0.000900464156020099
"1739","WitchFlounder",2019,0.00125522809723834
"1740","WitchFlounder",2020,0.00217966290899694
"1741","WitchFlounder",2021,0.00171017222022146
"1742","WitchFlounder",2022,0.00167829966768015
"1743","YTFlounder",1981,0.0830763820768729
"1744","YTFlounder",1982,0.116337001232811
"1745","YTFlounder",1983,0.143751428071023
"1746","YTFlounder",1984,0.0655260544512137
"1747","YTFlounder",1985,0.0545553839192267
"1748","YTFlounder",1986,0.0669746307173765
"1749","YTFlounder",1987,0.0539953668157709
"1750","YTFlounder",1988,0.0365358700573164
"1751","YTFlounder",1989,0.0354660990465362
"1752","YTFlounder",1990,0.106273142915565
"1753","YTFlounder",1991,0.0518673292126885
"1754","YTFlounder",1992,0.0529063673169163
"1755","YTFlounder",1993,0.0380556692101859
"1756","YTFlounder",1994,0.043824742647571
"1757","YTFlounder",1995,0.0146037050902955
"1758","YTFlounder",1996,0.0199570238180845
"1759","YTFlounder",1997,0.0272074490602389
"1760","YTFlounder",1998,0.044303023001827
"1761","YTFlounder",1999,0.060800590915382
"1762","YTFlounder",2000,0.0965563957779996
"1763","YTFlounder",2001,0.104964589502786
"1764","YTFlounder",2002,0.0825525420910198
"1765","YTFlounder",2003,0.0555172900481455
"1766","YTFlounder",2004,0.0965722467736771
"1767","YTFlounder",2005,0.0520927355713732
"1768","YTFlounder",2006,0.0203924746736175
"1769","YTFlounder",2007,0.0185126853752311
"1770","YTFlounder",2008,0.0148748852198561
"1771","YTFlounder",2009,0.0149346142516138
"1772","YTFlounder",2010,0.0116321891958902
"1773","YTFlounder",2011,0.0166765103046332
"1774","YTFlounder",2012,0.0101466250750718
"1775","YTFlounder",2013,0.00376984953409706
"1776","YTFlounder",2014,0.00273304989005145
"1777","YTFlounder",2015,0.00196299127998751
"1778","YTFlounder",2016,0.000760113912333138
"1779","YTFlounder",2017,0.000902963749384621
"1780","YTFlounder",2018,0.000578165990968396
"1781","YTFlounder",2019,8.60685769828443e-05
"1782","YTFlounder",2020,0.000106499371928729
"1783","YTFlounder",2021,8.2048085918847e-05
"1784","YTFlounder",2022,4.15382693957048e-05
